"variante","muestra_eval","exp_id","grupo","h","unidad","modelo_id","n_pares","rmse","mae","rmse_relativo","en_mcs","p_mcs","marca_tamano","marca_n","cobertura_80","cobertura_95","crps","identico_a"
"principal","completa","F5_G1","G1",1,"yoy_pp","BENCH.AR1",52,4.45634939702439,1.79587811051033,1.12517202314921,TRUE,0.7604,,"",0.865384615384615,0.923076923076923,1.58507848238881,
"principal","completa","F5_G1","G1",1,"yoy_pp","BENCH.ARP_BIC",52,4.5346954633317,1.98963546672615,1.14495341685941,TRUE,0.7604,,"",0.826923076923077,0.884615384615385,1.74708073377633,
"principal","completa","F5_G1","G1",1,"yoy_pp","BENCH.ETS",52,4.19835207017146,1.78912906556234,1.06003095175655,TRUE,0.7604,,"",0.846153846153846,0.903846153846154,1.53375692223948,
"principal","completa","F5_G1","G1",1,"yoy_pp","BENCH.MEDIA_CRECIMIENTO",52,5.30311581620283,2.30031755533533,1.33896986531078,TRUE,0.7604,,"",,,,
"principal","completa","F5_G1","G1",1,"yoy_pp","BENCH.RW_CON_DERIVA",52,3.91866603560245,1.59044820944267,0.989413755184682,TRUE,0.7604,,"",0.865384615384615,0.923076923076923,1.38558599882462,
"principal","completa","F5_G1","G1",1,"yoy_pp","BENCH.RW_SIN_DERIVA",52,3.96059385173092,1.77804253079587,1,TRUE,0.7604,,"",0.846153846153846,0.942307692307692,1.48153386156022,
"principal","completa","F5_G1","G1",1,"yoy_pp","COMB.ECM_INV.G1",52,4.03461147144145,1.67497533732253,1.01868851553112,TRUE,0.7604,,"",,,,
"principal","completa","F5_G1","G1",1,"yoy_pp","COMB.MEDIA.G1",52,4.09948997532545,1.70228902988437,1.03506951957061,TRUE,0.7604,,"",,,,
"principal","completa","F5_G1","G1",1,"yoy_pp","COMB.MEDIANA.G1",52,4.2861051390101,1.73864873965473,1.08218749497299,TRUE,0.7604,,"",,,,
"principal","completa","F5_G1","G1",1,"yoy_pp","COMB.RECORTADA.G1",52,4.18057270557365,1.71577074575263,1.05554188641347,TRUE,0.7604,,"",,,,
"principal","completa","F5_G1","G1",1,"yoy_pp","MIX.PUENTE.G1",52,3.17665716384759,1.37833261104931,0.802065872636568,TRUE,0.8778,,"",0.826923076923077,0.903846153846154,1.13379525906066,
"principal","completa","F5_G1","G1",1,"yoy_pp","MIX.UMIDAS.G1",52,3.16351246611516,1.41629337204738,0.798747002228616,TRUE,1,,"",0.75,0.923076923076923,1.24584209260956,
"principal","completa","F5_G1","G1",1,"yoy_pp","ML.LGBM.G1",52,4.0552060373338,1.6679329987327,1.0238883836982,TRUE,0.7604,,"",0.711538461538462,0.846153846153846,1.59872922540948,
"principal","completa","F5_G1","G1",1,"yoy_pp","ML.RF.G1",52,4.34431943107907,1.7258665573641,1.09688586957243,TRUE,0.7604,,"",0.711538461538462,0.846153846153846,1.6765875405085,
"principal","completa","F5_G1","G1",1,"yoy_pp","MULT.BVAR.G1",52,4.41239157315572,1.89658693413282,1.11407322698018,TRUE,0.7562,,"",0.807692307692308,0.903846153846154,1.57844028873326,
"principal","completa","F5_G1","G1",1,"yoy_pp","MULT.VAR_DIF.G1",52,4.68875354922606,1.84496560163243,1.18385114070126,TRUE,0.7604,,"",0.846153846153846,0.903846153846154,1.65218357787992,
"principal","completa","F5_G1","G1",1,"yoy_pp","MULT.VAR_NIV.G1",52,4.12491995435552,1.67725374024727,1.04149026857495,TRUE,0.7604,,"",0.846153846153846,0.884615384615385,1.49895654042566,
"principal","completa","F5_G1","G1",1,"yoy_pp","MULT.VECM.G1",52,4.68875354922606,1.84496560163243,1.18385114070126,TRUE,0.7604,,"",0.846153846153846,0.903846153846154,1.65218357787992,"MULT.VAR_DIF.G1"
"principal","completa","F5_G1","G1",1,"yoy_pp","REG.ENET.G1",52,4.83209152075202,1.878628743107,1.22004217085785,TRUE,0.728,,"",0.692307692307692,0.807692307692308,1.76192586180947,
"principal","completa","F5_G1","G1",1,"yoy_pp","REG.PCR.G1",52,4.10129404285698,1.71291305189338,1.035525023871,TRUE,0.7604,,"",0.711538461538462,0.846153846153846,1.61527737857797,
"principal","completa","F5_G1","G1",1,"yoy_pp","UNI.ARIMA",52,4.46927680226287,1.99233843477529,1.12843602994274,TRUE,0.7604,,"",0.846153846153846,0.903846153846154,1.69023053767094,
"principal","completa","F5_G1","G1",1,"yoy_pp","UNI.ARIMAX.G1",52,4.56739832091466,1.86830312118178,1.15321047597914,TRUE,0.7604,,"",0.788461538461538,0.884615384615385,1.64042931031919,
"principal","completa","F5_G1","G1",1,"yoy_pp","UNI.UC_LLT",52,4.39562167827262,1.83681353981819,1.10983904000951,TRUE,0.7604,,"",0.846153846153846,0.903846153846154,1.58831891746633,
"principal","completa","F5_G1","G1",2,"yoy_pp","BENCH.AR1",51,5.50107089510067,2.26979755155043,1.07484831580074,TRUE,0.8456,,"",0.882352941176471,0.901960784313726,2.02209528021549,
"principal","completa","F5_G1","G1",2,"yoy_pp","BENCH.ARP_BIC",51,5.47621738944108,2.46545201399897,1.069992216105,TRUE,0.7708,,"",0.843137254901961,0.862745098039216,2.21410618729889,
"principal","completa","F5_G1","G1",2,"yoy_pp","BENCH.ETS",51,5.41180957532415,2.35938201485107,1.05740764269227,TRUE,0.8312,,"",0.882352941176471,0.882352941176471,2.04191328701481,
"principal","completa","F5_G1","G1",2,"yoy_pp","BENCH.MEDIA_CRECIMIENTO",51,5.3735522396155,2.33456591255896,1.04993258308341,TRUE,0.8908,,"",,,,
"principal","completa","F5_G1","G1",2,"yoy_pp","BENCH.RW_CON_DERIVA",51,4.98494016346219,2.09243507929984,0.974002088181914,TRUE,0.8908,,"",0.882352941176471,0.901960784313726,1.87641046403907,
"principal","completa","F5_G1","G1",2,"yoy_pp","BENCH.RW_SIN_DERIVA",51,5.11799740878087,2.71320976767122,1,TRUE,0.8908,,"",0.901960784313726,0.92156862745098,2.12722658726944,
"principal","completa","F5_G1","G1",2,"yoy_pp","COMB.ECM_INV.G1",51,5.30918527639983,2.35172116835179,1.03735599148428,TRUE,0.8426,,"",,,,
"principal","completa","F5_G1","G1",2,"yoy_pp","COMB.MEDIA.G1",51,5.3069235816256,2.34256335356835,1.0369140813789,TRUE,0.8456,,"",,,,
"principal","completa","F5_G1","G1",2,"yoy_pp","COMB.MEDIANA.G1",51,5.20873788612122,2.27307714336424,1.01772968411134,TRUE,0.8688,,"",,,,
"principal","completa","F5_G1","G1",2,"yoy_pp","COMB.RECORTADA.G1",51,5.31502998043355,2.32451639347188,1.03849798190883,TRUE,0.8456,,"",,,,
"principal","completa","F5_G1","G1",2,"yoy_pp","MIX.PUENTE.G1",51,4.42598071885146,1.96448973009125,0.864787604475507,TRUE,1,,"",0.901960784313726,0.901960784313726,1.70245027120551,
"principal","completa","F5_G1","G1",2,"yoy_pp","MIX.UMIDAS.G1",51,4.83038394993412,2.19631610145587,0.943803516126583,TRUE,0.8908,,"",0.784313725490196,0.901960784313726,2.03329990660095,
"principal","completa","F5_G1","G1",2,"yoy_pp","ML.LGBM.G1",51,5.10016336132999,2.29074040759555,0.996515424681481,TRUE,0.8908,,"",0.686274509803922,0.882352941176471,2.1007358066506,
"principal","completa","F5_G1","G1",2,"yoy_pp","ML.RF.G1",51,5.06706124369674,2.31338156990369,0.990047637578569,TRUE,0.8908,,"",0.745098039215686,0.882352941176471,2.13673369565978,
"principal","completa","F5_G1","G1",2,"yoy_pp","MULT.BVAR.G1",51,5.82381420732714,2.53677281603505,1.13790878388006,TRUE,0.7042,,"",0.823529411764706,0.882352941176471,2.17166522983267,
"principal","completa","F5_G1","G1",2,"yoy_pp","MULT.VAR_DIF.G1",51,6.22082942867258,2.41930175388372,1.2154811602678,TRUE,0.7708,,"",0.862745098039216,0.901960784313726,2.2026756037268,
"principal","completa","F5_G1","G1",2,"yoy_pp","MULT.VAR_NIV.G1",51,5.22698872254504,2.3328536487743,1.02129569537827,TRUE,0.8688,,"",0.862745098039216,0.882352941176471,2.03943120181928,
"principal","completa","F5_G1","G1",2,"yoy_pp","MULT.VECM.G1",51,6.22082942867258,2.41930175388372,1.2154811602678,TRUE,0.7708,,"",0.862745098039216,0.901960784313726,2.2026756037268,"MULT.VAR_DIF.G1"
"principal","completa","F5_G1","G1",2,"yoy_pp","REG.ENET.G1",51,5.02103373336012,2.52073093060492,0.981054371920081,TRUE,0.8908,,"",0.745098039215686,0.882352941176471,2.09584265083308,
"principal","completa","F5_G1","G1",2,"yoy_pp","REG.PCR.G1",51,5.61032605496708,2.7351842294785,1.09619556378468,TRUE,0.7932,,"",0.686274509803922,0.882352941176471,2.3807944736025,
"principal","completa","F5_G1","G1",2,"yoy_pp","UNI.ARIMA",51,5.4732976280127,2.52494371657175,1.06942172706501,TRUE,0.7042,,"",0.843137254901961,0.882352941176471,2.16224882811299,
"principal","completa","F5_G1","G1",2,"yoy_pp","UNI.ARIMAX.G1",51,5.59173051521313,2.33018560039724,1.09256220130543,TRUE,0.8084,,"",0.843137254901961,0.882352941176471,2.07730908599449,
"principal","completa","F5_G1","G1",2,"yoy_pp","UNI.UC_LLT",51,5.83902078845878,2.44811898886382,1.14087998138508,TRUE,0.7932,,"",0.882352941176471,0.882352941176471,2.14339154508376,
"principal","completa","F5_G1","G1",4,"yoy_pp","BENCH.AR1",49,6.11004278412228,2.6000718275116,1.02295967543593,TRUE,0.7004,"distorsion_tamano_documentada","",0.877551020408163,0.897959183673469,2.37036078106988,
"principal","completa","F5_G1","G1",4,"yoy_pp","BENCH.ARP_BIC",49,5.8963598415128,2.7034805271945,0.987184306696125,TRUE,0.7004,"distorsion_tamano_documentada","",0.836734693877551,0.877551020408163,2.49600546668767,
"principal","completa","F5_G1","G1",4,"yoy_pp","BENCH.ETS",49,6.24733755123598,2.74272445967666,1.04594593189402,TRUE,0.6956,"distorsion_tamano_documentada","",0.857142857142857,0.877551020408163,2.42120385538429,
"principal","completa","F5_G1","G1",4,"yoy_pp","BENCH.MEDIA_CRECIMIENTO",49,5.47733968425853,2.41223169734201,0.917030833273676,TRUE,0.7004,"distorsion_tamano_documentada","",,,,
"principal","completa","F5_G1","G1",4,"yoy_pp","BENCH.RW_CON_DERIVA",49,5.52656049697813,2.41439182085007,0.925271513148322,TRUE,0.7004,"distorsion_tamano_documentada","",0.877551020408163,0.918367346938776,2.2332518280859,
"principal","completa","F5_G1","G1",4,"yoy_pp","BENCH.RW_SIN_DERIVA",49,5.97290678297606,3.86595365233953,1,TRUE,0.7004,"distorsion_tamano_documentada","",0.897959183673469,0.918367346938776,2.79890532883544,
"principal","completa","F5_G1","G1",4,"yoy_pp","COMB.ECM_INV.G1",49,5.92329082102938,2.72431184400118,0.991693163186793,TRUE,0.7004,"distorsion_tamano_documentada","",,,,
"principal","completa","F5_G1","G1",4,"yoy_pp","COMB.MEDIA.G1",49,5.91802654183867,2.70371705130374,0.990811803510176,TRUE,0.7004,"distorsion_tamano_documentada","",,,,
"principal","completa","F5_G1","G1",4,"yoy_pp","COMB.MEDIANA.G1",49,5.81003385526987,2.63751360519217,0.972731379607261,TRUE,0.7004,"distorsion_tamano_documentada","",,,,
"principal","completa","F5_G1","G1",4,"yoy_pp","COMB.RECORTADA.G1",49,5.94380971497137,2.6839058219079,0.995128491191655,TRUE,0.7004,"distorsion_tamano_documentada","",,,,
"principal","completa","F5_G1","G1",4,"yoy_pp","MIX.PUENTE.G1",49,4.85862903604892,2.41525803953122,0.813444644724234,TRUE,1,"distorsion_tamano_documentada","",0.857142857142857,0.897959183673469,2.08624723299757,
"principal","completa","F5_G1","G1",4,"yoy_pp","MIX.UMIDAS.G1",49,5.21691619429716,2.66945418123865,0.873430037308866,TRUE,0.7004,"distorsion_tamano_documentada","",0.73469387755102,0.836734693877551,2.43412927446264,
"principal","completa","F5_G1","G1",4,"yoy_pp","ML.LGBM.G1",49,5.59343498325233,2.65399637664341,0.936467818181041,TRUE,0.7004,"distorsion_tamano_documentada","",0.755102040816326,0.857142857142857,2.52793299869598,
"principal","completa","F5_G1","G1",4,"yoy_pp","ML.RF.G1",49,5.73069780525233,2.81462058526729,0.9594487263029,TRUE,0.7004,"distorsion_tamano_documentada","",0.795918367346939,0.897959183673469,2.58520631311896,
"principal","completa","F5_G1","G1",4,"yoy_pp","MULT.BVAR.G1",49,6.7025292165569,2.90225005637527,1.12215533576724,TRUE,0.6956,"distorsion_tamano_documentada","",0.836734693877551,0.877551020408163,2.46879521039041,
"principal","completa","F5_G1","G1",4,"yoy_pp","MULT.VAR_DIF.G1",49,7.13509448764457,2.88136274482516,1.19457656831025,TRUE,0.6956,"distorsion_tamano_documentada","",0.857142857142857,0.897959183673469,2.56812687164436,
"principal","completa","F5_G1","G1",4,"yoy_pp","MULT.VAR_NIV.G1",49,5.9321570745649,3.07891370039294,0.993177575024727,TRUE,0.6956,"distorsion_tamano_documentada","",0.795918367346939,0.877551020408163,2.53237597975767,
"principal","completa","F5_G1","G1",4,"yoy_pp","MULT.VECM.G1",49,7.13509448764457,2.88136274482516,1.19457656831025,TRUE,0.6956,"distorsion_tamano_documentada","",0.857142857142857,0.897959183673469,2.56812687164436,"MULT.VAR_DIF.G1"
"principal","completa","F5_G1","G1",4,"yoy_pp","REG.ENET.G1",49,4.95309943025156,2.6676808745714,0.829261130337553,TRUE,0.7004,"distorsion_tamano_documentada","",0.857142857142857,0.877551020408163,2.21752409951669,
"principal","completa","F5_G1","G1",4,"yoy_pp","REG.PCR.G1",49,5.62082223461431,2.66637287987881,0.941053064922215,TRUE,0.7004,"distorsion_tamano_documentada","",0.775510204081633,0.877551020408163,2.49849299560509,
"principal","completa","F5_G1","G1",4,"yoy_pp","UNI.ARIMA",49,6.05573649858057,2.86236517205833,1.01386757212428,TRUE,0.6956,"distorsion_tamano_documentada","",0.836734693877551,0.877551020408163,2.45543922530329,
"principal","completa","F5_G1","G1",4,"yoy_pp","UNI.ARIMAX.G1",49,6.18067105882935,2.70398147188231,1.0347844497499,TRUE,0.7004,"distorsion_tamano_documentada","",0.857142857142857,0.877551020408163,2.36723384465681,
"principal","completa","F5_G1","G1",4,"yoy_pp","UNI.UC_LLT",49,7.22523103440854,2.93855165819221,1.20966746961494,TRUE,0.6956,"distorsion_tamano_documentada","",0.857142857142857,0.877551020408163,2.62176269404321,
"principal","completa","F5_G1","G1",8,"yoy_pp","BENCH.AR1",45,5.65736630656437,2.49835403598698,0.912837889400437,TRUE,0.9468,"distorsion_tamano_documentada","",0.844444444444444,0.888888888888889,2.33584026389868,
"principal","completa","F5_G1","G1",8,"yoy_pp","BENCH.ARP_BIC",45,5.65412035471337,2.46737232709072,0.912314142540821,TRUE,1,"distorsion_tamano_documentada","",0.844444444444444,0.888888888888889,2.35114006633772,
"principal","completa","F5_G1","G1",8,"yoy_pp","BENCH.ETS",45,5.74549151417541,2.66779330493941,0.927057231786892,TRUE,0.7968,"distorsion_tamano_documentada","",0.844444444444444,0.888888888888889,2.38038242591618,
"principal","completa","F5_G1","G1",8,"yoy_pp","BENCH.MEDIA_CRECIMIENTO",45,5.65584802434655,2.47156865099064,0.912592908704451,TRUE,0.9468,"distorsion_tamano_documentada","",,,,
"principal","completa","F5_G1","G1",8,"yoy_pp","BENCH.RW_CON_DERIVA",45,5.65580103611082,2.48095034946757,0.912585326971255,TRUE,0.9468,"distorsion_tamano_documentada","",0.844444444444444,0.888888888888889,2.37731238132536,
"principal","completa","F5_G1","G1",8,"yoy_pp","BENCH.RW_SIN_DERIVA",45,6.19755859419924,4.05598611863954,1,TRUE,0.2624,"distorsion_tamano_documentada","",0.866666666666667,0.888888888888889,3.02043989927335,
"principal","completa","F5_G1","G1",8,"yoy_pp","COMB.ECM_INV.G1",45,5.67396736118642,2.5914743867011,0.915516533639087,TRUE,0.9468,"distorsion_tamano_documentada","",,,,
"principal","completa","F5_G1","G1",8,"yoy_pp","COMB.MEDIA.G1",45,5.67237664081005,2.60162132996812,0.915259864766628,TRUE,0.9468,"distorsion_tamano_documentada","",,,,
"principal","completa","F5_G1","G1",8,"yoy_pp","COMB.MEDIANA.G1",45,5.67000724393625,2.60216369945476,0.914877553435837,TRUE,0.9468,"distorsion_tamano_documentada","",,,,
"principal","completa","F5_G1","G1",8,"yoy_pp","COMB.RECORTADA.G1",45,5.66813086699251,2.5987495524263,0.914574792773681,TRUE,0.9468,"distorsion_tamano_documentada","",,,,
"principal","completa","F5_G1","G1",8,"yoy_pp","MIX.PUENTE.G1",45,5.66318034953054,2.5431072566966,0.913776007673593,TRUE,0.9468,"distorsion_tamano_documentada","",0.844444444444444,0.866666666666667,2.40483258166025,
"principal","completa","F5_G1","G1",8,"yoy_pp","MIX.UMIDAS.G1",45,5.72058278460361,2.75732092980993,0.923038112129821,TRUE,0.855,"distorsion_tamano_documentada","",0.8,0.844444444444444,2.90020666581267,
"principal","completa","F5_G1","G1",8,"yoy_pp","ML.LGBM.G1",45,5.69597484364174,2.7734999265755,0.91906752587592,TRUE,0.9468,"distorsion_tamano_documentada","",0.8,0.844444444444444,2.8699916644001,
"principal","completa","F5_G1","G1",8,"yoy_pp","ML.RF.G1",45,5.67295966943579,2.64907383808395,0.915353938685717,TRUE,0.9468,"distorsion_tamano_documentada","",0.8,0.844444444444444,2.84099740068725,
"principal","completa","F5_G1","G1",8,"yoy_pp","MULT.BVAR.G1",45,5.7414705445866,2.71303643096946,0.926408432823931,TRUE,0.749,"distorsion_tamano_documentada","",0.822222222222222,0.866666666666667,2.41477393986785,
"principal","completa","F5_G1","G1",8,"yoy_pp","MULT.VAR_DIF.G1",45,5.67645045111987,2.58557937615846,0.915917189783875,TRUE,0.9206,"distorsion_tamano_documentada","",0.844444444444444,0.888888888888889,2.37039035306661,
"principal","completa","F5_G1","G1",8,"yoy_pp","MULT.VAR_NIV.G1",45,5.88257512253957,3.39838639250324,0.949176201100465,TRUE,0.5248,"distorsion_tamano_documentada","",0.777777777777778,0.888888888888889,2.71302697770499,
"principal","completa","F5_G1","G1",8,"yoy_pp","MULT.VECM.G1",45,5.67645045111987,2.58557937615846,0.915917189783875,TRUE,0.9206,"distorsion_tamano_documentada","",0.844444444444444,0.888888888888889,2.37039035306661,"MULT.VAR_DIF.G1"
"principal","completa","F5_G1","G1",8,"yoy_pp","REG.ENET.G1",45,5.76134384199617,2.73622977190008,0.92961506606628,TRUE,0.855,"distorsion_tamano_documentada","",0.8,0.822222222222222,2.8551198595228,
"principal","completa","F5_G1","G1",8,"yoy_pp","REG.PCR.G1",45,5.68115370907316,2.65593399795733,0.916676078607887,TRUE,0.9298,"distorsion_tamano_documentada","",0.822222222222222,0.822222222222222,2.87143077910826,
"principal","completa","F5_G1","G1",8,"yoy_pp","UNI.ARIMA",45,5.67444650035543,2.53248891366597,0.915593844593349,TRUE,0.9468,"distorsion_tamano_documentada","",0.844444444444444,0.888888888888889,2.30311355579003,
"principal","completa","F5_G1","G1",8,"yoy_pp","UNI.ARIMAX.G1",45,5.67820876657403,2.5987103700568,0.916200900769006,TRUE,0.9298,"distorsion_tamano_documentada","",0.822222222222222,0.866666666666667,2.35881049936893,
"principal","completa","F5_G1","G1",8,"yoy_pp","UNI.UC_LLT",45,6.13304076732105,2.88237406656995,0.989589799612613,TRUE,0.628,"distorsion_tamano_documentada","",0.822222222222222,0.866666666666667,2.56006284520762,
"principal","completa","F5_G2","G2",1,"yoy_pp","BENCH.AR1",45,4.77355880766317,1.94584232308108,1.12666708729142,TRUE,0.7038,,"",0.866666666666667,0.911111111111111,1.74056478248394,
"principal","completa","F5_G2","G2",1,"yoy_pp","BENCH.ARP_BIC",45,4.85806731527566,2.1678008596532,1.14661299305261,TRUE,0.7038,,"",0.822222222222222,0.866666666666667,1.92762018735065,
"principal","completa","F5_G2","G2",1,"yoy_pp","BENCH.ETS",45,4.49492387210962,1.93865707139554,1.06090298467813,TRUE,0.7038,,"",0.844444444444444,0.888888888888889,1.6809619498459,
"principal","completa","F5_G2","G2",1,"yoy_pp","BENCH.MEDIA_CRECIMIENTO",45,5.6762050388607,2.48031150363356,1.33971187025823,TRUE,0.7038,,"",,,,
"principal","completa","F5_G2","G2",1,"yoy_pp","BENCH.RW_CON_DERIVA",45,4.19323741428912,1.70651780679228,0.989698205098954,TRUE,0.7038,,"",0.866666666666667,0.911111111111111,1.50989293807311,
"principal","completa","F5_G2","G2",1,"yoy_pp","BENCH.RW_SIN_DERIVA",45,4.23688493389747,1.9392924809181,1,TRUE,0.7038,,"",0.844444444444444,0.933333333333333,1.61978220016912,
"principal","completa","F5_G2","G2",1,"yoy_pp","COMB.ECM_INV.G2",45,4.00858476257607,1.70561933093165,0.946116032206854,TRUE,0.7038,,"",,,,
"principal","completa","F5_G2","G2",1,"yoy_pp","COMB.MEDIA.G2",45,4.49671303700625,1.90370563198231,1.06132526777634,TRUE,0.7038,,"",,,,
"principal","completa","F5_G2","G2",1,"yoy_pp","COMB.MEDIANA.G2",45,4.71718816364176,1.93398463643645,1.11336234928204,TRUE,0.7038,,"",,,,
"principal","completa","F5_G2","G2",1,"yoy_pp","COMB.RECORTADA.G2",45,4.65966807466199,1.93774989032244,1.09978631644726,TRUE,0.7038,,"",,,,
"principal","completa","F5_G2","G2",1,"yoy_pp","MIX.PUENTE.G2",45,1.883861307222,1.096108849749,0.444633577879363,TRUE,1,,"",0.8,0.933333333333333,0.84751973637122,
"principal","completa","F5_G2","G2",1,"yoy_pp","MIX.UMIDAS.G2",45,3.75931546240014,1.75805612447074,0.887282879061335,TRUE,0.7038,,"",0.8,0.888888888888889,1.58342001737275,
"principal","completa","F5_G2","G2",1,"yoy_pp","ML.LGBM.G2",45,4.32891357874493,1.91721131854553,1.02172082704234,TRUE,0.7038,,"",0.755555555555556,0.866666666666667,1.75731376175878,
"principal","completa","F5_G2","G2",1,"yoy_pp","ML.RF.G2",45,4.62698895847319,1.87363528489961,1.09207331109105,TRUE,0.7038,,"",0.822222222222222,0.866666666666667,1.85059013281855,
"principal","completa","F5_G2","G2",1,"yoy_pp","MULT.BVAR.G2",45,5.09765302475362,2.20111519207626,1.20316060131101,TRUE,0.6942,,"",0.844444444444444,0.933333333333333,1.84494878249068,
"principal","completa","F5_G2","G2",1,"yoy_pp","MULT.VAR_DIF.G2",45,5.08716962400243,2.10818175724623,1.20068628328851,TRUE,0.7038,,"",0.844444444444444,0.911111111111111,1.85577452884671,
"principal","completa","F5_G2","G2",1,"yoy_pp","REG.ENET.G2",45,4.69203313694443,1.96630115732469,1.10742519802828,TRUE,0.7038,,"",0.755555555555556,0.844444444444444,1.82988991646518,
"principal","completa","F5_G2","G2",1,"yoy_pp","REG.PCR.G2",45,5.36313670065839,2.2008442316359,1.26582071128491,TRUE,0.7038,,"",0.755555555555556,0.844444444444444,2.01625077014121,
"principal","completa","F5_G2","G2",1,"yoy_pp","UNI.ARIMA",45,4.78750077614869,2.1709242893988,1.12995770497471,TRUE,0.7038,,"",0.844444444444444,0.888888888888889,1.86192329753788,
"principal","completa","F5_G2","G2",1,"yoy_pp","UNI.ARIMAX.G2",45,5.40439110549543,2.31884453069457,1.2755576773533,TRUE,0.5926,,"",0.8,0.866666666666667,2.10321253142547,
"principal","completa","F5_G2","G2",1,"yoy_pp","UNI.ARIMAX_IVAE.G2",45,5.72046833639689,2.48924896646944,1.35015900257992,TRUE,0.574,,"",0.822222222222222,0.866666666666667,2.2343841713598,
"principal","completa","F5_G2","G2",1,"yoy_pp","UNI.UC_LLT",45,4.70818406073207,1.99819337528147,1.11123717877348,TRUE,0.7038,,"",0.844444444444444,0.888888888888889,1.74519797890808,
"principal","completa","F5_G2","G2",2,"yoy_pp","BENCH.AR1",44,5.89971722487995,2.45536106616635,1.07869106949645,TRUE,0.831,,"",0.886363636363636,0.886363636363636,2.2235178277145,
"principal","completa","F5_G2","G2",2,"yoy_pp","BENCH.ARP_BIC",44,5.87235436298483,2.67848299958837,1.07368810517849,TRUE,0.8092,,"",0.840909090909091,0.840909090909091,2.44454959986011,
"principal","completa","F5_G2","G2",2,"yoy_pp","BENCH.ETS",44,5.80142152133585,2.55117359992576,1.06071890345166,TRUE,0.831,,"",0.863636363636364,0.863636363636364,2.24158178412736,
"principal","completa","F5_G2","G2",2,"yoy_pp","BENCH.MEDIA_CRECIMIENTO",44,5.76275411691418,2.53829739940332,1.05364904192433,TRUE,0.831,,"",,,,
"principal","completa","F5_G2","G2",2,"yoy_pp","BENCH.RW_CON_DERIVA",44,5.34112318375398,2.24612246164164,0.976558987454371,TRUE,0.831,,"",0.886363636363636,0.886363636363636,2.05312955699077,
"principal","completa","F5_G2","G2",2,"yoy_pp","BENCH.RW_SIN_DERIVA",44,5.46932981250509,2.91112988598903,1,TRUE,0.831,,"",0.909090909090909,0.909090909090909,2.31070011371545,
"principal","completa","F5_G2","G2",2,"yoy_pp","COMB.ECM_INV.G2",44,5.93543205699684,2.54145599900991,1.0852210893236,TRUE,0.8212,,"",,,,
"principal","completa","F5_G2","G2",2,"yoy_pp","COMB.MEDIA.G2",44,5.97975037669402,2.5787986054455,1.09332415152985,TRUE,0.8212,,"",,,,
"principal","completa","F5_G2","G2",2,"yoy_pp","COMB.MEDIANA.G2",44,5.60811304639651,2.46540626092756,1.02537481531542,TRUE,0.831,,"",,,,
"principal","completa","F5_G2","G2",2,"yoy_pp","COMB.RECORTADA.G2",44,6.01936429697374,2.59054918713768,1.10056707189445,TRUE,0.8212,,"",,,,
"principal","completa","F5_G2","G2",2,"yoy_pp","MIX.PUENTE.G2",44,4.24061643237761,1.78184519797724,0.775344800505878,TRUE,1,,"",0.909090909090909,0.931818181818182,1.61261723688664,
"principal","completa","F5_G2","G2",2,"yoy_pp","MIX.UMIDAS.G2",44,5.33085129716011,2.83236783247503,0.974680898740397,TRUE,0.831,,"",0.840909090909091,0.886363636363636,2.41981812254845,
"principal","completa","F5_G2","G2",2,"yoy_pp","ML.LGBM.G2",44,5.44556466614214,2.45477202316095,0.995654833923415,TRUE,0.831,,"",0.795454545454545,0.909090909090909,2.33522355305848,
"principal","completa","F5_G2","G2",2,"yoy_pp","ML.RF.G2",44,5.62315350842495,2.65246263627277,1.02812477967011,TRUE,0.8212,,"",0.795454545454545,0.909090909090909,2.44526469276168,
"principal","completa","F5_G2","G2",2,"yoy_pp","MULT.BVAR.G2",44,7.21950286617871,3.11495835153518,1.31999771702778,TRUE,0.6706,,"",0.840909090909091,0.863636363636364,2.63993284706698,
"principal","completa","F5_G2","G2",2,"yoy_pp","MULT.VAR_DIF.G2",44,7.57408049270354,2.94084506971745,1.38482789525439,TRUE,0.7392,,"",0.863636363636364,0.863636363636364,2.72456353149862,
"principal","completa","F5_G2","G2",2,"yoy_pp","REG.ENET.G2",44,5.64516367485619,2.59774071600496,1.03214906915086,TRUE,0.831,,"",0.840909090909091,0.909090909090909,2.38031214629803,
"principal","completa","F5_G2","G2",2,"yoy_pp","REG.PCR.G2",44,5.95509341056794,2.80622783626171,1.08881592712734,TRUE,0.8212,,"",0.818181818181818,0.886363636363636,2.5592564686466,
"principal","completa","F5_G2","G2",2,"yoy_pp","UNI.ARIMA",44,5.86919838317065,2.74743929120684,1.07311107290537,TRUE,0.7392,,"",0.840909090909091,0.863636363636364,2.38443404126809,
"principal","completa","F5_G2","G2",2,"yoy_pp","UNI.ARIMAX.G2",44,7.22746602517617,2.92667366276455,1.32145368316449,TRUE,0.7142,,"",0.840909090909091,0.840909090909091,2.76436653995196,
"principal","completa","F5_G2","G2",2,"yoy_pp","UNI.ARIMAX_IVAE.G2",44,7.60091782856992,3.12623010874963,1.38973477357156,TRUE,0.6706,,"",0.840909090909091,0.840909090909091,2.91141298978837,
"principal","completa","F5_G2","G2",2,"yoy_pp","UNI.UC_LLT",44,6.264227294327,2.66102598367004,1.14533727331719,TRUE,0.8098,,"",0.863636363636364,0.863636363636364,2.36177046183252,
"principal","completa","F5_G2","G2",4,"yoy_pp","BENCH.AR1",42,6.57689655749428,2.84382321525305,1.02947865635751,TRUE,0.7374,"distorsion_tamano_documentada","",0.857142857142857,0.880952380952381,2.62782723047336,
"principal","completa","F5_G2","G2",4,"yoy_pp","BENCH.ARP_BIC",42,6.34366886400133,2.9596270768078,0.992971630524954,TRUE,0.7374,"distorsion_tamano_documentada","",0.80952380952381,0.857142857142857,2.7687432329304,
"principal","completa","F5_G2","G2",4,"yoy_pp","BENCH.ETS",42,6.72527316834382,2.99267389307058,1.05270398043505,TRUE,0.7374,"distorsion_tamano_documentada","",0.833333333333333,0.857142857142857,2.68394381568961,
"principal","completa","F5_G2","G2",4,"yoy_pp","BENCH.MEDIA_CRECIMIENTO",42,5.89098748900122,2.62453145389185,0.922113618753101,TRUE,0.7374,"distorsion_tamano_documentada","",,,,
"principal","completa","F5_G2","G2",4,"yoy_pp","BENCH.RW_CON_DERIVA",42,5.9425512024113,2.62235691940596,0.930184863592391,TRUE,0.7374,"distorsion_tamano_documentada","",0.857142857142857,0.904761904761905,2.46219732122833,
"principal","completa","F5_G2","G2",4,"yoy_pp","BENCH.RW_SIN_DERIVA",42,6.38857009504655,4.1996248685852,1,TRUE,0.7374,"distorsion_tamano_documentada","",0.880952380952381,0.904761904761905,3.05099743051026,
"principal","completa","F5_G2","G2",4,"yoy_pp","COMB.ECM_INV.G2",42,7.1219982992683,3.13461465600626,1.11480318652063,TRUE,0.7374,"distorsion_tamano_documentada","",,,,
"principal","completa","F5_G2","G2",4,"yoy_pp","COMB.MEDIA.G2",42,7.12450103014994,3.13252800406039,1.11519493785847,TRUE,0.7374,"distorsion_tamano_documentada","",,,,
"principal","completa","F5_G2","G2",4,"yoy_pp","COMB.MEDIANA.G2",42,6.41193186393215,2.96053008990946,1.00365680716311,TRUE,0.7374,"distorsion_tamano_documentada","",,,,
"principal","completa","F5_G2","G2",4,"yoy_pp","COMB.RECORTADA.G2",42,7.12283327623376,3.11895226041869,1.11493388508902,TRUE,0.678,"distorsion_tamano_documentada","",,,,
"principal","completa","F5_G2","G2",4,"yoy_pp","MIX.PUENTE.G2",42,5.31794078314851,2.54919851208976,0.832414875947254,TRUE,1,"distorsion_tamano_documentada","",0.857142857142857,0.880952380952381,2.47721120835792,
"principal","completa","F5_G2","G2",4,"yoy_pp","MIX.UMIDAS.G2",42,6.05515808988433,3.07659673372146,0.947811168978057,TRUE,0.7374,"distorsion_tamano_documentada","",0.80952380952381,0.833333333333333,2.83073274139649,
"principal","completa","F5_G2","G2",4,"yoy_pp","ML.LGBM.G2",42,6.33508539516004,2.96967334310119,0.991628064012637,TRUE,0.7374,"distorsion_tamano_documentada","",0.738095238095238,0.833333333333333,2.94134950020808,
"principal","completa","F5_G2","G2",4,"yoy_pp","ML.RF.G2",42,6.56148694207633,3.43295262212597,1.02706659619558,TRUE,0.6382,"distorsion_tamano_documentada","",0.785714285714286,0.857142857142857,3.1012905023702,
"principal","completa","F5_G2","G2",4,"yoy_pp","MULT.BVAR.G2",42,9.29727873841829,3.88884380714036,1.45529885406236,TRUE,0.5364,"distorsion_tamano_documentada","",0.833333333333333,0.880952380952381,3.14586229789774,
"principal","completa","F5_G2","G2",4,"yoy_pp","MULT.VAR_DIF.G2",42,9.68485395225603,3.59890734895545,1.51596582774685,TRUE,0.6382,"distorsion_tamano_documentada","",0.857142857142857,0.880952380952381,3.25175248557754,
"principal","completa","F5_G2","G2",4,"yoy_pp","REG.ENET.G2",42,6.39933913241597,3.29249501832624,1.00168567256979,TRUE,0.7374,"distorsion_tamano_documentada","",0.761904761904762,0.857142857142857,2.87028265676673,
"principal","completa","F5_G2","G2",4,"yoy_pp","REG.PCR.G2",42,6.16703164366374,2.83028021075009,0.965322685970905,TRUE,0.7374,"distorsion_tamano_documentada","",0.785714285714286,0.857142857142857,2.84584198034674,
"principal","completa","F5_G2","G2",4,"yoy_pp","UNI.ARIMA",42,6.51647916252904,3.14499249581565,1.02002154873149,TRUE,0.7374,"distorsion_tamano_documentada","",0.80952380952381,0.857142857142857,2.7213877578523,
"principal","completa","F5_G2","G2",4,"yoy_pp","UNI.ARIMAX.G2",42,8.64525345491884,3.48439544664805,1.35323763006405,TRUE,0.5524,"distorsion_tamano_documentada","",0.80952380952381,0.857142857142857,3.25878979914771,
"principal","completa","F5_G2","G2",4,"yoy_pp","UNI.ARIMAX_IVAE.G2",42,9.00967319197962,3.63050718542061,1.4102800873963,TRUE,0.5364,"distorsion_tamano_documentada","",0.80952380952381,0.857142857142857,3.41622772879061,
"principal","completa","F5_G2","G2",4,"yoy_pp","UNI.UC_LLT",42,7.78682244797937,3.2350220338489,1.21886781112678,TRUE,0.5838,"distorsion_tamano_documentada","",0.833333333333333,0.857142857142857,2.92337340377176,
"principal","completa","F5_G2","G2",8,"yoy_pp","BENCH.AR1",38,6.14544431403453,2.82140344827252,0.923023249459791,TRUE,0.8578,"distorsion_tamano_documentada","",0.815789473684211,0.868421052631579,2.64592873588578,
"principal","completa","F5_G2","G2",8,"yoy_pp","BENCH.ARP_BIC",38,6.14151985438514,2.78300940597674,0.92243380998026,TRUE,1,"distorsion_tamano_documentada","",0.815789473684211,0.868421052631579,2.65907713240566,
"principal","completa","F5_G2","G2",8,"yoy_pp","BENCH.ETS",38,6.24165014925004,3.02097505797569,0.937473013886884,TRUE,0.7788,"distorsion_tamano_documentada","",0.815789473684211,0.868421052631579,2.6960080594115,
"principal","completa","F5_G2","G2",8,"yoy_pp","BENCH.MEDIA_CRECIMIENTO",38,6.14362472206633,2.78729512528778,0.922749953404152,TRUE,0.915,"distorsion_tamano_documentada","",,,,
"principal","completa","F5_G2","G2",8,"yoy_pp","BENCH.RW_CON_DERIVA",38,6.14335218255993,2.79908864300195,0.922709018967527,TRUE,0.915,"distorsion_tamano_documentada","",0.815789473684211,0.868421052631579,2.69007066331207,
"principal","completa","F5_G2","G2",8,"yoy_pp","BENCH.RW_SIN_DERIVA",38,6.65795180959008,4.36906983698394,1,TRUE,0.7078,"distorsion_tamano_documentada","",0.842105263157895,0.868421052631579,3.30460087481131,
"principal","completa","F5_G2","G2",8,"yoy_pp","COMB.ECM_INV.G2",38,6.20100762452468,2.99312956185872,0.931368655386298,TRUE,0.7788,"distorsion_tamano_documentada","",,,,
"principal","completa","F5_G2","G2",8,"yoy_pp","COMB.MEDIA.G2",38,6.2122661190441,2.99804996570085,0.933059640067684,TRUE,0.7788,"distorsion_tamano_documentada","",,,,
"principal","completa","F5_G2","G2",8,"yoy_pp","COMB.MEDIANA.G2",38,6.16602339388553,2.91648744026248,0.926114151953462,TRUE,0.8108,"distorsion_tamano_documentada","",,,,
"principal","completa","F5_G2","G2",8,"yoy_pp","COMB.RECORTADA.G2",38,6.18191098265437,2.96937575505168,0.928500409653008,TRUE,0.8108,"distorsion_tamano_documentada","",,,,
"principal","completa","F5_G2","G2",8,"yoy_pp","MIX.PUENTE.G2",38,6.16132831451697,2.90801195162024,0.925408968211849,TRUE,0.8108,"distorsion_tamano_documentada","",0.842105263157895,0.868421052631579,2.90091883770968,
"principal","completa","F5_G2","G2",8,"yoy_pp","MIX.UMIDAS.G2",38,6.31730802678488,3.28074893524449,0.948836550256412,TRUE,0.7788,"distorsion_tamano_documentada","",0.736842105263158,0.736842105263158,3.54665248939789,
"principal","completa","F5_G2","G2",8,"yoy_pp","ML.LGBM.G2",38,6.28150828724749,3.09881435512959,0.94345956037105,TRUE,0.7192,"distorsion_tamano_documentada","",0.763157894736842,0.815789473684211,3.29814824327719,
"principal","completa","F5_G2","G2",8,"yoy_pp","ML.RF.G2",38,6.35644053343033,3.26445688103622,0.954714109566632,TRUE,0.7788,"distorsion_tamano_documentada","",0.789473684210526,0.815789473684211,3.34514836197368,
"principal","completa","F5_G2","G2",8,"yoy_pp","MULT.BVAR.G2",38,7.25364024198493,3.63796943692609,1.08947022288999,TRUE,0.7078,"distorsion_tamano_documentada","",0.842105263157895,0.868421052631579,3.23292494100576,
"principal","completa","F5_G2","G2",8,"yoy_pp","MULT.VAR_DIF.G2",38,6.50806180940451,3.25321270493345,0.977487070427625,TRUE,0.7192,"distorsion_tamano_documentada","",0.815789473684211,0.842105263157895,2.92053976598215,
"principal","completa","F5_G2","G2",8,"yoy_pp","REG.ENET.G2",38,6.34866378388841,3.43710330636584,0.953546070240976,TRUE,0.7788,"distorsion_tamano_documentada","",0.763157894736842,0.815789473684211,3.43627493541455,
"principal","completa","F5_G2","G2",8,"yoy_pp","REG.PCR.G2",38,6.8132485052085,3.72552557242835,1.023324995443,TRUE,0.7192,"distorsion_tamano_documentada","",0.789473684210526,0.789473684210526,3.56123937667678,
"principal","completa","F5_G2","G2",8,"yoy_pp","UNI.ARIMA",38,6.16367987983303,2.86012115323719,0.925762164717819,TRUE,0.8108,"distorsion_tamano_documentada","",0.815789473684211,0.868421052631579,2.60215557451891,
"principal","completa","F5_G2","G2",8,"yoy_pp","UNI.ARIMAX.G2",38,6.23210821446755,3.013776747713,0.936039850197002,TRUE,0.7788,"distorsion_tamano_documentada","",0.815789473684211,0.868421052631579,2.82362369109917,
"principal","completa","F5_G2","G2",8,"yoy_pp","UNI.ARIMAX_IVAE.G2",38,6.24488297769433,3.04506422399223,0.937958572890124,TRUE,0.7788,"distorsion_tamano_documentada","",0.815789473684211,0.868421052631579,2.87612576194697,
"principal","completa","F5_G2","G2",8,"yoy_pp","UNI.UC_LLT",38,6.66459102620002,3.27546608255531,1.00099718604157,TRUE,0.7192,"distorsion_tamano_documentada","",0.789473684210526,0.842105263157895,2.9093092092056,
"principal","completa","F5_G3","G3",1,"yoy_pp","BENCH.AR1",25,6.36764557377701,3.00867205660116,1.13549679188066,TRUE,0.7248,,"",0.8,0.84,2.76822535211782,
"principal","completa","F5_G3","G3",1,"yoy_pp","BENCH.ARP_BIC",25,6.47911917179959,3.38894560376771,1.15537508307439,TRUE,0.7248,,"",0.76,0.76,3.09397039984404,
"principal","completa","F5_G3","G3",1,"yoy_pp","BENCH.ETS",25,5.98894953541537,2.98240090273861,1.0679666299589,TRUE,0.7248,,"",0.8,0.8,2.65081687107081,
"principal","completa","F5_G3","G3",1,"yoy_pp","BENCH.MEDIA_CRECIMIENTO",25,7.59521567299907,4.06433451931012,1.35440060700749,TRUE,0.7248,,"",,,,
"principal","completa","F5_G3","G3",1,"yoy_pp","BENCH.RW_CON_DERIVA",25,5.58098063009549,2.55863610861805,0.99521644658099,TRUE,0.7248,,"",0.84,0.84,2.34206135114448,
"principal","completa","F5_G3","G3",1,"yoy_pp","BENCH.RW_SIN_DERIVA",25,5.60780586903345,2.83142860368453,1,TRUE,0.7248,,"",0.8,0.88,2.43663549962329,
"principal","completa","F5_G3","G3",1,"yoy_pp","COMB.ECM_INV.G3",25,6.2073578806021,2.9946634177805,1.10691383146471,TRUE,0.7248,,"",,,,
"principal","completa","F5_G3","G3",1,"yoy_pp","COMB.MEDIA.G3",25,6.20662339521704,2.99150209808765,1.10678285592771,TRUE,0.7248,,"",,,,
"principal","completa","F5_G3","G3",1,"yoy_pp","COMB.MEDIANA.G3",25,6.30743854514286,3.03531212678675,1.12476050213735,TRUE,0.7248,,"",,,,
"principal","completa","F5_G3","G3",1,"yoy_pp","COMB.RECORTADA.G3",25,6.16270488093149,2.93152710285648,1.09895118070371,TRUE,0.7248,,"",,,,
"principal","completa","F5_G3","G3",1,"yoy_pp","MIX.PUENTE.G3",25,2.82187250844919,1.61192163960963,0.503204385877851,TRUE,1,,"",0.8,0.88,1.32523885028539,
"principal","completa","F5_G3","G3",1,"yoy_pp","MIX.UMIDAS.G3",25,4.62182428222904,2.78923296312172,0.824176940173867,TRUE,0.7248,,"",0.8,0.84,2.4089018754121,
"principal","completa","F5_G3","G3",1,"yoy_pp","ML.LGBM.G3",25,5.93283706367163,3.07213733034968,1.05796049332467,TRUE,0.7248,,"",0.76,0.84,2.8761412159805,
"principal","completa","F5_G3","G3",1,"yoy_pp","ML.RF.G3",25,6.89427315323333,3.20462624032674,1.22940652979872,TRUE,0.7248,,"",0.8,0.84,3.20603978765836,
"principal","completa","F5_G3","G3",1,"yoy_pp","MULT.BVAR.G3",25,7.48634319599318,3.56177541659196,1.33498615516152,TRUE,0.714,,"",0.84,0.88,3.11099780273088,
"principal","completa","F5_G3","G3",1,"yoy_pp","MULT.VAR_DIF.G3",25,6.78973826752407,3.31884860901649,1.21076556965306,TRUE,0.7248,,"",0.8,0.84,2.9826005233214,
"principal","completa","F5_G3","G3",1,"yoy_pp","REG.ENET.G3",25,11.4353243265535,4.88720568320165,2.03917977790563,TRUE,0.5168,,"",0.8,0.8,4.61201302290916,
"principal","completa","F5_G3","G3",1,"yoy_pp","REG.PCR.G3",25,6.14790947891849,2.90313274990481,1.09631282225148,TRUE,0.7248,,"",0.84,0.84,2.86334715637972,
"principal","completa","F5_G3","G3",1,"yoy_pp","UNI.ARIMA",25,6.38387087884423,3.39456777730976,1.13839013473991,TRUE,0.7248,,"",0.8,0.8,2.97567270256739,
"principal","completa","F5_G3","G3",1,"yoy_pp","UNI.ARIMAX.G3",25,7.52250447769161,3.8845446148273,1.34143453845847,TRUE,0.4444,,"",0.76,0.76,3.6339111095729,
"principal","completa","F5_G3","G3",1,"yoy_pp","UNI.UC_LLT",25,6.27819351509751,3.10179200039691,1.11954544463922,TRUE,0.7248,,"",0.8,0.8,2.77223534066793,
"principal","completa","F5_G3","G3",2,"yoy_pp","BENCH.AR1",24,7.94421731563612,3.99147903975861,1.08990747165452,TRUE,0.7942,,"",0.833333333333333,0.833333333333333,3.62128814201364,
"principal","completa","F5_G3","G3",2,"yoy_pp","BENCH.ARP_BIC",24,7.90465425189127,4.38671104639324,1.08447961425035,TRUE,0.752,,"",0.75,0.75,4.0095199280018,
"principal","completa","F5_G3","G3",2,"yoy_pp","BENCH.ETS",24,7.80582525658932,4.10447564704686,1.07092076306136,TRUE,0.7942,,"",0.791666666666667,0.791666666666667,3.6340350236304,
"principal","completa","F5_G3","G3",2,"yoy_pp","BENCH.MEDIA_CRECIMIENTO",24,7.7585685632199,4.13479137457732,1.064437377582,TRUE,0.7942,,"",,,,
"principal","completa","F5_G3","G3",2,"yoy_pp","BENCH.RW_CON_DERIVA",24,7.18070232343718,3.59405006015757,0.985156976841146,TRUE,0.7942,,"",0.833333333333333,0.833333333333333,3.29191651607467,
"principal","completa","F5_G3","G3",2,"yoy_pp","BENCH.RW_SIN_DERIVA",24,7.28889150890624,4.24401998730935,1,TRUE,0.7942,,"",0.833333333333333,0.833333333333333,3.52977928170265,
"principal","completa","F5_G3","G3",2,"yoy_pp","COMB.ECM_INV.G3",24,8.14880972198562,4.3574652445232,1.11797654170441,TRUE,0.752,,"",,,,
"principal","completa","F5_G3","G3",2,"yoy_pp","COMB.MEDIA.G3",24,8.14301019966312,4.31054834370996,1.11718087581812,TRUE,0.752,,"",,,,
"principal","completa","F5_G3","G3",2,"yoy_pp","COMB.MEDIANA.G3",24,7.7796353667659,4.12880920440051,1.06732763922471,TRUE,0.752,,"",,,,
"principal","completa","F5_G3","G3",2,"yoy_pp","COMB.RECORTADA.G3",24,8.02818199244757,4.23649666309236,1.10142701158852,TRUE,0.752,,"",,,,
"principal","completa","F5_G3","G3",2,"yoy_pp","MIX.PUENTE.G3",24,5.74117066371396,2.64311134889821,0.78766032622366,TRUE,1,,"",0.875,0.916666666666667,2.44390805849075,
"principal","completa","F5_G3","G3",2,"yoy_pp","MIX.UMIDAS.G3",24,7.63099375163554,5.1506408765808,1.04693474204017,TRUE,0.7942,,"",0.75,0.875,4.17032932759054,
"principal","completa","F5_G3","G3",2,"yoy_pp","ML.LGBM.G3",24,7.67604124555203,4.09933923169019,1.05311503624011,TRUE,0.773,,"",0.75,0.875,4.02406366119206,
"principal","completa","F5_G3","G3",2,"yoy_pp","ML.RF.G3",24,7.80313227217594,4.6669367164665,1.07055129886916,TRUE,0.752,,"",0.75,0.875,4.23008062110766,
"principal","completa","F5_G3","G3",2,"yoy_pp","MULT.BVAR.G3",24,11.4135665740644,5.48685970729984,1.56588509516409,TRUE,0.7374,,"",0.75,0.833333333333333,4.71952191923714,
"principal","completa","F5_G3","G3",2,"yoy_pp","MULT.VAR_DIF.G3",24,10.2109221152958,4.77685552503337,1.4008882012881,TRUE,0.752,,"",0.791666666666667,0.791666666666667,4.50337717261761,
"principal","completa","F5_G3","G3",2,"yoy_pp","REG.ENET.G3",24,10.7051493030387,6.10048270399015,1.46869373620916,TRUE,0.752,,"",0.666666666666667,0.833333333333333,5.39117424534731,
"principal","completa","F5_G3","G3",2,"yoy_pp","REG.PCR.G3",24,9.98417299026412,5.36338818740331,1.36977933860924,TRUE,0.7374,,"",0.708333333333333,0.75,5.4443038564498,
"principal","completa","F5_G3","G3",2,"yoy_pp","UNI.ARIMA",24,7.90035585605336,4.51313091436002,1.08388989552115,TRUE,0.752,,"",0.75,0.791666666666667,3.8991932305833,
"principal","completa","F5_G3","G3",2,"yoy_pp","UNI.ARIMAX.G3",24,9.91939492880594,5.03083083530303,1.36089210776227,TRUE,0.7374,,"",0.75,0.75,4.80307862061752,
"principal","completa","F5_G3","G3",2,"yoy_pp","UNI.UC_LLT",24,8.43861885666661,4.33622600269494,1.15773692698753,TRUE,0.752,,"",0.791666666666667,0.791666666666667,3.86551292715766,
"principal","completa","F5_G3","G3",4,"yoy_pp","BENCH.AR1",22,6.95032286855067,3.32293526942007,1.01423064220079,TRUE,0.6946,"distorsion_tamano_documentada","",0.863636363636364,0.863636363636364,2.96284794568942,
"principal","completa","F5_G3","G3",4,"yoy_pp","BENCH.ARP_BIC",22,6.50497910354686,3.51775435111445,0.949243547166148,TRUE,0.6946,"distorsion_tamano_documentada","",0.772727272727273,0.818181818181818,3.20345978922021,
"principal","completa","F5_G3","G3",4,"yoy_pp","BENCH.ETS",22,7.23886117980757,3.56368898161433,1.05633579361034,TRUE,0.6946,"distorsion_tamano_documentada","",0.818181818181818,0.818181818181818,3.05650865138388,
"principal","completa","F5_G3","G3",4,"yoy_pp","BENCH.MEDIA_CRECIMIENTO",22,5.65485284572481,2.89136400061198,0.825188288622108,TRUE,0.6946,"distorsion_tamano_documentada","",,,,
"principal","completa","F5_G3","G3",4,"yoy_pp","BENCH.RW_CON_DERIVA",22,5.73640422211253,2.87387495971095,0.837088729279381,TRUE,0.6946,"distorsion_tamano_documentada","",0.863636363636364,0.909090909090909,2.61823577597081,
"principal","completa","F5_G3","G3",4,"yoy_pp","BENCH.RW_SIN_DERIVA",22,6.85280307984888,4.69689099790979,1,TRUE,0.6254,"distorsion_tamano_documentada","",0.909090909090909,0.909090909090909,3.36530744904014,
"principal","completa","F5_G3","G3",4,"yoy_pp","COMB.ECM_INV.G3",22,10.0810683681839,4.9637433945025,1.47108683128923,TRUE,0.591,"distorsion_tamano_documentada","",,,,
"principal","completa","F5_G3","G3",4,"yoy_pp","COMB.MEDIA.G3",22,10.0839530491498,4.97984134724464,1.47150778034208,TRUE,0.591,"distorsion_tamano_documentada","",,,,
"principal","completa","F5_G3","G3",4,"yoy_pp","COMB.MEDIANA.G3",22,6.66204217266647,3.37855157989942,0.972163083491577,TRUE,0.6946,"distorsion_tamano_documentada","",,,,
"principal","completa","F5_G3","G3",4,"yoy_pp","COMB.RECORTADA.G3",22,7.73954155998718,3.60155558340534,1.12939792225255,TRUE,0.6946,"distorsion_tamano_documentada","",,,,
"principal","completa","F5_G3","G3",4,"yoy_pp","MIX.PUENTE.G3",22,4.41858635702034,2.59700616425195,0.644785251456222,TRUE,1,"distorsion_tamano_documentada","",0.863636363636364,0.863636363636364,2.53375537455323,
"principal","completa","F5_G3","G3",4,"yoy_pp","MIX.UMIDAS.G3",22,6.3422848386997,4.41473411001965,0.925502274733329,TRUE,0.6946,"distorsion_tamano_documentada","",0.863636363636364,0.909090909090909,3.56673331319489,
"principal","completa","F5_G3","G3",4,"yoy_pp","ML.LGBM.G3",22,6.3570970969119,3.45152695401769,0.927663763694795,TRUE,0.6946,"distorsion_tamano_documentada","",0.772727272727273,0.863636363636364,3.47831258495069,
"principal","completa","F5_G3","G3",4,"yoy_pp","ML.RF.G3",22,7.04252443264434,4.05969473221273,1.02768521881992,TRUE,0.5964,"distorsion_tamano_documentada","",0.818181818181818,0.863636363636364,3.9175497037432,
"principal","completa","F5_G3","G3",4,"yoy_pp","MULT.BVAR.G3",22,16.6251592938027,5.94969530502337,2.42603779797644,TRUE,0.591,"distorsion_tamano_documentada","",0.863636363636364,0.954545454545455,4.34943511238475,
"principal","completa","F5_G3","G3",4,"yoy_pp","MULT.VAR_DIF.G3",22,12.0703620337976,4.76122903799473,1.76137587687165,TRUE,0.5964,"distorsion_tamano_documentada","",0.818181818181818,0.863636363636364,4.18132273851582,
"principal","completa","F5_G3","G3",4,"yoy_pp","REG.ENET.G3",22,72.1804359106763,21.1829838627515,10.5329797266359,TRUE,0.3838,"distorsion_tamano_documentada","",0.727272727272727,0.818181818181818,20.2339955461987,
"principal","completa","F5_G3","G3",4,"yoy_pp","REG.PCR.G3",22,6.9202381733691,3.975110811611,1.00984051237639,TRUE,0.6946,"distorsion_tamano_documentada","",0.772727272727273,0.909090909090909,3.68808255877177,
"principal","completa","F5_G3","G3",4,"yoy_pp","UNI.ARIMA",22,6.82330212596873,3.87163378740265,0.995695053026272,TRUE,0.6894,"distorsion_tamano_documentada","",0.772727272727273,0.818181818181818,3.11292106651176,
"principal","completa","F5_G3","G3",4,"yoy_pp","UNI.ARIMAX.G3",22,10.5830013802331,4.59349716253532,1.54433175109804,TRUE,0.591,"distorsion_tamano_documentada","",0.818181818181818,0.863636363636364,4.34865940050956,
"principal","completa","F5_G3","G3",4,"yoy_pp","UNI.UC_LLT",22,9.0250349913104,4.01137060246558,1.31698443485836,TRUE,0.6254,"distorsion_tamano_documentada","",0.818181818181818,0.818181818181818,3.51220637166872,
"principal","completa","F5_G3","G3",8,"yoy_pp","BENCH.AR1",18,1.63908871570815,1.43268419740037,0.452944880428694,TRUE,0.526,"distorsion_tamano_documentada","",0.944444444444444,1,1.3129626619663,
"principal","completa","F5_G3","G3",8,"yoy_pp","BENCH.ARP_BIC",18,1.57766693716032,1.35265227923407,0.435971619693354,TRUE,1,"distorsion_tamano_documentada","",0.944444444444444,1,1.33618575687469,
"principal","completa","F5_G3","G3",8,"yoy_pp","BENCH.ETS",18,2.28941270621979,1.79102399788431,0.632655056759778,TRUE,0.526,"distorsion_tamano_documentada","",0.944444444444444,1,1.40156969078946,
"principal","completa","F5_G3","G3",8,"yoy_pp","BENCH.MEDIA_CRECIMIENTO",18,1.61262507261848,1.36277405703186,0.445631931751732,TRUE,0.526,"distorsion_tamano_documentada","",,,,
"principal","completa","F5_G3","G3",8,"yoy_pp","BENCH.RW_CON_DERIVA",18,1.59265624063329,1.38659733517618,0.44011375562792,TRUE,0.526,"distorsion_tamano_documentada","",0.944444444444444,1,1.40161654434376,
"principal","completa","F5_G3","G3",8,"yoy_pp","BENCH.RW_SIN_DERIVA",18,3.6187377019403,3.37561056584571,1,TRUE,0.4222,"distorsion_tamano_documentada","",0.888888888888889,0.944444444444444,2.24612856545253,
"principal","completa","F5_G3","G3",8,"yoy_pp","COMB.ECM_INV.G3",18,8.58068978827881,4.26731087658383,2.37118312932104,TRUE,0.4222,"distorsion_tamano_documentada","",,,,
"principal","completa","F5_G3","G3",8,"yoy_pp","COMB.MEDIA.G3",18,8.56476617580815,4.17723585506408,2.36678280694837,TRUE,0.4222,"distorsion_tamano_documentada","",,,,
"principal","completa","F5_G3","G3",8,"yoy_pp","COMB.MEDIANA.G3",18,2.00668348982125,1.70988183838754,0.554525819526877,TRUE,0.526,"distorsion_tamano_documentada","",,,,
"principal","completa","F5_G3","G3",8,"yoy_pp","COMB.RECORTADA.G3",18,2.29892037690474,1.84670674158924,0.635282401283768,TRUE,0.526,"distorsion_tamano_documentada","",,,,
"principal","completa","F5_G3","G3",8,"yoy_pp","MIX.PUENTE.G3",18,1.82474139589013,1.54588679518405,0.504248040666705,TRUE,0.526,"distorsion_tamano_documentada","",0.944444444444444,0.944444444444444,1.75285143727433,
"principal","completa","F5_G3","G3",8,"yoy_pp","MIX.UMIDAS.G3",18,2.93097067405659,2.51534371130221,0.809942835172901,TRUE,0.526,"distorsion_tamano_documentada","",0.888888888888889,0.888888888888889,2.6708709817965,
"principal","completa","F5_G3","G3",8,"yoy_pp","ML.LGBM.G3",18,4.49207544322462,3.40302209047475,1.24133767440952,TRUE,0.4222,"distorsion_tamano_documentada","",0.888888888888889,0.888888888888889,3.07062251566887,
"principal","completa","F5_G3","G3",8,"yoy_pp","ML.RF.G3",18,3.75443827054068,2.77435868506374,1.03749942100739,TRUE,0.526,"distorsion_tamano_documentada","",0.888888888888889,0.888888888888889,2.86958230602012,
"principal","completa","F5_G3","G3",8,"yoy_pp","MULT.BVAR.G3",18,30.41752346346,8.85222100988997,8.40556181984417,TRUE,0.4222,"distorsion_tamano_documentada","",0.888888888888889,0.944444444444444,9.2150992071643,
"principal","completa","F5_G3","G3",8,"yoy_pp","MULT.VAR_DIF.G3",18,3.56763660352915,2.282291142433,0.985878750376478,TRUE,0.526,"distorsion_tamano_documentada","",0.944444444444444,0.944444444444444,1.88861817944084,
"principal","completa","F5_G3","G3",8,"yoy_pp","REG.ENET.G3",18,82.8983286988139,24.7955401816906,22.9080788735711,TRUE,0.2232,"distorsion_tamano_documentada","",0.833333333333333,0.833333333333333,24.3438845266789,
"principal","completa","F5_G3","G3",8,"yoy_pp","REG.PCR.G3",18,5.0989419113975,3.07795858543261,1.40903882275401,TRUE,0.4222,"distorsion_tamano_documentada","",0.888888888888889,0.888888888888889,3.28973161070338,
"principal","completa","F5_G3","G3",8,"yoy_pp","UNI.ARIMA",18,1.75062794851243,1.51544374567063,0.483767571099109,TRUE,0.526,"distorsion_tamano_documentada","",0.944444444444444,1,1.21599765561544,
"principal","completa","F5_G3","G3",8,"yoy_pp","UNI.ARIMAX.G3",18,2.22896464635391,1.83315788017093,0.615950872913164,TRUE,0.526,"distorsion_tamano_documentada","",0.888888888888889,0.944444444444444,1.93893357835659,
"principal","completa","F5_G3","G3",8,"yoy_pp","UNI.UC_LLT",18,4.08359108231252,2.34095477177513,1.12845732922919,TRUE,0.526,"distorsion_tamano_documentada","",0.888888888888889,0.944444444444444,1.85468417306814,
"R1","completa","F5_G1_R1","G1",1,"yoy_pp","BENCH.AR1",52,4.73775375998172,1.89654423308161,1.19622307596906,TRUE,0.7216,,"",0.846153846153846,0.923076923076923,1.68950273297457,
"R1","completa","F5_G1_R1","G1",1,"yoy_pp","BENCH.ARP_BIC",52,5.09327419493519,2.33475642628514,1.28598750228056,TRUE,0.5988,,"",0.807692307692308,0.865384615384615,2.07538068312921,
"R1","completa","F5_G1_R1","G1",1,"yoy_pp","BENCH.ETS",52,4.78359146745159,2.02170568531279,1.20779651903994,TRUE,0.7096,,"",0.826923076923077,0.903846153846154,1.73339371942912,
"R1","completa","F5_G1_R1","G1",1,"yoy_pp","BENCH.MEDIA_CRECIMIENTO",52,5.33224245403676,2.38357655246256,1.34632397404404,TRUE,0.7216,,"",,,,
"R1","completa","F5_G1_R1","G1",1,"yoy_pp","BENCH.RW_CON_DERIVA",52,3.92580698730233,1.60919273846274,0.991216755433435,TRUE,0.7216,,"",0.865384615384615,0.923076923076923,1.41646748739252,
"R1","completa","F5_G1_R1","G1",1,"yoy_pp","BENCH.RW_SIN_DERIVA",52,3.96059385173092,1.77804253079587,1,TRUE,0.7216,,"",0.826923076923077,0.923076923076923,1.49913822319779,
"R1","completa","F5_G1_R1","G1",1,"yoy_pp","COMB.ECM_INV.G1",52,4.02178791149571,1.70609099029694,1.0154507283644,TRUE,0.7216,,"",,,,
"R1","completa","F5_G1_R1","G1",1,"yoy_pp","COMB.MEDIA.G1",52,4.10072008476139,1.75009843426485,1.03538010669012,TRUE,0.7216,,"",,,,
"R1","completa","F5_G1_R1","G1",1,"yoy_pp","COMB.MEDIANA.G1",52,4.08022851267542,1.69142431507269,1.03020624316028,TRUE,0.7216,,"",,,,
"R1","completa","F5_G1_R1","G1",1,"yoy_pp","COMB.RECORTADA.G1",52,4.10072008476139,1.75009843426485,1.03538010669012,TRUE,0.7216,,"",,,,"COMB.MEDIA.G1"
"R1","completa","F5_G1_R1","G1",1,"yoy_pp","MIX.PUENTE.G1",52,3.14963897677699,1.35796324287582,0.795244121131099,TRUE,1,,"",0.826923076923077,0.903846153846154,1.1199621397135,
"R1","completa","F5_G1_R1","G1",1,"yoy_pp","ML.RF.G1",52,4.26575786970668,1.76369545563454,1.07705006607592,TRUE,0.7216,,"",0.711538461538462,0.865384615384615,1.67044426283623,
"R1","completa","F5_G1_R1","G1",1,"yoy_pp","MULT.VAR_DIF.G1",52,4.9321588587535,1.9299393030276,1.24530791174106,TRUE,0.7216,,"",0.846153846153846,0.903846153846154,1.72349943055718,
"R1","completa","F5_G1_R1","G1",1,"yoy_pp","REG.ENET.G1",52,3.92313671283974,1.60719364649015,0.990542544806807,TRUE,0.7216,,"",0.692307692307692,0.826923076923077,1.5332185260203,
"R1","completa","F5_G1_R1","G1",1,"yoy_pp","UNI.ARIMA",52,4.8742429507701,2.30054697089585,1.23068487536026,TRUE,0.6486,,"",0.807692307692308,0.884615384615385,1.95292002047936,
"R1","completa","F5_G1_R1","G1",1,"yoy_pp","UNI.ARIMAX.G1",52,4.18603914928414,1.78583376677717,1.05692209451234,TRUE,0.7216,,"",0.769230769230769,0.865384615384615,1.58456304005153,
"R1","completa","F5_G1_R1","G1",1,"yoy_pp","UNI.UC_LLT",52,4.82913393498163,2.01519791348774,1.21929541774932,TRUE,0.7216,,"",0.826923076923077,0.903846153846154,1.73454241762767,
"R1","completa","F5_G1_R1","G1",2,"yoy_pp","BENCH.AR1",51,5.88722185146312,2.40258609776136,1.15029793515771,TRUE,0.8372,,"",0.882352941176471,0.901960784313726,2.14387079691495,
"R1","completa","F5_G1_R1","G1",2,"yoy_pp","BENCH.ARP_BIC",51,5.93604126449691,2.80791552116957,1.15983670767643,TRUE,0.7116,,"",0.843137254901961,0.843137254901961,2.53125558327346,
"R1","completa","F5_G1_R1","G1",2,"yoy_pp","BENCH.ETS",51,6.68258253128259,2.6985282236951,1.30570260153266,TRUE,0.7116,,"",0.843137254901961,0.882352941176471,2.3618843304014,
"R1","completa","F5_G1_R1","G1",2,"yoy_pp","BENCH.MEDIA_CRECIMIENTO",51,5.41036823853514,2.43004682221737,1.05712602144985,TRUE,0.8782,,"",,,,
"R1","completa","F5_G1_R1","G1",2,"yoy_pp","BENCH.RW_CON_DERIVA",51,5.00157983944899,2.13875645993397,0.977253296546781,TRUE,0.8782,,"",0.901960784313726,0.901960784313726,1.92101552047734,
"R1","completa","F5_G1_R1","G1",2,"yoy_pp","BENCH.RW_SIN_DERIVA",51,5.11799740878087,2.71320976767122,1,TRUE,0.8782,,"",0.862745098039216,0.92156862745098,2.15167729682973,
"R1","completa","F5_G1_R1","G1",2,"yoy_pp","COMB.ECM_INV.G1",51,5.31000226174855,2.38012650875113,1.03751562137141,TRUE,0.8654,,"",,,,
"R1","completa","F5_G1_R1","G1",2,"yoy_pp","COMB.MEDIA.G1",51,5.3131024670991,2.37755640866069,1.03812136715495,TRUE,0.8654,,"",,,,
"R1","completa","F5_G1_R1","G1",2,"yoy_pp","COMB.MEDIANA.G1",51,5.15141053508082,2.28087501541352,1.00652855475124,TRUE,0.8782,,"",,,,
"R1","completa","F5_G1_R1","G1",2,"yoy_pp","COMB.RECORTADA.G1",51,5.3131024670991,2.37755640866069,1.03812136715495,TRUE,0.8654,,"",,,,"COMB.MEDIA.G1"
"R1","completa","F5_G1_R1","G1",2,"yoy_pp","MIX.PUENTE.G1",51,4.13963909272165,1.83645685997848,0.808839622626486,TRUE,1,,"",0.901960784313726,0.901960784313726,1.58131218591047,
"R1","completa","F5_G1_R1","G1",2,"yoy_pp","ML.RF.G1",51,5.16821703132119,2.34595748287135,1.00981235794574,TRUE,0.8704,,"",0.725490196078431,0.882352941176471,2.16714315183163,
"R1","completa","F5_G1_R1","G1",2,"yoy_pp","MULT.VAR_DIF.G1",51,6.7465820164867,2.52896645777141,1.31820739199901,TRUE,0.7196,,"",0.862745098039216,0.882352941176471,2.33449359504663,
"R1","completa","F5_G1_R1","G1",2,"yoy_pp","REG.ENET.G1",51,4.99062262787764,2.48852019322104,0.975112378782238,TRUE,0.8782,,"",0.764705882352941,0.901960784313726,2.07216088677367,
"R1","completa","F5_G1_R1","G1",2,"yoy_pp","UNI.ARIMA",51,5.80735001299142,2.82756386368483,1.13469186268595,TRUE,0.6944,,"",0.862745098039216,0.862745098039216,2.42284305225543,
"R1","completa","F5_G1_R1","G1",2,"yoy_pp","UNI.ARIMAX.G1",51,5.08902258878249,2.24705312696889,0.99433864113556,TRUE,0.8782,,"",0.843137254901961,0.882352941176471,2.02242436184109,
"R1","completa","F5_G1_R1","G1",2,"yoy_pp","UNI.UC_LLT",51,6.83067160689211,2.71644260586542,1.33463756647724,TRUE,0.6944,,"",0.862745098039216,0.882352941176471,2.38079350360996,
"R1","completa","F5_G1_R1","G1",4,"yoy_pp","BENCH.AR1",49,6.63056567965183,2.80605331756416,1.11010700829121,TRUE,0.7384,"distorsion_tamano_documentada","",0.877551020408163,0.897959183673469,2.52247185781579,
"R1","completa","F5_G1_R1","G1",4,"yoy_pp","BENCH.ARP_BIC",49,6.04968694850627,2.90049080889259,1.01285474029982,TRUE,0.7384,"distorsion_tamano_documentada","",0.816326530612245,0.877551020408163,2.62041709997917,
"R1","completa","F5_G1_R1","G1",4,"yoy_pp","BENCH.ETS",49,9.19931367628346,3.3881544311525,1.54017365589955,TRUE,0.5548,"distorsion_tamano_documentada","",0.836734693877551,0.857142857142857,2.9757749546614,
"R1","completa","F5_G1_R1","G1",4,"yoy_pp","BENCH.MEDIA_CRECIMIENTO",49,5.51066905942989,2.51281212143631,0.922610926247228,TRUE,0.7384,"distorsion_tamano_documentada","",,,,
"R1","completa","F5_G1_R1","G1",4,"yoy_pp","BENCH.RW_CON_DERIVA",49,5.57070708298925,2.51402963707358,0.932662652440323,TRUE,0.7384,"distorsion_tamano_documentada","",0.877551020408163,0.918367346938776,2.2930794170722,
"R1","completa","F5_G1_R1","G1",4,"yoy_pp","BENCH.RW_SIN_DERIVA",49,5.97290678297606,3.86595365233953,1,TRUE,0.7384,"distorsion_tamano_documentada","",0.857142857142857,0.918367346938776,2.83108216787007,
"R1","completa","F5_G1_R1","G1",4,"yoy_pp","COMB.ECM_INV.G1",49,6.22736113068255,2.82362246646338,1.04260142623215,TRUE,0.7202,"distorsion_tamano_documentada","",,,,
"R1","completa","F5_G1_R1","G1",4,"yoy_pp","COMB.MEDIA.G1",49,6.22541126218739,2.82722495752162,1.04227497404296,TRUE,0.7384,"distorsion_tamano_documentada","",,,,
"R1","completa","F5_G1_R1","G1",4,"yoy_pp","COMB.MEDIANA.G1",49,5.73269798429803,2.65986626620713,0.959783601618785,TRUE,0.7384,"distorsion_tamano_documentada","",,,,
"R1","completa","F5_G1_R1","G1",4,"yoy_pp","COMB.RECORTADA.G1",49,6.22541126218739,2.82722495752162,1.04227497404296,TRUE,0.7384,"distorsion_tamano_documentada","",,,,"COMB.MEDIA.G1"
"R1","completa","F5_G1_R1","G1",4,"yoy_pp","MIX.PUENTE.G1",49,4.59529350119325,2.29608194441719,0.769356306428677,TRUE,1,"distorsion_tamano_documentada","",0.857142857142857,0.918367346938776,2.02781777163588,
"R1","completa","F5_G1_R1","G1",4,"yoy_pp","ML.RF.G1",49,5.76689966896103,2.83095155783191,0.965509738976307,TRUE,0.7384,"distorsion_tamano_documentada","",0.755102040816326,0.897959183673469,2.58182189142772,
"R1","completa","F5_G1_R1","G1",4,"yoy_pp","MULT.VAR_DIF.G1",49,8.02535947627369,3.06193271746987,1.34362710952522,TRUE,0.6204,"distorsion_tamano_documentada","",0.857142857142857,0.897959183673469,2.73524023556645,
"R1","completa","F5_G1_R1","G1",4,"yoy_pp","REG.ENET.G1",49,5.37050178142205,2.76090064947482,0.899143746346255,TRUE,0.7384,"distorsion_tamano_documentada","",0.857142857142857,0.897959183673469,2.3927643297385,
"R1","completa","F5_G1_R1","G1",4,"yoy_pp","UNI.ARIMA",49,6.28062009088806,3.26456156813948,1.05151818353989,TRUE,0.5802,"distorsion_tamano_documentada","",0.836734693877551,0.877551020408163,2.70177443796573,
"R1","completa","F5_G1_R1","G1",4,"yoy_pp","UNI.ARIMAX.G1",49,5.59609414371705,2.60708334858897,0.936913021925439,TRUE,0.7384,"distorsion_tamano_documentada","",0.857142857142857,0.877551020408163,2.33069277974118,
"R1","completa","F5_G1_R1","G1",4,"yoy_pp","UNI.UC_LLT",49,9.56520398825871,3.45940379833253,1.60143198877997,TRUE,0.5784,"distorsion_tamano_documentada","",0.836734693877551,0.877551020408163,3.03670458240601,
"R1","completa","F5_G1_R1","G1",8,"yoy_pp","BENCH.AR1",45,5.68633967607444,2.60927694816101,0.91751285439991,TRUE,0.7526,"distorsion_tamano_documentada","",0.822222222222222,0.866666666666667,2.43011273380253,
"R1","completa","F5_G1_R1","G1",8,"yoy_pp","BENCH.ARP_BIC",45,5.74762419431046,2.74323224077588,0.927401347958226,TRUE,0.7274,"distorsion_tamano_documentada","",0.844444444444444,0.866666666666667,2.49479322499263,
"R1","completa","F5_G1_R1","G1",8,"yoy_pp","BENCH.ETS",45,7.52500658674589,3.30883628029257,1.21418885717178,TRUE,0.5858,"distorsion_tamano_documentada","",0.8,0.844444444444444,2.94736194839316,
"R1","completa","F5_G1_R1","G1",8,"yoy_pp","BENCH.MEDIA_CRECIMIENTO",45,5.68252269713058,2.57954964197952,0.916896970114858,TRUE,0.8272,"distorsion_tamano_documentada","",,,,
"R1","completa","F5_G1_R1","G1",8,"yoy_pp","BENCH.RW_CON_DERIVA",45,5.67672554119878,2.59244742930967,0.915961576629878,TRUE,0.9664,"distorsion_tamano_documentada","",0.866666666666667,0.866666666666667,2.46574010218997,
"R1","completa","F5_G1_R1","G1",8,"yoy_pp","BENCH.RW_SIN_DERIVA",45,6.19755859419924,4.05598611863954,1,TRUE,0.5858,"distorsion_tamano_documentada","",0.8,0.866666666666667,3.07829470776289,
"R1","completa","F5_G1_R1","G1",8,"yoy_pp","COMB.ECM_INV.G1",45,5.7702642248057,2.77218006420519,0.931054404262756,TRUE,0.6962,"distorsion_tamano_documentada","",,,,
"R1","completa","F5_G1_R1","G1",8,"yoy_pp","COMB.MEDIA.G1",45,5.76355201073626,2.7489628778975,0.929971362615402,TRUE,0.7274,"distorsion_tamano_documentada","",,,,
"R1","completa","F5_G1_R1","G1",8,"yoy_pp","COMB.MEDIANA.G1",45,5.69018629986204,2.62973999778656,0.918133521994921,TRUE,0.7274,"distorsion_tamano_documentada","",,,,
"R1","completa","F5_G1_R1","G1",8,"yoy_pp","COMB.RECORTADA.G1",45,5.76355201073626,2.7489628778975,0.929971362615402,TRUE,0.7274,"distorsion_tamano_documentada","",,,,"COMB.MEDIA.G1"
"R1","completa","F5_G1_R1","G1",8,"yoy_pp","MIX.PUENTE.G1",45,5.67412539205362,2.58966783871132,0.915542032529464,TRUE,1,"distorsion_tamano_documentada","",0.822222222222222,0.866666666666667,2.50812888401524,
"R1","completa","F5_G1_R1","G1",8,"yoy_pp","ML.RF.G1",45,5.67464648922293,2.759511172576,0.91562611356902,TRUE,0.991,"distorsion_tamano_documentada","",0.8,0.844444444444444,2.83418847467417,
"R1","completa","F5_G1_R1","G1",8,"yoy_pp","MULT.VAR_DIF.G1",45,5.72312502161984,2.67690777118714,0.923448311884707,TRUE,0.7274,"distorsion_tamano_documentada","",0.822222222222222,0.866666666666667,2.43820055181075,
"R1","completa","F5_G1_R1","G1",8,"yoy_pp","REG.ENET.G1",45,5.80967451471845,2.74419294530322,0.937413406652769,TRUE,0.7274,"distorsion_tamano_documentada","",0.8,0.822222222222222,2.8935863386263,
"R1","completa","F5_G1_R1","G1",8,"yoy_pp","UNI.ARIMA",45,5.88853970831286,3.11544348801906,0.950138610036601,TRUE,0.5858,"distorsion_tamano_documentada","",0.844444444444444,0.866666666666667,2.59416052492298,
"R1","completa","F5_G1_R1","G1",8,"yoy_pp","UNI.ARIMAX.G1",45,5.68862938491074,2.61940209056295,0.917882307758278,TRUE,0.7526,"distorsion_tamano_documentada","",0.822222222222222,0.866666666666667,2.42199245019818,
"R1","completa","F5_G1_R1","G1",8,"yoy_pp","UNI.UC_LLT",45,7.82642115872313,3.38838769186892,1.26282326173543,TRUE,0.5858,"distorsion_tamano_documentada","",0.8,0.844444444444444,3.00957377223311,
"R1","completa","F5_G2_R1","G2",1,"yoy_pp","BENCH.AR1",45,5.07704935873547,2.06210595278317,1.1982976733959,TRUE,0.6832,,"",0.844444444444444,0.911111111111111,1.86115934993483,
"R1","completa","F5_G2_R1","G2",1,"yoy_pp","BENCH.ARP_BIC",45,5.460317979122,2.56747444904347,1.28875767558292,TRUE,0.625,,"",0.8,0.844444444444444,2.30707627887282,
"R1","completa","F5_G2_R1","G2",1,"yoy_pp","BENCH.ETS",45,5.12714035790562,2.20866808502815,1.21012027418673,TRUE,0.6832,,"",0.822222222222222,0.888888888888889,1.91380677739179,
"R1","completa","F5_G2_R1","G2",1,"yoy_pp","BENCH.MEDIA_CRECIMIENTO",45,5.70827660445612,2.57898815064498,1.34728148002951,TRUE,0.6832,,"",,,,
"R1","completa","F5_G2_R1","G2",1,"yoy_pp","BENCH.RW_CON_DERIVA",45,4.20091318189538,1.72904529867091,0.991509858643011,TRUE,0.6832,,"",0.866666666666667,0.911111111111111,1.54566547491043,
"R1","completa","F5_G2_R1","G2",1,"yoy_pp","BENCH.RW_SIN_DERIVA",45,4.23688493389747,1.9392924809181,1,TRUE,0.6832,,"",0.822222222222222,0.911111111111111,1.64023351701254,
"R1","completa","F5_G2_R1","G2",1,"yoy_pp","COMB.ECM_INV.G2",45,3.91179744207692,1.69626933006061,0.923272050836297,TRUE,0.6832,,"",,,,
"R1","completa","F5_G2_R1","G2",1,"yoy_pp","COMB.MEDIA.G2",45,4.61719507376163,1.9846787533699,1.08976173433965,TRUE,0.6832,,"",,,,
"R1","completa","F5_G2_R1","G2",1,"yoy_pp","COMB.MEDIANA.G2",45,4.90072224265976,2.00851165775065,1.15668051389624,TRUE,0.6832,,"",,,,
"R1","completa","F5_G2_R1","G2",1,"yoy_pp","COMB.RECORTADA.G2",45,4.61719507376163,1.9846787533699,1.08976173433965,TRUE,0.6832,,"",,,,"COMB.MEDIA.G2"
"R1","completa","F5_G2_R1","G2",1,"yoy_pp","MIX.PUENTE.G2",45,1.89214013176817,1.09661250414502,0.446587566405211,TRUE,1,,"",0.8,0.933333333333333,0.848825195638524,
"R1","completa","F5_G2_R1","G2",1,"yoy_pp","ML.RF.G2",45,4.68212963764825,1.90108585792221,1.10508774977309,TRUE,0.6832,,"",0.8,0.866666666666667,1.86426261347955,
"R1","completa","F5_G2_R1","G2",1,"yoy_pp","MULT.VAR_DIF.G2",45,5.08716962400243,2.10818175724623,1.20068628328851,TRUE,0.6832,,"",0.844444444444444,0.911111111111111,1.85577452884671,
"R1","completa","F5_G2_R1","G2",1,"yoy_pp","REG.ENET.G2",45,4.69203313694443,1.96630115732469,1.10742519802828,TRUE,0.6832,,"",0.755555555555556,0.844444444444444,1.82988991646518,
"R1","completa","F5_G2_R1","G2",1,"yoy_pp","UNI.ARIMA",45,5.22420005581752,2.52794352281602,1.23302854274398,TRUE,0.6428,,"",0.8,0.866666666666667,2.16556257564708,
"R1","completa","F5_G2_R1","G2",1,"yoy_pp","UNI.ARIMAX.G2",45,5.46030980620065,2.34709071972979,1.28875574658993,TRUE,0.625,,"",0.8,0.866666666666667,2.12974574649721,
"R1","completa","F5_G2_R1","G2",1,"yoy_pp","UNI.ARIMAX_IVAE.G2",45,5.72046833639689,2.48924896646944,1.35015900257992,TRUE,0.5798,,"",0.822222222222222,0.866666666666667,2.2343841713598,
"R1","completa","F5_G2_R1","G2",1,"yoy_pp","UNI.UC_LLT",45,5.17603671420362,2.201699343198,1.22166091242942,TRUE,0.6832,,"",0.822222222222222,0.888888888888889,1.91460476352524,
"R1","completa","F5_G2_R1","G2",2,"yoy_pp","BENCH.AR1",44,6.31618713101104,2.60533316087238,1.15483749335608,TRUE,0.792,,"",0.886363636363636,0.886363636363636,2.36283032527717,
"R1","completa","F5_G2_R1","G2",2,"yoy_pp","BENCH.ARP_BIC",44,6.36936524822659,3.07695584911265,1.16456046107581,TRUE,0.6836,,"",0.818181818181818,0.818181818181818,2.81240810592708,
"R1","completa","F5_G2_R1","G2",2,"yoy_pp","BENCH.ETS",44,7.17631778369145,2.9544114493523,1.31210185337214,TRUE,0.6836,,"",0.818181818181818,0.863636363636364,2.61822156432136,
"R1","completa","F5_G2_R1","G2",2,"yoy_pp","BENCH.MEDIA_CRECIMIENTO",44,5.8025514069946,2.65032771961941,1.06092548921216,TRUE,0.792,,"",,,,
"R1","completa","F5_G2_R1","G2",2,"yoy_pp","BENCH.RW_CON_DERIVA",44,5.35929050192943,2.30133966449867,0.979880659176182,TRUE,0.792,,"",0.886363636363636,0.886363636363636,2.10508439677704,
"R1","completa","F5_G2_R1","G2",2,"yoy_pp","BENCH.RW_SIN_DERIVA",44,5.46932981250509,2.91112988598903,1,TRUE,0.792,,"",0.863636363636364,0.909090909090909,2.33906047909649,
"R1","completa","F5_G2_R1","G2",2,"yoy_pp","COMB.ECM_INV.G2",44,6.1646841281496,2.6215431357685,1.12713702400149,TRUE,0.792,,"",,,,
"R1","completa","F5_G2_R1","G2",2,"yoy_pp","COMB.MEDIA.G2",44,6.21855744475613,2.66309480443229,1.13698710041914,TRUE,0.6836,,"",,,,
"R1","completa","F5_G2_R1","G2",2,"yoy_pp","COMB.MEDIANA.G2",44,6.26914628184077,2.63974157628283,1.14623664996523,TRUE,0.7358,,"",,,,
"R1","completa","F5_G2_R1","G2",2,"yoy_pp","COMB.RECORTADA.G2",44,6.21855744475613,2.66309480443229,1.13698710041914,TRUE,0.6836,,"",,,,"COMB.MEDIA.G2"
"R1","completa","F5_G2_R1","G2",2,"yoy_pp","MIX.PUENTE.G2",44,4.22696227572584,1.77219820412167,0.772848305117988,TRUE,1,,"",0.909090909090909,0.931818181818182,1.60619627808145,
"R1","completa","F5_G2_R1","G2",2,"yoy_pp","ML.RF.G2",44,5.59520807279217,2.62165804155862,1.02301529887616,TRUE,0.792,,"",0.795454545454545,0.909090909090909,2.42683394501119,
"R1","completa","F5_G2_R1","G2",2,"yoy_pp","MULT.VAR_DIF.G2",44,7.57408049270354,2.94084506971745,1.38482789525439,TRUE,0.6836,,"",0.863636363636364,0.863636363636364,2.72456353149862,
"R1","completa","F5_G2_R1","G2",2,"yoy_pp","REG.ENET.G2",44,5.64516367485619,2.59774071600496,1.03214906915086,TRUE,0.792,,"",0.840909090909091,0.909090909090909,2.38031214629803,
"R1","completa","F5_G2_R1","G2",2,"yoy_pp","UNI.ARIMA",44,6.23033806089306,3.09973006430035,1.13914104186001,TRUE,0.6836,,"",0.840909090909091,0.840909090909091,2.68673959926253,
"R1","completa","F5_G2_R1","G2",2,"yoy_pp","UNI.ARIMAX.G2",44,7.20401054137156,2.91488769341948,1.31716513509576,TRUE,0.6836,,"",0.840909090909091,0.840909090909091,2.7503367778789,
"R1","completa","F5_G2_R1","G2",2,"yoy_pp","UNI.ARIMAX_IVAE.G2",44,7.60091782856992,3.12623010874963,1.38973477357156,TRUE,0.6176,,"",0.840909090909091,0.840909090909091,2.91141298978837,
"R1","completa","F5_G2_R1","G2",2,"yoy_pp","UNI.UC_LLT",44,7.33545588191421,2.97250006953867,1.34119830644376,TRUE,0.6836,,"",0.840909090909091,0.863636363636364,2.6381213400085,
"R1","completa","F5_G2_R1","G2",4,"yoy_pp","BENCH.AR1",42,7.13998705493155,3.07655575584702,1.11761895834369,TRUE,0.6466,"distorsion_tamano_documentada","",0.857142857142857,0.880952380952381,2.80307263369782,
"R1","completa","F5_G2_R1","G2",4,"yoy_pp","BENCH.ARP_BIC",42,6.51122352680411,3.19267081085404,1.01919888643824,TRUE,0.6466,"distorsion_tamano_documentada","",0.785714285714286,0.857142857142857,2.91649679637804,
"R1","completa","F5_G2_R1","G2",4,"yoy_pp","BENCH.ETS",42,9.92309727005358,3.76719137940472,1.55325794699311,TRUE,0.6302,"distorsion_tamano_documentada","",0.80952380952381,0.833333333333333,3.3376769682225,
"R1","completa","F5_G2_R1","G2",4,"yoy_pp","BENCH.MEDIA_CRECIMIENTO",42,5.92652035672399,2.73870651103256,0.927675562536159,TRUE,0.6466,"distorsion_tamano_documentada","",,,,
"R1","completa","F5_G2_R1","G2",4,"yoy_pp","BENCH.RW_CON_DERIVA",42,5.99186458879621,2.74179944373186,0.937903865755824,TRUE,0.6466,"distorsion_tamano_documentada","",0.857142857142857,0.904761904761905,2.53460283298658,
"R1","completa","F5_G2_R1","G2",4,"yoy_pp","BENCH.RW_SIN_DERIVA",42,6.38857009504655,4.1996248685852,1,TRUE,0.6466,"distorsion_tamano_documentada","",0.833333333333333,0.904761904761905,3.08867096624513,
"R1","completa","F5_G2_R1","G2",4,"yoy_pp","COMB.ECM_INV.G2",42,7.58350144334861,3.33565562415805,1.18704206583388,TRUE,0.6304,"distorsion_tamano_documentada","",,,,
"R1","completa","F5_G2_R1","G2",4,"yoy_pp","COMB.MEDIA.G2",42,7.57930036375094,3.32078204632717,1.18638447273634,TRUE,0.6466,"distorsion_tamano_documentada","",,,,
"R1","completa","F5_G2_R1","G2",4,"yoy_pp","COMB.MEDIANA.G2",42,7.42297023187542,3.24748373651078,1.16191418759433,TRUE,0.6466,"distorsion_tamano_documentada","",,,,
"R1","completa","F5_G2_R1","G2",4,"yoy_pp","COMB.RECORTADA.G2",42,7.57930036375094,3.32078204632717,1.18638447273634,TRUE,0.6466,"distorsion_tamano_documentada","",,,,"COMB.MEDIA.G2"
"R1","completa","F5_G2_R1","G2",4,"yoy_pp","MIX.PUENTE.G2",42,5.30269311732191,2.54179426429257,0.830028165681929,TRUE,1,"distorsion_tamano_documentada","",0.857142857142857,0.880952380952381,2.47148138695564,
"R1","completa","F5_G2_R1","G2",4,"yoy_pp","ML.RF.G2",42,6.53925488612033,3.41979240322276,1.02358662248859,TRUE,0.6466,"distorsion_tamano_documentada","",0.761904761904762,0.857142857142857,3.09753813782038,
"R1","completa","F5_G2_R1","G2",4,"yoy_pp","MULT.VAR_DIF.G2",42,9.68485395225603,3.59890734895545,1.51596582774685,TRUE,0.6302,"distorsion_tamano_documentada","",0.857142857142857,0.880952380952381,3.25175248557754,
"R1","completa","F5_G2_R1","G2",4,"yoy_pp","REG.ENET.G2",42,6.39933913241597,3.29249501832624,1.00168567256979,TRUE,0.6466,"distorsion_tamano_documentada","",0.761904761904762,0.857142857142857,2.87028265676673,
"R1","completa","F5_G2_R1","G2",4,"yoy_pp","UNI.ARIMA",42,6.76151519944555,3.61742002997448,1.05837692924246,TRUE,0.6466,"distorsion_tamano_documentada","",0.80952380952381,0.857142857142857,3.01138245992541,
"R1","completa","F5_G2_R1","G2",4,"yoy_pp","UNI.ARIMAX.G2",42,8.64755963910959,3.49097083286917,1.35359861603688,TRUE,0.5384,"distorsion_tamano_documentada","",0.80952380952381,0.857142857142857,3.26451293523095,
"R1","completa","F5_G2_R1","G2",4,"yoy_pp","UNI.ARIMAX_IVAE.G2",42,9.00967319197962,3.63050718542061,1.4102800873963,TRUE,0.519,"distorsion_tamano_documentada","",0.80952380952381,0.857142857142857,3.41622772879061,
"R1","completa","F5_G2_R1","G2",4,"yoy_pp","UNI.UC_LLT",42,10.3184110163526,3.84456212889192,1.61513622967886,TRUE,0.6302,"distorsion_tamano_documentada","",0.80952380952381,0.857142857142857,3.40757822880332,
"R1","completa","F5_G2_R1","G2",8,"yoy_pp","BENCH.AR1",38,6.17755998266747,2.95465469356133,0.927846905375516,TRUE,0.7316,"distorsion_tamano_documentada","",0.789473684210526,0.842105263157895,2.7585612851156,
"R1","completa","F5_G2_R1","G2",8,"yoy_pp","BENCH.ARP_BIC",38,6.24402492520018,3.11004564923513,0.937829696545163,TRUE,0.7316,"distorsion_tamano_documentada","",0.815789473684211,0.842105263157895,2.8304138705269,
"R1","completa","F5_G2_R1","G2",8,"yoy_pp","BENCH.ETS",38,8.17877871060682,3.75562474089731,1.22842263574605,TRUE,0.6308,"distorsion_tamano_documentada","",0.763157894736842,0.815789473684211,3.36141743295837,
"R1","completa","F5_G2_R1","G2",8,"yoy_pp","BENCH.MEDIA_CRECIMIENTO",38,6.17283654040053,2.91657327054596,0.927137461630349,TRUE,0.7666,"distorsion_tamano_documentada","",,,,
"R1","completa","F5_G2_R1","G2",8,"yoy_pp","BENCH.RW_CON_DERIVA",38,6.16673909548168,2.93148468828829,0.926221647714414,TRUE,0.9352,"distorsion_tamano_documentada","",0.842105263157895,0.842105263157895,2.79600885668163,
"R1","completa","F5_G2_R1","G2",8,"yoy_pp","BENCH.RW_SIN_DERIVA",38,6.65795180959008,4.36906983698394,1,TRUE,0.6308,"distorsion_tamano_documentada","",0.789473684210526,0.842105263157895,3.3731305064986,
"R1","completa","F5_G2_R1","G2",8,"yoy_pp","COMB.ECM_INV.G2",38,6.30380283296736,3.10866548678736,0.946808119561244,TRUE,0.7264,"distorsion_tamano_documentada","",,,,
"R1","completa","F5_G2_R1","G2",8,"yoy_pp","COMB.MEDIA.G2",38,6.29998314435357,3.12177371759636,0.946234416307896,TRUE,0.7316,"distorsion_tamano_documentada","",,,,
"R1","completa","F5_G2_R1","G2",8,"yoy_pp","COMB.MEDIANA.G2",38,6.16469071333838,2.94264651253957,0.925913988211629,TRUE,0.9352,"distorsion_tamano_documentada","",,,,
"R1","completa","F5_G2_R1","G2",8,"yoy_pp","COMB.RECORTADA.G2",38,6.29998314435357,3.12177371759636,0.946234416307896,TRUE,0.7316,"distorsion_tamano_documentada","",,,,"COMB.MEDIA.G2"
"R1","completa","F5_G2_R1","G2",8,"yoy_pp","MIX.PUENTE.G2",38,6.15925349181463,2.90230261663952,0.925097337433845,TRUE,1,"distorsion_tamano_documentada","",0.842105263157895,0.868421052631579,2.89871881961617,
"R1","completa","F5_G2_R1","G2",8,"yoy_pp","ML.RF.G2",38,6.32156003792049,3.18609652079925,0.949475186770645,TRUE,0.7316,"distorsion_tamano_documentada","",0.789473684210526,0.815789473684211,3.32908180166922,
"R1","completa","F5_G2_R1","G2",8,"yoy_pp","MULT.VAR_DIF.G2",38,6.50806180940451,3.25321270493345,0.977487070427625,TRUE,0.6426,"distorsion_tamano_documentada","",0.815789473684211,0.842105263157895,2.92053976598215,
"R1","completa","F5_G2_R1","G2",8,"yoy_pp","REG.ENET.G2",38,6.34866378388841,3.43710330636584,0.953546070240976,TRUE,0.7316,"distorsion_tamano_documentada","",0.763157894736842,0.815789473684211,3.43627493541455,
"R1","completa","F5_G2_R1","G2",8,"yoy_pp","UNI.ARIMA",38,6.39762582794924,3.55082212623513,0.960899990104184,TRUE,0.6318,"distorsion_tamano_documentada","",0.815789473684211,0.842105263157895,2.9480338637259,
"R1","completa","F5_G2_R1","G2",8,"yoy_pp","UNI.ARIMAX.G2",38,6.23048127116319,3.0045852112694,0.935795489265759,TRUE,0.7316,"distorsion_tamano_documentada","",0.815789473684211,0.868421052631579,2.82213065096953,
"R1","completa","F5_G2_R1","G2",8,"yoy_pp","UNI.ARIMAX_IVAE.G2",38,6.24488297769433,3.04506422399223,0.937958572890124,TRUE,0.7316,"distorsion_tamano_documentada","",0.815789473684211,0.868421052631579,2.87612576194697,
"R1","completa","F5_G2_R1","G2",8,"yoy_pp","UNI.UC_LLT",38,8.50824546933316,3.86118918741015,1.27790733737032,TRUE,0.613,"distorsion_tamano_documentada","",0.763157894736842,0.815789473684211,3.43889515725057,
"R1","completa","F5_G3_R1","G3",1,"yoy_pp","BENCH.AR1",25,6.7763547777279,3.21540621442328,1.20837898743022,TRUE,0.7394,,"",0.8,0.84,2.9924555087237,
"R1","completa","F5_G3_R1","G3",1,"yoy_pp","BENCH.ARP_BIC",25,7.29070171814391,4.10542237309804,1.30009880663014,TRUE,0.6668,,"",0.72,0.72,3.78244993704988,
"R1","completa","F5_G3_R1","G3",1,"yoy_pp","BENCH.ETS",25,6.84418703949886,3.48010647409029,1.22047503058063,TRUE,0.7394,,"",0.76,0.8,3.08791407223548,
"R1","completa","F5_G3_R1","G3",1,"yoy_pp","BENCH.MEDIA_CRECIMIENTO",25,7.63270511775288,4.17130446751304,1.36108583214355,TRUE,0.7394,,"",,,,
"R1","completa","F5_G3_R1","G3",1,"yoy_pp","BENCH.RW_CON_DERIVA",25,5.59043915758015,2.59624990242745,0.996903118285674,TRUE,0.7394,,"",0.84,0.84,2.41191048991758,
"R1","completa","F5_G3_R1","G3",1,"yoy_pp","BENCH.RW_SIN_DERIVA",25,5.60780586903345,2.83142860368453,1,TRUE,0.7394,,"",0.84,0.84,2.47988412112365,
"R1","completa","F5_G3_R1","G3",1,"yoy_pp","COMB.ECM_INV.G3",25,6.70941260320935,3.29969793688256,1.19644166718734,TRUE,0.7394,,"",,,,
"R1","completa","F5_G3_R1","G3",1,"yoy_pp","COMB.MEDIA.G3",25,6.71406200978992,3.3012580046325,1.19727076268194,TRUE,0.7394,,"",,,,
"R1","completa","F5_G3_R1","G3",1,"yoy_pp","COMB.MEDIANA.G3",25,6.80689204658554,3.20307084454719,1.21382448065356,TRUE,0.7394,,"",,,,
"R1","completa","F5_G3_R1","G3",1,"yoy_pp","COMB.RECORTADA.G3",25,6.71406200978992,3.3012580046325,1.19727076268194,TRUE,0.7394,,"",,,,"COMB.MEDIA.G3"
"R1","completa","F5_G3_R1","G3",1,"yoy_pp","MIX.PUENTE.G3",25,2.83320514690179,1.60997160605398,0.505225254416683,TRUE,1,,"",0.8,0.88,1.32564345955841,
"R1","completa","F5_G3_R1","G3",1,"yoy_pp","ML.RF.G3",25,6.86902212467246,3.24629472173701,1.22490369408176,TRUE,0.7394,,"",0.8,0.84,3.20778578123554,
"R1","completa","F5_G3_R1","G3",1,"yoy_pp","MULT.VAR_DIF.G3",25,6.78973826752407,3.31884860901649,1.21076556965306,TRUE,0.7394,,"",0.8,0.84,2.9826005233214,
"R1","completa","F5_G3_R1","G3",1,"yoy_pp","REG.ENET.G3",25,11.4353243265535,4.88720568320165,2.03917977790563,TRUE,0.5414,,"",0.8,0.8,4.61201302290916,
"R1","completa","F5_G3_R1","G3",1,"yoy_pp","UNI.ARIMA",25,6.96813380858098,3.99929094671742,1.24257757335348,TRUE,0.7394,,"",0.76,0.76,3.50709887896692,
"R1","completa","F5_G3_R1","G3",1,"yoy_pp","UNI.ARIMAX.G3",25,7.54532159608483,3.89499132739916,1.34550335234506,TRUE,0.5414,,"",0.76,0.76,3.64696900975116,
"R1","completa","F5_G3_R1","G3",1,"yoy_pp","UNI.UC_LLT",25,6.90956524432131,3.46248938244383,1.23213345926902,TRUE,0.7394,,"",0.76,0.8,3.08746516313196,
"R1","completa","F5_G3_R1","G3",2,"yoy_pp","BENCH.AR1",24,8.51361170961791,4.24437194234106,1.16802557689536,TRUE,0.809,,"",0.833333333333333,0.833333333333333,3.90096689393178,
"R1","completa","F5_G3_R1","G3",2,"yoy_pp","BENCH.ARP_BIC",24,8.58325528744129,5.10095806949589,1.17758033261347,TRUE,0.809,,"",0.708333333333333,0.708333333333333,4.70479798883576,
"R1","completa","F5_G3_R1","G3",2,"yoy_pp","BENCH.ETS",24,9.68376745210927,4.89622145936112,1.32856517898184,TRUE,0.809,,"",0.708333333333333,0.791666666666667,4.37432106041332,
"R1","completa","F5_G3_R1","G3",2,"yoy_pp","BENCH.MEDIA_CRECIMIENTO",24,7.81359795727099,4.28012111346531,1.07198713929596,TRUE,0.809,,"",,,,
"R1","completa","F5_G3_R1","G3",2,"yoy_pp","BENCH.RW_CON_DERIVA",24,7.2078501092285,3.67899506437027,0.988881519284693,TRUE,0.809,,"",0.833333333333333,0.833333333333333,3.40803785539401,
"R1","completa","F5_G3_R1","G3",2,"yoy_pp","BENCH.RW_SIN_DERIVA",24,7.28889150890624,4.24401998730935,1,TRUE,0.809,,"",0.833333333333333,0.833333333333333,3.58479930865648,
"R1","completa","F5_G3_R1","G3",2,"yoy_pp","COMB.ECM_INV.G3",24,8.25167860412407,4.50293420266622,1.13208964546137,TRUE,0.809,,"",,,,
"R1","completa","F5_G3_R1","G3",2,"yoy_pp","COMB.MEDIA.G3",24,8.25294036064487,4.4906624036713,1.13226275223889,TRUE,0.809,,"",,,,
"R1","completa","F5_G3_R1","G3",2,"yoy_pp","COMB.MEDIANA.G3",24,7.86429343560227,4.40860587801444,1.07894230912793,TRUE,0.809,,"",,,,
"R1","completa","F5_G3_R1","G3",2,"yoy_pp","COMB.RECORTADA.G3",24,8.25294036064487,4.4906624036713,1.13226275223889,TRUE,0.809,,"",,,,"COMB.MEDIA.G3"
"R1","completa","F5_G3_R1","G3",2,"yoy_pp","MIX.PUENTE.G3",24,5.69042205864778,2.61528684016335,0.780697867665432,TRUE,1,,"",0.875,0.916666666666667,2.41507663819197,
"R1","completa","F5_G3_R1","G3",2,"yoy_pp","ML.RF.G3",24,7.9121043868984,4.72827906912121,1.0855017360638,TRUE,0.809,,"",0.75,0.875,4.2849811158835,
"R1","completa","F5_G3_R1","G3",2,"yoy_pp","MULT.VAR_DIF.G3",24,10.2109221152958,4.77685552503337,1.4008882012881,TRUE,0.809,,"",0.791666666666667,0.791666666666667,4.50337717261761,
"R1","completa","F5_G3_R1","G3",2,"yoy_pp","REG.ENET.G3",24,10.7051493030387,6.10048270399015,1.46869373620916,TRUE,0.809,,"",0.666666666666667,0.833333333333333,5.39117424534731,
"R1","completa","F5_G3_R1","G3",2,"yoy_pp","UNI.ARIMA",24,8.39506128462736,5.16162295323105,1.15176104272776,TRUE,0.809,,"",0.75,0.75,4.48486722258904,
"R1","completa","F5_G3_R1","G3",2,"yoy_pp","UNI.ARIMAX.G3",24,9.92864852469526,5.03159060228389,1.36216165552245,TRUE,0.7246,,"",0.75,0.75,4.81064187716408,
"R1","completa","F5_G3_R1","G3",2,"yoy_pp","UNI.UC_LLT",24,9.89935382954771,4.91681266569417,1.35814256769383,TRUE,0.809,,"",0.75,0.791666666666667,4.40549135358012,
"R1","completa","F5_G3_R1","G3",4,"yoy_pp","BENCH.AR1",22,8.03761855168509,3.75906403466354,1.17289501216228,TRUE,0.584,"distorsion_tamano_documentada","",0.863636363636364,0.863636363636364,3.36168687083479,
"R1","completa","F5_G3_R1","G3",4,"yoy_pp","BENCH.ARP_BIC",22,6.93622683027682,3.950296512555,1.01217366812615,TRUE,0.584,"distorsion_tamano_documentada","",0.727272727272727,0.818181818181818,3.55246742408109,
"R1","completa","F5_G3_R1","G3",4,"yoy_pp","BENCH.ETS",22,12.4606744059347,5.0813870204626,1.81833247807399,TRUE,0.5472,"distorsion_tamano_documentada","",0.772727272727273,0.772727272727273,4.38302260223083,
"R1","completa","F5_G3_R1","G3",4,"yoy_pp","BENCH.MEDIA_CRECIMIENTO",22,5.85794868611777,3.0940680437874,0.854825188738233,TRUE,0.584,"distorsion_tamano_documentada","",,,,
"R1","completa","F5_G3_R1","G3",4,"yoy_pp","BENCH.RW_CON_DERIVA",22,5.97615159822997,3.08954208441268,0.872074029940133,TRUE,0.584,"distorsion_tamano_documentada","",0.863636363636364,0.909090909090909,2.82339713033378,
"R1","completa","F5_G3_R1","G3",4,"yoy_pp","BENCH.RW_SIN_DERIVA",22,6.85280307984888,4.69689099790979,1,TRUE,0.584,"distorsion_tamano_documentada","",0.863636363636364,0.909090909090909,3.40332575397288,
"R1","completa","F5_G3_R1","G3",4,"yoy_pp","COMB.ECM_INV.G3",22,12.7215624351238,6.15881017289543,1.85640274306617,TRUE,0.5472,"distorsion_tamano_documentada","",,,,
"R1","completa","F5_G3_R1","G3",4,"yoy_pp","COMB.MEDIA.G3",22,12.7310770157889,6.2330231318047,1.85779116479,TRUE,0.4812,"distorsion_tamano_documentada","",,,,
"R1","completa","F5_G3_R1","G3",4,"yoy_pp","COMB.MEDIANA.G3",22,7.22270172359319,3.60268729636696,1.05397771385435,TRUE,0.584,"distorsion_tamano_documentada","",,,,
"R1","completa","F5_G3_R1","G3",4,"yoy_pp","COMB.RECORTADA.G3",22,12.7310770157889,6.2330231318047,1.85779116479,TRUE,0.4812,"distorsion_tamano_documentada","",,,,"COMB.MEDIA.G3"
"R1","completa","F5_G3_R1","G3",4,"yoy_pp","MIX.PUENTE.G3",22,4.34837030935994,2.57347148815032,0.634538926435317,TRUE,1,"distorsion_tamano_documentada","",0.863636363636364,0.863636363636364,2.50964082053283,
"R1","completa","F5_G3_R1","G3",4,"yoy_pp","ML.RF.G3",22,7.07765066652393,4.09954792179384,1.03281103864435,TRUE,0.584,"distorsion_tamano_documentada","",0.772727272727273,0.909090909090909,3.92350686417293,
"R1","completa","F5_G3_R1","G3",4,"yoy_pp","MULT.VAR_DIF.G3",22,12.0703620337976,4.76122903799473,1.76137587687165,TRUE,0.584,"distorsion_tamano_documentada","",0.818181818181818,0.863636363636364,4.18132273851582,
"R1","completa","F5_G3_R1","G3",4,"yoy_pp","REG.ENET.G3",22,72.1804359106763,21.1829838627515,10.5329797266359,TRUE,0.3482,"distorsion_tamano_documentada","",0.727272727272727,0.818181818181818,20.2339955461987,
"R1","completa","F5_G3_R1","G3",4,"yoy_pp","UNI.ARIMA",22,7.39861400104895,4.74944502178023,1.07964783386306,TRUE,0.584,"distorsion_tamano_documentada","",0.772727272727273,0.818181818181818,3.74576757872159,
"R1","completa","F5_G3_R1","G3",4,"yoy_pp","UNI.ARIMAX.G3",22,10.595194834786,4.60063170693027,1.54611108933538,TRUE,0.5472,"distorsion_tamano_documentada","",0.818181818181818,0.818181818181818,4.35754524452488,
"R1","completa","F5_G3_R1","G3",4,"yoy_pp","UNI.UC_LLT",22,13.067507122518,5.20184227587447,1.90688495937434,TRUE,0.573,"distorsion_tamano_documentada","",0.772727272727273,0.818181818181818,4.51214124876312,
"R1","completa","F5_G3_R1","G3",8,"yoy_pp","BENCH.AR1",18,1.98019177471989,1.68228457890069,0.547205113445538,TRUE,0.6222,"distorsion_tamano_documentada","",0.888888888888889,0.944444444444444,1.5504819390095,
"R1","completa","F5_G3_R1","G3",8,"yoy_pp","BENCH.ARP_BIC",18,2.41539630813168,2.01571638943052,0.667469296499878,TRUE,0.5302,"distorsion_tamano_documentada","",0.888888888888889,0.944444444444444,1.72449057764274,
"R1","completa","F5_G3_R1","G3",8,"yoy_pp","BENCH.ETS",18,8.04244569771431,3.37735797272297,2.22244505132331,TRUE,0.5302,"distorsion_tamano_documentada","",0.833333333333333,0.888888888888889,2.81300683761891,
"R1","completa","F5_G3_R1","G3",8,"yoy_pp","BENCH.MEDIA_CRECIMIENTO",18,1.91973821506436,1.59692648848914,0.530499409790059,TRUE,0.6222,"distorsion_tamano_documentada","",,,,
"R1","completa","F5_G3_R1","G3",8,"yoy_pp","BENCH.RW_CON_DERIVA",18,1.95172021637967,1.63875436076496,0.539337298564965,TRUE,0.6222,"distorsion_tamano_documentada","",0.944444444444444,0.944444444444444,1.65185777063607,
"R1","completa","F5_G3_R1","G3",8,"yoy_pp","BENCH.RW_SIN_DERIVA",18,3.6187377019403,3.37561056584571,1,TRUE,0.5302,"distorsion_tamano_documentada","",0.888888888888889,0.888888888888889,2.32686157651229,
"R1","completa","F5_G3_R1","G3",8,"yoy_pp","COMB.ECM_INV.G3",18,12.1515318006218,5.02951180882029,3.35794766061833,TRUE,0.5302,"distorsion_tamano_documentada","",,,,
"R1","completa","F5_G3_R1","G3",8,"yoy_pp","COMB.MEDIA.G3",18,12.1375723075476,4.93580273841431,3.35409010192688,TRUE,0.5302,"distorsion_tamano_documentada","",,,,
"R1","completa","F5_G3_R1","G3",8,"yoy_pp","COMB.MEDIANA.G3",18,2.11878143418206,1.77500714823524,0.585502904243655,TRUE,0.6222,"distorsion_tamano_documentada","",,,,
"R1","completa","F5_G3_R1","G3",8,"yoy_pp","COMB.RECORTADA.G3",18,12.1375723075476,4.93580273841431,3.35409010192688,TRUE,0.5302,"distorsion_tamano_documentada","",,,,"COMB.MEDIA.G3"
"R1","completa","F5_G3_R1","G3",8,"yoy_pp","MIX.PUENTE.G3",18,1.8204151196538,1.54147696643496,0.50305251985457,TRUE,1,"distorsion_tamano_documentada","",0.944444444444444,0.944444444444444,1.75325415797861,
"R1","completa","F5_G3_R1","G3",8,"yoy_pp","ML.RF.G3",18,3.64443657344695,2.63623606178471,1.00710161211543,TRUE,0.5302,"distorsion_tamano_documentada","",0.888888888888889,0.888888888888889,2.83930206452699,
"R1","completa","F5_G3_R1","G3",8,"yoy_pp","MULT.VAR_DIF.G3",18,3.56763660352915,2.282291142433,0.985878750376478,TRUE,0.5302,"distorsion_tamano_documentada","",0.944444444444444,0.944444444444444,1.88861817944084,
"R1","completa","F5_G3_R1","G3",8,"yoy_pp","REG.ENET.G3",18,82.8983286988139,24.7955401816906,22.9080788735711,TRUE,0.2282,"distorsion_tamano_documentada","",0.833333333333333,0.833333333333333,24.3438845266789,
"R1","completa","F5_G3_R1","G3",8,"yoy_pp","UNI.ARIMA",18,3.13970040788123,2.93604079771213,0.86762309580984,TRUE,0.5302,"distorsion_tamano_documentada","",0.944444444444444,0.944444444444444,1.95273528576905,
"R1","completa","F5_G3_R1","G3",8,"yoy_pp","UNI.ARIMAX.G3",18,2.23052568312104,1.83194825983363,0.616382248960758,TRUE,0.6222,"distorsion_tamano_documentada","",0.888888888888889,0.944444444444444,1.93962683533551,
"R1","completa","F5_G3_R1","G3",8,"yoy_pp","UNI.UC_LLT",18,8.74089054291652,3.59253751643296,2.41545291835598,TRUE,0.5302,"distorsion_tamano_documentada","",0.833333333333333,0.888888888888889,2.99226702027786,
"R2","completa","F5_G2_R2","G2",1,"yoy_pp","BENCH.AR1",45,5.65343156316193,2.20832056933113,1.32564932505767,TRUE,0.7584,,"",0.777777777777778,0.866666666666667,2.03589225372979,
"R2","completa","F5_G2_R2","G2",1,"yoy_pp","BENCH.ARP_BIC",45,5.27316618847326,2.392507188302,1.23648250103815,TRUE,0.7584,,"",0.733333333333333,0.844444444444444,2.16480686164389,
"R2","completa","F5_G2_R2","G2",1,"yoy_pp","BENCH.ETS",45,5.3287375711246,2.28583745863567,1.24951320019515,TRUE,0.7584,,"",0.755555555555556,0.866666666666667,1.99489712368877,
"R2","completa","F5_G2_R2","G2",1,"yoy_pp","BENCH.MEDIA_CRECIMIENTO",45,5.70857665370662,2.55170479952014,1.33858006477638,TRUE,0.7584,,"",,,,
"R2","completa","F5_G2_R2","G2",1,"yoy_pp","BENCH.RW_CON_DERIVA",45,4.241073242003,1.75306680716025,0.994471378660675,TRUE,0.7584,,"",0.8,0.911111111111111,1.59375669934257,
"R2","completa","F5_G2_R2","G2",1,"yoy_pp","BENCH.RW_SIN_DERIVA",45,4.2646508818733,2.00620221852723,1,TRUE,0.7584,,"",0.8,0.911111111111111,1.68455533043407,
"R2","completa","F5_G2_R2","G2",1,"yoy_pp","COMB.ECM_INV.G2",45,3.99561967488578,1.68581396823747,0.936916006857437,TRUE,0.7584,,"",,,,
"R2","completa","F5_G2_R2","G2",1,"yoy_pp","COMB.MEDIA.G2",45,4.7493211271883,1.98735492837329,1.11364828182655,TRUE,0.7584,,"",,,,
"R2","completa","F5_G2_R2","G2",1,"yoy_pp","COMB.MEDIANA.G2",45,5.12077583930824,2.06762599214648,1.20074913073749,TRUE,0.7584,,"",,,,
"R2","completa","F5_G2_R2","G2",1,"yoy_pp","COMB.RECORTADA.G2",45,4.7493211271883,1.98735492837329,1.11364828182655,TRUE,0.7584,,"",,,,"COMB.MEDIA.G2"
"R2","completa","F5_G2_R2","G2",1,"yoy_pp","MIX.PUENTE.G2",45,1.907604316438,1.10773621815536,0.447306091231567,TRUE,1,,"",0.822222222222222,0.888888888888889,0.876739618903401,
"R2","completa","F5_G2_R2","G2",1,"yoy_pp","ML.RF.G2",45,4.93269185676423,1.9444600755426,1.15664611087637,TRUE,0.7584,,"",0.777777777777778,0.822222222222222,1.92536996562436,
"R2","completa","F5_G2_R2","G2",1,"yoy_pp","MULT.VAR_DIF.G2",45,5.1412633617788,2.11121142779193,1.20555316347969,TRUE,0.7584,,"",0.8,0.866666666666667,1.88759966731258,
"R2","completa","F5_G2_R2","G2",1,"yoy_pp","REG.ENET.G2",45,5.14376696727022,2.07770382670892,1.20614022337293,TRUE,0.7584,,"",0.733333333333333,0.822222222222222,1.9546853845675,
"R2","completa","F5_G2_R2","G2",1,"yoy_pp","UNI.ARIMA",45,5.03689261338638,2.34373149796728,1.18107970685138,TRUE,0.7584,,"",0.777777777777778,0.844444444444444,2.0321715074736,
"R2","completa","F5_G2_R2","G2",1,"yoy_pp","UNI.ARIMAX.G2",45,5.43227954870673,2.32057321461666,1.27379232185133,TRUE,0.6022,,"",0.755555555555556,0.822222222222222,2.12337318576615,
"R2","completa","F5_G2_R2","G2",1,"yoy_pp","UNI.ARIMAX_IVAE.G2",45,5.74028884995969,2.49954605937469,1.34601612393608,TRUE,0.5722,,"",0.777777777777778,0.844444444444444,2.25665981196926,
"R2","completa","F5_G2_R2","G2",1,"yoy_pp","UNI.UC_LLT",45,5.71484353261563,2.33135814794034,1.34004955878248,TRUE,0.7584,,"",0.777777777777778,0.866666666666667,2.06339241012977,
"R2","completa","F5_G2_R2","G2",2,"yoy_pp","BENCH.AR1",44,7.46421866065818,2.88272167349919,1.36149407185788,TRUE,0.6852,,"",0.886363636363636,0.886363636363636,2.62606660630395,
"R2","completa","F5_G2_R2","G2",2,"yoy_pp","BENCH.ARP_BIC",44,6.16562246138462,2.92411055836817,1.12462654326216,TRUE,0.6852,,"",0.818181818181818,0.840909090909091,2.65433515086465,
"R2","completa","F5_G2_R2","G2",2,"yoy_pp","BENCH.ETS",44,7.58872317124177,3.08324646873929,1.38420403800243,TRUE,0.6852,,"",0.818181818181818,0.863636363636364,2.70805088868875,
"R2","completa","F5_G2_R2","G2",2,"yoy_pp","BENCH.MEDIA_CRECIMIENTO",44,5.81988090466241,2.63719999757825,1.06156232967565,TRUE,0.7484,,"",,,,
"R2","completa","F5_G2_R2","G2",2,"yoy_pp","BENCH.RW_CON_DERIVA",44,5.39948360332714,2.34640325021328,0.984880702352772,TRUE,0.7484,,"",0.886363636363636,0.886363636363636,2.1497140957622,
"R2","completa","F5_G2_R2","G2",2,"yoy_pp","BENCH.RW_SIN_DERIVA",44,5.48237323609688,2.9404891536599,1,TRUE,0.7484,,"",0.818181818181818,0.909090909090909,2.37908958186933,
"R2","completa","F5_G2_R2","G2",2,"yoy_pp","COMB.ECM_INV.G2",44,6.34012998954996,2.68372590114236,1.15645719773427,TRUE,0.7484,,"",,,,
"R2","completa","F5_G2_R2","G2",2,"yoy_pp","COMB.MEDIA.G2",44,6.39667357547833,2.72945378048068,1.16677090376874,TRUE,0.7398,,"",,,,
"R2","completa","F5_G2_R2","G2",2,"yoy_pp","COMB.MEDIANA.G2",44,6.40226223291494,2.72215402843471,1.16779029030008,TRUE,0.7026,,"",,,,
"R2","completa","F5_G2_R2","G2",2,"yoy_pp","COMB.RECORTADA.G2",44,6.39667357547833,2.72945378048068,1.16677090376874,TRUE,0.7398,,"",,,,"COMB.MEDIA.G2"
"R2","completa","F5_G2_R2","G2",2,"yoy_pp","MIX.PUENTE.G2",44,4.2080022318983,1.74236893598804,0.767551213805016,TRUE,1,,"",0.909090909090909,0.931818181818182,1.60183678151552,
"R2","completa","F5_G2_R2","G2",2,"yoy_pp","ML.RF.G2",44,5.71737309225527,2.68320009185452,1.04286462195078,TRUE,0.7484,,"",0.75,0.909090909090909,2.4769094608528,
"R2","completa","F5_G2_R2","G2",2,"yoy_pp","MULT.VAR_DIF.G2",44,7.7622836883548,2.96232339068118,1.41586195504651,TRUE,0.6852,,"",0.840909090909091,0.863636363636364,2.76375293807147,
"R2","completa","F5_G2_R2","G2",2,"yoy_pp","REG.ENET.G2",44,5.67642386719392,2.67378978327131,1.03539537035154,TRUE,0.7484,,"",0.772727272727273,0.909090909090909,2.40251891786324,
"R2","completa","F5_G2_R2","G2",2,"yoy_pp","UNI.ARIMA",44,6.07173556825228,3.04013550448827,1.10750131499164,TRUE,0.6852,,"",0.840909090909091,0.863636363636364,2.5859916121394,
"R2","completa","F5_G2_R2","G2",2,"yoy_pp","UNI.ARIMAX.G2",44,7.31504076732186,3.03514919888878,1.33428361264395,TRUE,0.584,,"",0.795454545454545,0.818181818181818,2.82888525446605,
"R2","completa","F5_G2_R2","G2",2,"yoy_pp","UNI.ARIMAX_IVAE.G2",44,7.60262992560935,3.16497053671691,1.38674066835733,TRUE,0.496,,"",0.840909090909091,0.840909090909091,2.91893107068616,
"R2","completa","F5_G2_R2","G2",2,"yoy_pp","UNI.UC_LLT",44,8.55759260365469,3.24284619859538,1.56092849485512,TRUE,0.6852,,"",0.840909090909091,0.863636363636364,2.88289871762665,
"R2","completa","F5_G2_R2","G2",4,"yoy_pp","BENCH.AR1",42,8.96671091580254,3.44068477410179,1.40355522165359,TRUE,0.6334,"distorsion_tamano_documentada","",0.857142857142857,0.880952380952381,3.1622512121072,
"R2","completa","F5_G2_R2","G2",4,"yoy_pp","BENCH.ARP_BIC",42,6.5415955927267,3.11798541560674,1.02395301223959,TRUE,0.648,"distorsion_tamano_documentada","",0.80952380952381,0.857142857142857,2.9069226353871,
"R2","completa","F5_G2_R2","G2",4,"yoy_pp","BENCH.ETS",42,10.8187162889159,3.91769935140893,1.69344878868971,TRUE,0.625,"distorsion_tamano_documentada","",0.80952380952381,0.857142857142857,3.46930951706297,
"R2","completa","F5_G2_R2","G2",4,"yoy_pp","BENCH.MEDIA_CRECIMIENTO",42,5.94804530895659,2.73894453309491,0.931044853615753,TRUE,0.648,"distorsion_tamano_documentada","",,,,
"R2","completa","F5_G2_R2","G2",4,"yoy_pp","BENCH.RW_CON_DERIVA",42,6.04639797724991,2.73370144275588,0.946439952492352,TRUE,0.648,"distorsion_tamano_documentada","",0.857142857142857,0.904761904761905,2.57655279453951,
"R2","completa","F5_G2_R2","G2",4,"yoy_pp","BENCH.RW_SIN_DERIVA",42,6.38857009504655,4.1996248685852,1,TRUE,0.648,"distorsion_tamano_documentada","",0.761904761904762,0.904761904761905,3.10966677888218,
"R2","completa","F5_G2_R2","G2",4,"yoy_pp","COMB.ECM_INV.G2",42,7.9411425001122,3.43582562668529,1.24302345939187,TRUE,0.625,"distorsion_tamano_documentada","",,,,
"R2","completa","F5_G2_R2","G2",4,"yoy_pp","COMB.MEDIA.G2",42,7.92637094557378,3.4228247611898,1.24071127461207,TRUE,0.6334,"distorsion_tamano_documentada","",,,,
"R2","completa","F5_G2_R2","G2",4,"yoy_pp","COMB.MEDIANA.G2",42,7.45498676831185,3.25271822936983,1.16692572162465,TRUE,0.648,"distorsion_tamano_documentada","",,,,
"R2","completa","F5_G2_R2","G2",4,"yoy_pp","COMB.RECORTADA.G2",42,7.92637094557378,3.4228247611898,1.24071127461207,TRUE,0.6334,"distorsion_tamano_documentada","",,,,"COMB.MEDIA.G2"
"R2","completa","F5_G2_R2","G2",4,"yoy_pp","MIX.PUENTE.G2",42,5.2684415640387,2.49204032415601,0.824666785471079,TRUE,1,"distorsion_tamano_documentada","",0.857142857142857,0.880952380952381,2.45117945075062,
"R2","completa","F5_G2_R2","G2",4,"yoy_pp","ML.RF.G2",42,6.53662841770328,3.38394846160668,1.02317550257006,TRUE,0.6334,"distorsion_tamano_documentada","",0.785714285714286,0.880952380952381,3.06909438021158,
"R2","completa","F5_G2_R2","G2",4,"yoy_pp","MULT.VAR_DIF.G2",42,10.1150196397429,3.67623438694306,1.58329946909179,TRUE,0.625,"distorsion_tamano_documentada","",0.833333333333333,0.880952380952381,3.31356976764607,
"R2","completa","F5_G2_R2","G2",4,"yoy_pp","REG.ENET.G2",42,6.44256628555265,3.38174254409876,1.00845199938371,TRUE,0.648,"distorsion_tamano_documentada","",0.761904761904762,0.857142857142857,2.91561057652593,
"R2","completa","F5_G2_R2","G2",4,"yoy_pp","UNI.ARIMA",42,6.92833400367428,3.88911701062096,1.08448900154453,TRUE,0.6334,"distorsion_tamano_documentada","",0.833333333333333,0.857142857142857,3.16045069451485,
"R2","completa","F5_G2_R2","G2",4,"yoy_pp","UNI.ARIMAX.G2",42,8.69658921011257,3.53592445800812,1.36127319270639,TRUE,0.5962,"distorsion_tamano_documentada","",0.785714285714286,0.857142857142857,3.28364656736935,
"R2","completa","F5_G2_R2","G2",4,"yoy_pp","UNI.ARIMAX_IVAE.G2",42,8.9909643532734,3.66302158097356,1.4073516012988,TRUE,0.5202,"distorsion_tamano_documentada","",0.80952380952381,0.857142857142857,3.41837565567632,
"R2","completa","F5_G2_R2","G2",4,"yoy_pp","UNI.UC_LLT",42,13.0379675229968,4.31605243473441,2.04082718496052,TRUE,0.5952,"distorsion_tamano_documentada","",0.80952380952381,0.880952380952381,3.86678335564547,
"R2","completa","F5_G2_R2","G2",8,"yoy_pp","BENCH.AR1",38,6.22032355175061,3.02660258736522,0.934269836977626,TRUE,0.6678,"distorsion_tamano_documentada","",0.789473684210526,0.842105263157895,2.83220604676279,
"R2","completa","F5_G2_R2","G2",8,"yoy_pp","BENCH.ARP_BIC",38,6.17227398278791,2.98704898028673,0.927052967535362,TRUE,0.6732,"distorsion_tamano_documentada","",0.815789473684211,0.868421052631579,2.80893485954939,
"R2","completa","F5_G2_R2","G2",8,"yoy_pp","BENCH.ETS",38,8.89618682213594,3.90481718433307,1.33617470906322,TRUE,0.5868,"distorsion_tamano_documentada","",0.789473684210526,0.815789473684211,3.48190409356269,
"R2","completa","F5_G2_R2","G2",8,"yoy_pp","BENCH.MEDIA_CRECIMIENTO",38,6.1579800790247,2.88568607730701,0.924906075492282,TRUE,0.807,"distorsion_tamano_documentada","",,,,
"R2","completa","F5_G2_R2","G2",8,"yoy_pp","BENCH.RW_CON_DERIVA",38,6.15576467538323,2.89254025099279,0.924573329971614,TRUE,0.807,"distorsion_tamano_documentada","",0.815789473684211,0.868421052631579,2.83495659698317,
"R2","completa","F5_G2_R2","G2",8,"yoy_pp","BENCH.RW_SIN_DERIVA",38,6.65795180959008,4.36906983698394,1,TRUE,0.6058,"distorsion_tamano_documentada","",0.710526315789474,0.868421052631579,3.42372313511382,
"R2","completa","F5_G2_R2","G2",8,"yoy_pp","COMB.ECM_INV.G2",38,6.40042060902934,3.18668995296816,0.961319755996163,TRUE,0.6408,"distorsion_tamano_documentada","",,,,
"R2","completa","F5_G2_R2","G2",8,"yoy_pp","COMB.MEDIA.G2",38,6.40820581398164,3.19981326738125,0.962489065293518,TRUE,0.6408,"distorsion_tamano_documentada","",,,,
"R2","completa","F5_G2_R2","G2",8,"yoy_pp","COMB.MEDIANA.G2",38,6.17555180290794,2.95227043064858,0.927545284123672,TRUE,0.7226,"distorsion_tamano_documentada","",,,,
"R2","completa","F5_G2_R2","G2",8,"yoy_pp","COMB.RECORTADA.G2",38,6.40820581398164,3.19981326738125,0.962489065293518,TRUE,0.6408,"distorsion_tamano_documentada","",,,,"COMB.MEDIA.G2"
"R2","completa","F5_G2_R2","G2",8,"yoy_pp","MIX.PUENTE.G2",38,6.15060806137687,2.86482950884096,0.923798825416184,TRUE,1,"distorsion_tamano_documentada","",0.842105263157895,0.868421052631579,2.87638823339946,
"R2","completa","F5_G2_R2","G2",8,"yoy_pp","ML.RF.G2",38,6.25124564309262,3.11341726207631,0.938914221951616,TRUE,0.6732,"distorsion_tamano_documentada","",0.789473684210526,0.815789473684211,3.29867712427795,
"R2","completa","F5_G2_R2","G2",8,"yoy_pp","MULT.VAR_DIF.G2",38,6.66882290620654,3.33160019768728,1.00163279893387,TRUE,0.6058,"distorsion_tamano_documentada","",0.789473684210526,0.842105263157895,2.96206072259753,
"R2","completa","F5_G2_R2","G2",8,"yoy_pp","REG.ENET.G2",38,6.36522498877575,3.51097969931711,0.956033502616723,TRUE,0.6408,"distorsion_tamano_documentada","",0.763157894736842,0.815789473684211,3.47060608516079,
"R2","completa","F5_G2_R2","G2",8,"yoy_pp","UNI.ARIMA",38,6.47072137989773,3.6964041226273,0.971878674546328,TRUE,0.6058,"distorsion_tamano_documentada","",0.815789473684211,0.868421052631579,3.05758876135334,
"R2","completa","F5_G2_R2","G2",8,"yoy_pp","UNI.ARIMAX.G2",38,6.23907678863448,3.04145007715034,0.937086504538491,TRUE,0.6408,"distorsion_tamano_documentada","",0.815789473684211,0.868421052631579,2.81905301375124,
"R2","completa","F5_G2_R2","G2",8,"yoy_pp","UNI.ARIMAX_IVAE.G2",38,6.245086886706,3.0511547098949,0.937989199277564,TRUE,0.6408,"distorsion_tamano_documentada","",0.815789473684211,0.868421052631579,2.86511705999343,
"R2","completa","F5_G2_R2","G2",8,"yoy_pp","UNI.UC_LLT",38,10.871107669584,4.3900526245238,1.63280059400931,TRUE,0.5488,"distorsion_tamano_documentada","",0.763157894736842,0.815789473684211,3.86306315069486,
"R2","completa","F5_G3_R2","G3",1,"yoy_pp","BENCH.AR1",25,7.5433831165591,3.45364288523002,1.33895900111071,TRUE,0.7116,,"",0.8,0.84,3.2633142181036,
"R2","completa","F5_G3_R2","G3",1,"yoy_pp","BENCH.ARP_BIC",25,7.0256431372476,3.7367476134935,1.24705957152821,TRUE,0.7248,,"",0.76,0.76,3.47511843484797,
"R2","completa","F5_G3_R2","G3",1,"yoy_pp","BENCH.ETS",25,7.10611960443495,3.59624439131234,1.26134423511391,TRUE,0.7194,,"",0.76,0.8,3.19461354699565,
"R2","completa","F5_G3_R2","G3",1,"yoy_pp","BENCH.MEDIA_CRECIMIENTO",25,7.63598280690195,4.14178407882898,1.3553955504638,TRUE,0.7374,,"",,,,
"R2","completa","F5_G3_R2","G3",1,"yoy_pp","BENCH.RW_CON_DERIVA",25,5.63146177994086,2.60702516157412,0.99959081000545,TRUE,0.7374,,"",0.84,0.88,2.45693428108808,
"R2","completa","F5_G3_R2","G3",1,"yoy_pp","BENCH.RW_SIN_DERIVA",25,5.63376706105386,2.86643438674383,1,TRUE,0.7374,,"",0.84,0.88,2.51162212394582,
"R2","completa","F5_G3_R2","G3",1,"yoy_pp","COMB.ECM_INV.G3",25,6.91581903360428,3.29242529364788,1.2275656694103,TRUE,0.7374,,"",,,,
"R2","completa","F5_G3_R2","G3",1,"yoy_pp","COMB.MEDIA.G3",25,6.92145488500657,3.29760080796422,1.22856603938322,TRUE,0.7374,,"",,,,
"R2","completa","F5_G3_R2","G3",1,"yoy_pp","COMB.MEDIANA.G3",25,6.86285052904894,3.2224473875481,1.2181637001806,TRUE,0.7374,,"",,,,
"R2","completa","F5_G3_R2","G3",1,"yoy_pp","COMB.RECORTADA.G3",25,6.92145488500657,3.29760080796422,1.22856603938322,TRUE,0.7374,,"",,,,"COMB.MEDIA.G3"
"R2","completa","F5_G3_R2","G3",1,"yoy_pp","MIX.PUENTE.G3",25,2.95506737978305,1.63557065809682,0.52452778891257,TRUE,1,,"",0.8,0.88,1.36070233714183,
"R2","completa","F5_G3_R2","G3",1,"yoy_pp","ML.RF.G3",25,6.95145182666166,3.2257256493008,1.23389053031975,TRUE,0.7374,,"",0.8,0.84,3.22294152348906,
"R2","completa","F5_G3_R2","G3",1,"yoy_pp","MULT.VAR_DIF.G3",25,6.85339868062466,3.30819370944543,1.2164859864374,TRUE,0.7374,,"",0.8,0.8,3.00624088875178,
"R2","completa","F5_G3_R2","G3",1,"yoy_pp","REG.ENET.G3",25,12.401908932866,5.20435388236481,2.20135280682799,TRUE,0.5372,,"",0.8,0.8,4.88854253926452,
"R2","completa","F5_G3_R2","G3",1,"yoy_pp","UNI.ARIMA",25,6.70024907170367,3.60586871380234,1.18930175832479,TRUE,0.7374,,"",0.8,0.8,3.20862137117095,
"R2","completa","F5_G3_R2","G3",1,"yoy_pp","UNI.ARIMAX.G3",25,7.52752348536078,3.90736811919331,1.3361438987065,TRUE,0.4758,,"",0.76,0.76,3.64059159814464,
"R2","completa","F5_G3_R2","G3",1,"yoy_pp","UNI.UC_LLT",25,7.62649815196542,3.67435528425915,1.35371201352773,TRUE,0.7038,,"",0.8,0.8,3.31458111670206,
"R2","completa","F5_G3_R2","G3",2,"yoy_pp","BENCH.AR1",24,10.0668536748568,4.6845922612118,1.38015039584943,TRUE,0.752,,"",0.833333333333333,0.833333333333333,4.3519684424653,
"R2","completa","F5_G3_R2","G3",2,"yoy_pp","BENCH.ARP_BIC",24,8.29486546092315,4.71530907938562,1.13721349481855,TRUE,0.752,,"",0.75,0.75,4.37570467049648,
"R2","completa","F5_G3_R2","G3",2,"yoy_pp","BENCH.ETS",24,10.2388715559956,5.06643527302368,1.40373378688846,TRUE,0.752,,"",0.708333333333333,0.791666666666667,4.51569917772483,
"R2","completa","F5_G3_R2","G3",2,"yoy_pp","BENCH.MEDIA_CRECIMIENTO",24,7.83664749310414,4.25555068566911,1.07439250525254,TRUE,0.752,,"",,,,
"R2","completa","F5_G3_R2","G3",2,"yoy_pp","BENCH.RW_CON_DERIVA",24,7.25423379961224,3.6989714117445,0.99454446975078,TRUE,0.752,,"",0.833333333333333,0.833333333333333,3.46836037160724,
"R2","completa","F5_G3_R2","G3",2,"yoy_pp","BENCH.RW_SIN_DERIVA",24,7.29402658227043,4.24361390452076,1,TRUE,0.752,,"",0.833333333333333,0.833333333333333,3.60974083428555,
"R2","completa","F5_G3_R2","G3",2,"yoy_pp","COMB.ECM_INV.G3",24,8.39876074376184,4.49140751508068,1.15145738078014,TRUE,0.752,,"",,,,
"R2","completa","F5_G3_R2","G3",2,"yoy_pp","COMB.MEDIA.G3",24,8.39961503294304,4.4920854853398,1.15157450253334,TRUE,0.752,,"",,,,
"R2","completa","F5_G3_R2","G3",2,"yoy_pp","COMB.MEDIANA.G3",24,7.85292259163603,4.26664261229599,1.07662379661792,TRUE,0.752,,"",,,,
"R2","completa","F5_G3_R2","G3",2,"yoy_pp","COMB.RECORTADA.G3",24,8.39961503294304,4.4920854853398,1.15157450253334,TRUE,0.752,,"",,,,"COMB.MEDIA.G3"
"R2","completa","F5_G3_R2","G3",2,"yoy_pp","MIX.PUENTE.G3",24,5.61217892697612,2.5802246516311,0.769421233070034,TRUE,1,,"",0.875,0.916666666666667,2.37642811636681,
"R2","completa","F5_G3_R2","G3",2,"yoy_pp","ML.RF.G3",24,7.90931551235067,4.7148694383172,1.08435518065917,TRUE,0.752,,"",0.791666666666667,0.875,4.26961186544225,
"R2","completa","F5_G3_R2","G3",2,"yoy_pp","MULT.VAR_DIF.G3",24,10.4630071173199,4.77382493925119,1.43446243296568,TRUE,0.752,,"",0.791666666666667,0.791666666666667,4.55874016576341,
"R2","completa","F5_G3_R2","G3",2,"yoy_pp","REG.ENET.G3",24,10.9703986639642,6.22436808765939,1.50402504573125,TRUE,0.752,,"",0.666666666666667,0.875,5.51369862430105,
"R2","completa","F5_G3_R2","G3",2,"yoy_pp","UNI.ARIMA",24,8.16509119411082,4.8892459946101,1.11942163933947,TRUE,0.752,,"",0.791666666666667,0.791666666666667,4.2465252263242,
"R2","completa","F5_G3_R2","G3",2,"yoy_pp","UNI.ARIMAX.G3",24,9.93481595909674,5.03376829390182,1.36204822494687,TRUE,0.6314,,"",0.75,0.75,4.80602122573775,
"R2","completa","F5_G3_R2","G3",2,"yoy_pp","UNI.UC_LLT",24,11.5528130038438,5.35035069510252,1.58387316985178,TRUE,0.6772,,"",0.75,0.791666666666667,4.82447134997854,
"R2","completa","F5_G3_R2","G3",4,"yoy_pp","BENCH.AR1",22,10.9662425679993,4.41872701150338,1.60025648486037,TRUE,0.6254,"distorsion_tamano_documentada","",0.863636363636364,0.863636363636364,4.04423580183116,
"R2","completa","F5_G3_R2","G3",4,"yoy_pp","BENCH.ARP_BIC",22,6.9367314328151,3.7719910007995,1.01224730259841,TRUE,0.6978,"distorsion_tamano_documentada","",0.772727272727273,0.818181818181818,3.53609984983152,
"R2","completa","F5_G3_R2","G3",4,"yoy_pp","BENCH.ETS",22,13.7934186954768,5.35085632328058,2.01281410464534,TRUE,0.5776,"distorsion_tamano_documentada","",0.772727272727273,0.818181818181818,4.64009214401248,
"R2","completa","F5_G3_R2","G3",4,"yoy_pp","BENCH.MEDIA_CRECIMIENTO",22,5.8456522224953,3.07002216254122,0.853030818831614,TRUE,0.6978,"distorsion_tamano_documentada","",,,,
"R2","completa","F5_G3_R2","G3",4,"yoy_pp","BENCH.RW_CON_DERIVA",22,6.01985068925968,3.06167537706091,0.878450849837119,TRUE,0.6978,"distorsion_tamano_documentada","",0.863636363636364,0.909090909090909,2.90757751496975,
"R2","completa","F5_G3_R2","G3",4,"yoy_pp","BENCH.RW_SIN_DERIVA",22,6.85280307984888,4.69689099790979,1,TRUE,0.6978,"distorsion_tamano_documentada","",0.863636363636364,0.954545454545455,3.42899966905871,
"R2","completa","F5_G3_R2","G3",4,"yoy_pp","COMB.ECM_INV.G3",22,9.16625049778701,4.03905019323231,1.3375914047116,TRUE,0.6978,"distorsion_tamano_documentada","",,,,
"R2","completa","F5_G3_R2","G3",4,"yoy_pp","COMB.MEDIA.G3",22,9.18616359662871,4.14669583316283,1.34049723734821,TRUE,0.6978,"distorsion_tamano_documentada","",,,,
"R2","completa","F5_G3_R2","G3",4,"yoy_pp","COMB.MEDIANA.G3",22,7.25484622874984,3.68910908975645,1.05866842286526,TRUE,0.6978,"distorsion_tamano_documentada","",,,,
"R2","completa","F5_G3_R2","G3",4,"yoy_pp","COMB.RECORTADA.G3",22,9.18616359662871,4.14669583316283,1.34049723734821,TRUE,0.6978,"distorsion_tamano_documentada","",,,,"COMB.MEDIA.G3"
"R2","completa","F5_G3_R2","G3",4,"yoy_pp","MIX.PUENTE.G3",22,4.09372179109965,2.47345967607206,0.597379166364418,TRUE,1,"distorsion_tamano_documentada","",0.863636363636364,0.863636363636364,2.43018995517643,
"R2","completa","F5_G3_R2","G3",4,"yoy_pp","ML.RF.G3",22,7.45639715895291,4.16186701249025,1.08807988089997,TRUE,0.6978,"distorsion_tamano_documentada","",0.818181818181818,0.909090909090909,4.03552561061107,
"R2","completa","F5_G3_R2","G3",4,"yoy_pp","MULT.VAR_DIF.G3",22,12.7293231816661,4.9059450101518,1.85753523534004,TRUE,0.5826,"distorsion_tamano_documentada","",0.818181818181818,0.863636363636364,4.32865078514288,
"R2","completa","F5_G3_R2","G3",4,"yoy_pp","REG.ENET.G3",22,7.98644840071664,4.33883555406197,1.16542797270818,TRUE,0.6978,"distorsion_tamano_documentada","",0.772727272727273,0.818181818181818,4.16330731068603,
"R2","completa","F5_G3_R2","G3",4,"yoy_pp","UNI.ARIMA",22,7.63900567351444,5.19674702502716,1.11472715391129,TRUE,0.6978,"distorsion_tamano_documentada","",0.818181818181818,0.818181818181818,4.00248626752111,
"R2","completa","F5_G3_R2","G3",4,"yoy_pp","UNI.ARIMAX.G3",22,10.5628951399665,4.57818829867318,1.54139773416624,TRUE,0.564,"distorsion_tamano_documentada","",0.818181818181818,0.863636363636364,4.3421711208296,
"R2","completa","F5_G3_R2","G3",4,"yoy_pp","UNI.UC_LLT",22,17.0700223030882,6.08808843311207,2.49095473840241,TRUE,0.5594,"distorsion_tamano_documentada","",0.772727272727273,0.863636363636364,5.38416027626428,
"R2","completa","F5_G3_R2","G3",8,"yoy_pp","BENCH.AR1",18,2.24696798316164,1.82119386442775,0.620925905173192,TRUE,0.4956,"distorsion_tamano_documentada","",0.888888888888889,0.944444444444444,1.7461443056363,
"R2","completa","F5_G3_R2","G3",8,"yoy_pp","BENCH.ARP_BIC",18,1.92452752303849,1.73091843735858,0.531822884539711,TRUE,0.5052,"distorsion_tamano_documentada","",0.944444444444444,1,1.70993418362534,
"R2","completa","F5_G3_R2","G3",8,"yoy_pp","BENCH.ETS",18,9.50348746490815,3.68960228863544,2.62618853524879,TRUE,0.4946,"distorsion_tamano_documentada","",0.888888888888889,0.888888888888889,3.10545227864253,
"R2","completa","F5_G3_R2","G3",8,"yoy_pp","BENCH.MEDIA_CRECIMIENTO",18,1.81530197841437,1.53257839359257,0.501639557197261,TRUE,0.519,"distorsion_tamano_documentada","",,,,
"R2","completa","F5_G3_R2","G3",8,"yoy_pp","BENCH.RW_CON_DERIVA",18,1.81514267644272,1.55457040619936,0.501595535777428,TRUE,0.5104,"distorsion_tamano_documentada","",0.944444444444444,1,1.76803269197305,
"R2","completa","F5_G3_R2","G3",8,"yoy_pp","BENCH.RW_SIN_DERIVA",18,3.6187377019403,3.37561056584571,1,TRUE,0.4946,"distorsion_tamano_documentada","",0.888888888888889,0.944444444444444,2.42666675392892,
"R2","completa","F5_G3_R2","G3",8,"yoy_pp","COMB.ECM_INV.G3",18,3.90055194977156,2.77827607377198,1.07787639531878,TRUE,0.4946,"distorsion_tamano_documentada","",,,,
"R2","completa","F5_G3_R2","G3",8,"yoy_pp","COMB.MEDIA.G3",18,3.88854099544026,2.75087088455791,1.07455729475925,TRUE,0.4946,"distorsion_tamano_documentada","",,,,
"R2","completa","F5_G3_R2","G3",8,"yoy_pp","COMB.MEDIANA.G3",18,1.93397371848339,1.59124049521961,0.534433241029443,TRUE,0.5052,"distorsion_tamano_documentada","",,,,
"R2","completa","F5_G3_R2","G3",8,"yoy_pp","COMB.RECORTADA.G3",18,3.88854099544026,2.75087088455791,1.07455729475925,TRUE,0.4946,"distorsion_tamano_documentada","",,,,"COMB.MEDIA.G3"
"R2","completa","F5_G3_R2","G3",8,"yoy_pp","MIX.PUENTE.G3",18,1.78130164298045,1.52271052612391,0.492243923074434,TRUE,1,"distorsion_tamano_documentada","",0.944444444444444,0.944444444444444,1.75426183456802,
"R2","completa","F5_G3_R2","G3",8,"yoy_pp","ML.RF.G3",18,3.34568359825813,2.59699708121825,0.924544378130594,TRUE,0.4956,"distorsion_tamano_documentada","",0.888888888888889,0.888888888888889,2.80979623634466,
"R2","completa","F5_G3_R2","G3",8,"yoy_pp","MULT.VAR_DIF.G3",18,4.14308254586242,2.43599157024421,1.14489716777234,TRUE,0.4956,"distorsion_tamano_documentada","",0.888888888888889,0.944444444444444,2.01139746761133,
"R2","completa","F5_G3_R2","G3",8,"yoy_pp","REG.ENET.G3",18,10.8640592512133,5.63758567523892,3.00216819953216,TRUE,0.4908,"distorsion_tamano_documentada","",0.777777777777778,0.777777777777778,5.19048875987514,
"R2","completa","F5_G3_R2","G3",8,"yoy_pp","UNI.ARIMA",18,3.36483567158737,3.17574987955482,0.929836851613537,TRUE,0.4946,"distorsion_tamano_documentada","",0.944444444444444,1,2.18657074614892,
"R2","completa","F5_G3_R2","G3",8,"yoy_pp","UNI.ARIMAX.G3",18,2.23143318881371,1.82800746357066,0.61663302858819,TRUE,0.5052,"distorsion_tamano_documentada","",0.888888888888889,0.944444444444444,1.9420409826758,
"R2","completa","F5_G3_R2","G3",8,"yoy_pp","UNI.UC_LLT",18,13.1471878031535,4.69291321761636,3.63308669653074,TRUE,0.4908,"distorsion_tamano_documentada","",0.833333333333333,0.888888888888889,3.90802319266501,
"R3","pre2020","F5_G1","G1",1,"yoy_pp","BENCH.AR1",27,0.83882288519563,0.672920753018831,0.802484318168383,TRUE,0.9916,,"",0.925925925925926,1,0.489572121528624,
"R3","pre2020","F5_G1","G1",1,"yoy_pp","BENCH.ARP_BIC",27,0.856898846376012,0.693977932428418,0.819777212340784,TRUE,0.9886,,"",0.888888888888889,1,0.499960672602527,"BENCH.RW_CON_DERIVA"
"R3","pre2020","F5_G1","G1",1,"yoy_pp","BENCH.ETS",27,0.857913317344362,0.68424773484357,0.820747735508078,TRUE,0.9346,,"",0.888888888888889,1,0.499442154803074,
"R3","pre2020","F5_G1","G1",1,"yoy_pp","BENCH.MEDIA_CRECIMIENTO",27,0.865285539231503,0.666968514617932,0.827800586066761,TRUE,0.9916,,"",,,,
"R3","pre2020","F5_G1","G1",1,"yoy_pp","BENCH.RW_CON_DERIVA",27,0.856898846376012,0.693977932428418,0.819777212340784,TRUE,0.9886,,"",0.888888888888889,1,0.499960672602527,
"R3","pre2020","F5_G1","G1",1,"yoy_pp","BENCH.RW_SIN_DERIVA",27,1.04528258833791,0.802685055898968,1,FALSE,0.0384,,"",0.888888888888889,1,0.597180492983309,
"R3","pre2020","F5_G1","G1",1,"yoy_pp","COMB.ECM_INV.G1",27,0.855651746974064,0.677288105946852,0.818584138414306,TRUE,0.9916,,"",,,,
"R3","pre2020","F5_G1","G1",1,"yoy_pp","COMB.MEDIA.G1",27,0.856181071887663,0.677376798695609,0.819090532493289,TRUE,0.9916,,"",,,,
"R3","pre2020","F5_G1","G1",1,"yoy_pp","COMB.MEDIANA.G1",27,0.842428621455821,0.665944549625207,0.805933850668416,TRUE,0.9916,,"",,,,
"R3","pre2020","F5_G1","G1",1,"yoy_pp","COMB.RECORTADA.G1",27,0.852868979997771,0.675823122615953,0.815921923423508,TRUE,0.9916,,"",,,,
"R3","pre2020","F5_G1","G1",1,"yoy_pp","MIX.PUENTE.G1",27,0.866779060645539,0.702152129660023,0.829229406780603,TRUE,0.9916,,"",0.888888888888889,0.962962962962963,0.496263580054658,
"R3","pre2020","F5_G1","G1",1,"yoy_pp","MIX.UMIDAS.G1",27,0.967374584335333,0.780506543406579,0.925467041284541,TRUE,0.191,,"",0.62962962962963,0.925925925925926,0.561253656812721,
"R3","pre2020","F5_G1","G1",1,"yoy_pp","ML.LGBM.G1",27,0.902960162860756,0.730249105704054,0.863843110882141,TRUE,0.8634,,"",0.62962962962963,0.888888888888889,0.534071219277241,
"R3","pre2020","F5_G1","G1",1,"yoy_pp","ML.RF.G1",27,0.880123762589032,0.725282884771007,0.841996004150902,TRUE,0.8738,,"",0.62962962962963,0.888888888888889,0.513056372290226,
"R3","pre2020","F5_G1","G1",1,"yoy_pp","MULT.BVAR.G1",27,0.849357023919819,0.662854906531293,0.812562108463291,TRUE,0.9916,,"",0.851851851851852,0.962962962962963,0.482339867795784,
"R3","pre2020","F5_G1","G1",1,"yoy_pp","MULT.VAR_DIF.G1",27,0.825906547496884,0.623827071531792,0.790127527915822,TRUE,1,,"",0.888888888888889,1,0.475588736537365,
"R3","pre2020","F5_G1","G1",1,"yoy_pp","MULT.VAR_NIV.G1",27,0.972292407722398,0.737981927947726,0.930171820108882,TRUE,0.4582,,"",0.851851851851852,0.925925925925926,0.5401533227888,
"R3","pre2020","F5_G1","G1",1,"yoy_pp","MULT.VECM.G1",27,0.825906547496884,0.623827071531792,0.790127527915822,TRUE,1,,"",0.888888888888889,1,0.475588736537365,"MULT.VAR_DIF.G1"
"R3","pre2020","F5_G1","G1",1,"yoy_pp","REG.ENET.G1",27,0.859688146486236,0.695341121158848,0.822445677444235,TRUE,0.9916,,"",0.592592592592593,0.814814814814815,0.504995961332985,
"R3","pre2020","F5_G1","G1",1,"yoy_pp","REG.PCR.G1",27,0.879921891199301,0.713943938471267,0.841802878012589,TRUE,0.9346,,"",0.62962962962963,0.888888888888889,0.511507392735921,
"R3","pre2020","F5_G1","G1",1,"yoy_pp","UNI.ARIMA",27,0.856898846376076,0.693977932428556,0.819777212340846,TRUE,0.9886,,"",0.888888888888889,1,0.500006310914968,
"R3","pre2020","F5_G1","G1",1,"yoy_pp","UNI.ARIMAX.G1",27,0.899513434016193,0.736148540361525,0.860545697452492,TRUE,0.8634,,"",0.777777777777778,0.962962962962963,0.514457357959687,
"R3","pre2020","F5_G1","G1",1,"yoy_pp","UNI.UC_LLT",27,0.846006555370419,0.665537187430479,0.809356785245646,TRUE,0.9916,,"",0.888888888888889,1,0.492100007094473,
"R3","pre2020","F5_G1","G1",2,"yoy_pp","BENCH.AR1",26,0.842201544903327,0.644687107711378,0.569821856350754,TRUE,0.9934,,"",0.961538461538462,1,0.532498798819198,
"R3","pre2020","F5_G1","G1",2,"yoy_pp","BENCH.ARP_BIC",26,0.858278523786426,0.661121540522636,0.580699316748587,TRUE,0.9934,,"",0.961538461538462,1,0.550039962765383,
"R3","pre2020","F5_G1","G1",2,"yoy_pp","BENCH.ETS",26,0.896294604536421,0.71498038145664,0.606420468455366,TRUE,0.4998,,"",1,1,0.559002796194889,
"R3","pre2020","F5_G1","G1",2,"yoy_pp","BENCH.MEDIA_CRECIMIENTO",26,0.84906733350672,0.645981264676068,0.574467153466359,TRUE,0.9934,,"",,,,
"R3","pre2020","F5_G1","G1",2,"yoy_pp","BENCH.RW_CON_DERIVA",26,0.858278523786425,0.661121540522643,0.580699316748586,TRUE,0.9934,,"",0.961538461538462,1,0.550039962765383,
"R3","pre2020","F5_G1","G1",2,"yoy_pp","BENCH.RW_SIN_DERIVA",26,1.47800849601829,1.32738378125049,1,FALSE,4e-04,,"",0.961538461538462,1,0.867200825831179,
"R3","pre2020","F5_G1","G1",2,"yoy_pp","COMB.ECM_INV.G1",26,0.872495699568431,0.69517166231083,0.590318460224626,TRUE,0.9662,,"",,,,
"R3","pre2020","F5_G1","G1",2,"yoy_pp","COMB.MEDIA.G1",26,0.874052346535214,0.696855760789362,0.591371665920653,TRUE,0.9518,,"",,,,
"R3","pre2020","F5_G1","G1",2,"yoy_pp","COMB.MEDIANA.G1",26,0.873918458994284,0.688821521324463,0.591281079471867,TRUE,0.9518,,"",,,,
"R3","pre2020","F5_G1","G1",2,"yoy_pp","COMB.RECORTADA.G1",26,0.864031393937207,0.689765928000457,0.584591628711798,TRUE,0.9902,,"",,,,
"R3","pre2020","F5_G1","G1",2,"yoy_pp","MIX.PUENTE.G1",26,0.83746191584332,0.671440257102363,0.566615089222706,TRUE,1,,"",1,1,0.515518625413634,
"R3","pre2020","F5_G1","G1",2,"yoy_pp","MIX.UMIDAS.G1",26,0.994697986938255,0.799740625023444,0.672998828909267,TRUE,0.2852,,"",0.807692307692308,0.961538461538462,0.553098337602197,
"R3","pre2020","F5_G1","G1",2,"yoy_pp","ML.LGBM.G1",26,0.869346518025447,0.691270501525846,0.588187767774977,TRUE,0.9934,,"",0.653846153846154,0.961538461538462,0.495117864983931,
"R3","pre2020","F5_G1","G1",2,"yoy_pp","ML.RF.G1",26,0.86851211917034,0.713881790260059,0.587623225110063,TRUE,0.9934,,"",0.769230769230769,1,0.484730957475866,
"R3","pre2020","F5_G1","G1",2,"yoy_pp","MULT.BVAR.G1",26,0.884821581605095,0.693169490803044,0.598657980646781,TRUE,0.5832,,"",0.923076923076923,1,0.525570208393698,
"R3","pre2020","F5_G1","G1",2,"yoy_pp","MULT.VAR_DIF.G1",26,0.853659069608414,0.659764381394272,0.577573858274934,TRUE,0.9934,,"",0.961538461538462,1,0.525714684313912,
"R3","pre2020","F5_G1","G1",2,"yoy_pp","MULT.VAR_NIV.G1",26,1.241752644112,0.987768808330918,0.840152575209983,TRUE,0.1986,,"",0.923076923076923,0.961538461538462,0.708147500729642,
"R3","pre2020","F5_G1","G1",2,"yoy_pp","MULT.VECM.G1",26,0.853659069608414,0.659764381394272,0.577573858274934,TRUE,0.9934,,"",0.961538461538462,1,0.525714684313912,"MULT.VAR_DIF.G1"
"R3","pre2020","F5_G1","G1",2,"yoy_pp","REG.ENET.G1",26,0.892421922495583,0.719338384920904,0.603800265627526,TRUE,0.882,,"",0.730769230769231,0.961538461538462,0.502715377690184,
"R3","pre2020","F5_G1","G1",2,"yoy_pp","REG.PCR.G1",26,0.886905632108846,0.747077158796124,0.600068020243554,TRUE,0.9518,,"",0.730769230769231,0.961538461538462,0.50339697741431,
"R3","pre2020","F5_G1","G1",2,"yoy_pp","UNI.ARIMA",26,0.858278523786611,0.661121540522968,0.580699316748712,TRUE,0.9934,,"",0.961538461538462,1,0.550174920458023,
"R3","pre2020","F5_G1","G1",2,"yoy_pp","UNI.ARIMAX.G1",26,0.871497637391108,0.678585165652498,0.589643185231274,TRUE,0.9902,,"",0.923076923076923,1,0.512595529022629,
"R3","pre2020","F5_G1","G1",2,"yoy_pp","UNI.UC_LLT",26,0.867539094105699,0.676650138608407,0.586964889879067,TRUE,0.9518,,"",1,1,0.545623665355126,
"R3","pre2020","F5_G1","G1",4,"yoy_pp","BENCH.AR1",24,0.856749284720281,0.635541789414351,0.354913541659753,TRUE,0.9226,"distorsion_tamano_documentada","",1,1,0.638356741882089,
"R3","pre2020","F5_G1","G1",4,"yoy_pp","BENCH.ARP_BIC",24,0.892967845756471,0.6592646885616,0.36991729830178,TRUE,0.9226,"distorsion_tamano_documentada","",1,1,0.676430462689954,
"R3","pre2020","F5_G1","G1",4,"yoy_pp","BENCH.ETS",24,0.897246021552471,0.711257359094482,0.371689558344107,TRUE,0.7416,"distorsion_tamano_documentada","",1,1,0.664520187755242,
"R3","pre2020","F5_G1","G1",4,"yoy_pp","BENCH.MEDIA_CRECIMIENTO",24,0.863435945266035,0.647020915263082,0.357683530988597,TRUE,0.9226,"distorsion_tamano_documentada","",,,,
"R3","pre2020","F5_G1","G1",4,"yoy_pp","BENCH.RW_CON_DERIVA",24,0.892967845756492,0.659264688561597,0.369917298301789,TRUE,0.9226,"distorsion_tamano_documentada","",1,1,0.676430462689959,
"R3","pre2020","F5_G1","G1",4,"yoy_pp","BENCH.RW_SIN_DERIVA",24,2.41396617529355,2.26652317120155,1,FALSE,0,"distorsion_tamano_documentada","",0.958333333333333,1,1.42677002077371,
"R3","pre2020","F5_G1","G1",4,"yoy_pp","COMB.ECM_INV.G1",24,0.866823938122206,0.710404981271577,0.359087027396644,TRUE,0.9226,"distorsion_tamano_documentada","",,,,
"R3","pre2020","F5_G1","G1",4,"yoy_pp","COMB.MEDIA.G1",24,0.875066567721417,0.719872559756352,0.362501586259801,TRUE,0.9226,"distorsion_tamano_documentada","",,,,
"R3","pre2020","F5_G1","G1",4,"yoy_pp","COMB.MEDIANA.G1",24,0.851070486692338,0.703523449953173,0.352561065437814,TRUE,0.9226,"distorsion_tamano_documentada","",,,,
"R3","pre2020","F5_G1","G1",4,"yoy_pp","COMB.RECORTADA.G1",24,0.854791371081229,0.698369001020012,0.354102464164513,TRUE,0.9226,"distorsion_tamano_documentada","",,,,
"R3","pre2020","F5_G1","G1",4,"yoy_pp","MIX.PUENTE.G1",24,0.78776440619742,0.674432670722661,0.326336141019716,TRUE,1,"distorsion_tamano_documentada","",1,1,0.586802005597593,
"R3","pre2020","F5_G1","G1",4,"yoy_pp","MIX.UMIDAS.G1",24,1.12019502989128,0.868276826896734,0.46404752533662,TRUE,0.24,"distorsion_tamano_documentada","",0.833333333333333,0.958333333333333,0.635282546057104,
"R3","pre2020","F5_G1","G1",4,"yoy_pp","ML.LGBM.G1",24,1.10272124642428,0.904123143491383,0.456808905489402,FALSE,0.0352,"distorsion_tamano_documentada","",0.833333333333333,0.958333333333333,0.624291385546604,
"R3","pre2020","F5_G1","G1",4,"yoy_pp","ML.RF.G1",24,0.89001118451098,0.731450339041669,0.368692483606466,TRUE,0.9226,"distorsion_tamano_documentada","",0.916666666666667,1,0.507300983167656,
"R3","pre2020","F5_G1","G1",4,"yoy_pp","MULT.BVAR.G1",24,0.88648857444294,0.723996023701282,0.367233221209133,TRUE,0.862,"distorsion_tamano_documentada","",1,1,0.606827245782878,
"R3","pre2020","F5_G1","G1",4,"yoy_pp","MULT.VAR_DIF.G1",24,0.844690741181862,0.695543907852166,0.349918217507395,TRUE,0.9226,"distorsion_tamano_documentada","",1,1,0.617705271216132,
"R3","pre2020","F5_G1","G1",4,"yoy_pp","MULT.VAR_NIV.G1",24,1.80379776209469,1.47306299830609,0.747234066722308,FALSE,0.005,"distorsion_tamano_documentada","",0.791666666666667,0.958333333333333,1.038876889607,
"R3","pre2020","F5_G1","G1",4,"yoy_pp","MULT.VECM.G1",24,0.844690741181862,0.695543907852166,0.349918217507395,TRUE,0.9226,"distorsion_tamano_documentada","",1,1,0.617705271216132,"MULT.VAR_DIF.G1"
"R3","pre2020","F5_G1","G1",4,"yoy_pp","REG.ENET.G1",24,0.894572825219105,0.745877190833958,0.370582170692728,TRUE,0.769,"distorsion_tamano_documentada","",0.958333333333333,1,0.501749951098343,
"R3","pre2020","F5_G1","G1",4,"yoy_pp","REG.PCR.G1",24,0.897673159480693,0.743328489429559,0.37186650279867,TRUE,0.7392,"distorsion_tamano_documentada","",0.875,1,0.504708099791938,
"R3","pre2020","F5_G1","G1",4,"yoy_pp","UNI.ARIMA",24,0.892967845756806,0.659264688561519,0.369917298301919,TRUE,0.914,"distorsion_tamano_documentada","",1,1,0.676670180138098,
"R3","pre2020","F5_G1","G1",4,"yoy_pp","UNI.ARIMAX.G1",24,0.796173729342489,0.647173884243994,0.329819753686346,TRUE,0.9226,"distorsion_tamano_documentada","",1,1,0.551986563966737,
"R3","pre2020","F5_G1","G1",4,"yoy_pp","UNI.UC_LLT",24,0.863988108690135,0.696898861737486,0.357912268006436,TRUE,0.9226,"distorsion_tamano_documentada","",1,1,0.650498086013179,
"R3","pre2020","F5_G1","G1",8,"yoy_pp","BENCH.AR1",20,0.618045196552384,0.49447981147051,0.252120165964887,TRUE,1,"distorsion_tamano_documentada","",1,1,0.583299770732948,
"R3","pre2020","F5_G1","G1",8,"yoy_pp","BENCH.ARP_BIC",20,0.633928651917395,0.493359468370826,0.258599529327083,TRUE,0.7416,"distorsion_tamano_documentada","",1,1,0.615589335077722,
"R3","pre2020","F5_G1","G1",8,"yoy_pp","BENCH.ETS",20,0.657244742892108,0.55190974443506,0.268110899626518,TRUE,0.6638,"distorsion_tamano_documentada","",1,1,0.609389248349309,
"R3","pre2020","F5_G1","G1",8,"yoy_pp","BENCH.MEDIA_CRECIMIENTO",20,0.618382797205347,0.496454572128764,0.252257883939446,TRUE,0.8426,"distorsion_tamano_documentada","",,,,
"R3","pre2020","F5_G1","G1",8,"yoy_pp","BENCH.RW_CON_DERIVA",20,0.633928651917399,0.493359468370804,0.258599529327084,TRUE,0.7416,"distorsion_tamano_documentada","",1,1,0.615589335077723,
"R3","pre2020","F5_G1","G1",8,"yoy_pp","BENCH.RW_SIN_DERIVA",20,2.45139136009636,2.37421012414897,1,FALSE,0,"distorsion_tamano_documentada","",1,1,1.45374554629822,
"R3","pre2020","F5_G1","G1",8,"yoy_pp","COMB.ECM_INV.G1",20,0.743148880701894,0.619058675623338,0.303153912018635,TRUE,0.1974,"distorsion_tamano_documentada","",,,,
"R3","pre2020","F5_G1","G1",8,"yoy_pp","COMB.MEDIA.G1",20,0.740627338813976,0.615268715328039,0.302125295401573,TRUE,0.1974,"distorsion_tamano_documentada","",,,,
"R3","pre2020","F5_G1","G1",8,"yoy_pp","COMB.MEDIANA.G1",20,0.694702987711023,0.588266483701152,0.283391301372505,TRUE,0.2038,"distorsion_tamano_documentada","",,,,
"R3","pre2020","F5_G1","G1",8,"yoy_pp","COMB.RECORTADA.G1",20,0.712622114847759,0.60838671534873,0.290701079577823,TRUE,0.1974,"distorsion_tamano_documentada","",,,,
"R3","pre2020","F5_G1","G1",8,"yoy_pp","MIX.PUENTE.G1",20,0.637248489346426,0.550585338597882,0.259953795921585,TRUE,0.7416,"distorsion_tamano_documentada","",1,1,0.551171995026561,
"R3","pre2020","F5_G1","G1",8,"yoy_pp","MIX.UMIDAS.G1",20,0.983744730505529,0.813438113135945,0.4013005620069,TRUE,0.1974,"distorsion_tamano_documentada","",0.9,1,0.59163494815704,
"R3","pre2020","F5_G1","G1",8,"yoy_pp","ML.LGBM.G1",20,0.956171406010625,0.753459861342032,0.390052531625566,FALSE,0.0462,"distorsion_tamano_documentada","",0.95,1,0.550440993363361,
"R3","pre2020","F5_G1","G1",8,"yoy_pp","ML.RF.G1",20,0.880831855462336,0.750573874610079,0.359319148219447,FALSE,0.0384,"distorsion_tamano_documentada","",0.9,1,0.53902386917142,
"R3","pre2020","F5_G1","G1",8,"yoy_pp","MULT.BVAR.G1",20,0.723898077163526,0.598880777902058,0.295300900927982,TRUE,0.1974,"distorsion_tamano_documentada","",1,1,0.566015256591035,
"R3","pre2020","F5_G1","G1",8,"yoy_pp","MULT.VAR_DIF.G1",20,0.656818838951984,0.561451367500467,0.267937159950733,TRUE,0.5978,"distorsion_tamano_documentada","",1,1,0.571496699138055,
"R3","pre2020","F5_G1","G1",8,"yoy_pp","MULT.VAR_NIV.G1",20,2.04305487412413,1.89962569929707,0.833426643897376,FALSE,2e-04,"distorsion_tamano_documentada","",0.85,1,1.20210428496865,
"R3","pre2020","F5_G1","G1",8,"yoy_pp","MULT.VECM.G1",20,0.656818838951984,0.561451367500467,0.267937159950733,TRUE,0.5978,"distorsion_tamano_documentada","",1,1,0.571496699138055,"MULT.VAR_DIF.G1"
"R3","pre2020","F5_G1","G1",8,"yoy_pp","REG.ENET.G1",20,0.754216526909916,0.608533192693681,0.307668754645635,TRUE,0.1974,"distorsion_tamano_documentada","",0.95,1,0.449114584290478,
"R3","pre2020","F5_G1","G1",8,"yoy_pp","REG.PCR.G1",20,0.737994464786289,0.616526834880369,0.301051262886592,TRUE,0.1974,"distorsion_tamano_documentada","",1,1,0.44423167530129,
"R3","pre2020","F5_G1","G1",8,"yoy_pp","UNI.ARIMA",20,0.633928651915904,0.493359468371284,0.258599529326474,TRUE,0.7416,"distorsion_tamano_documentada","",1,1,0.615866211674043,
"R3","pre2020","F5_G1","G1",8,"yoy_pp","UNI.ARIMAX.G1",20,0.678323632219075,0.570005830112335,0.276709644678037,TRUE,0.384,"distorsion_tamano_documentada","",1,1,0.526054822866025,
"R3","pre2020","F5_G1","G1",8,"yoy_pp","UNI.UC_LLT",20,0.649993175215457,0.541683134266071,0.265152756020935,TRUE,0.7416,"distorsion_tamano_documentada","",1,1,0.603845381938536,
"R3","post2020","F5_G1","G1",1,"yoy_pp","BENCH.AR1",25,6.36764557377701,3.00867205660116,1.13549679188066,TRUE,0.7616,,"",0.8,0.84,2.76822535211782,
"R3","post2020","F5_G1","G1",1,"yoy_pp","BENCH.ARP_BIC",25,6.47911917179959,3.38894560376771,1.15537508307439,TRUE,0.7616,,"",0.76,0.76,3.09397039984404,
"R3","post2020","F5_G1","G1",1,"yoy_pp","BENCH.ETS",25,5.98894953541537,2.98240090273861,1.0679666299589,TRUE,0.7616,,"",0.8,0.8,2.65081687107081,
"R3","post2020","F5_G1","G1",1,"yoy_pp","BENCH.MEDIA_CRECIMIENTO",25,7.59521567299907,4.06433451931012,1.35440060700749,TRUE,0.7616,,"",,,,
"R3","post2020","F5_G1","G1",1,"yoy_pp","BENCH.RW_CON_DERIVA",25,5.58098063009549,2.55863610861805,0.99521644658099,TRUE,0.7616,,"",0.84,0.84,2.34206135114448,
"R3","post2020","F5_G1","G1",1,"yoy_pp","BENCH.RW_SIN_DERIVA",25,5.60780586903345,2.83142860368453,1,TRUE,0.7616,,"",0.8,0.88,2.43663549962329,
"R3","post2020","F5_G1","G1",1,"yoy_pp","COMB.ECM_INV.G1",25,5.75045350593718,2.75247754720826,1.025437335071,TRUE,0.7616,,"",,,,
"R3","post2020","F5_G1","G1",1,"yoy_pp","COMB.MEDIA.G1",25,5.84503309230357,2.80919423956823,1.04230303773176,TRUE,0.7616,,"",,,,
"R3","post2020","F5_G1","G1",1,"yoy_pp","COMB.MEDIANA.G1",25,6.11919843161518,2.89716926488661,1.09119298608493,TRUE,0.7616,,"",,,,
"R3","post2020","F5_G1","G1",1,"yoy_pp","COMB.RECORTADA.G1",25,5.96380541333265,2.83891417874024,1.06348285811124,TRUE,0.7616,,"",,,,
"R3","post2020","F5_G1","G1",1,"yoy_pp","MIX.PUENTE.G1",25,4.49201325877461,2.10860753094975,0.801028666769601,TRUE,0.7616,,"",0.76,0.84,1.82232947238713,
"R3","post2020","F5_G1","G1",1,"yoy_pp","MIX.UMIDAS.G1",25,4.45034475777573,2.10294314697943,0.793598220357579,TRUE,1,,"",0.88,0.92,1.98519760327015,
"R3","post2020","F5_G1","G1",1,"yoy_pp","ML.LGBM.G1",25,5.77272930862904,2.68063160320363,1.02940961999172,TRUE,0.7616,,"",0.8,0.8,2.7485598720323,
"R3","post2020","F5_G1","G1",1,"yoy_pp","ML.RF.G1",25,6.1983452856041,2.80649692376463,1.10530667971793,TRUE,0.7616,,"",0.8,0.8,2.93320120218424,
"R3","post2020","F5_G1","G1",1,"yoy_pp","MULT.BVAR.G1",25,6.30212779931438,3.22901752394246,1.12381347473439,TRUE,0.6742,,"",0.76,0.84,2.76222874334574,
"R3","post2020","F5_G1","G1",1,"yoy_pp","MULT.VAR_DIF.G1",25,6.7075242171144,3.16379521414112,1.19610492477167,TRUE,0.7616,,"",0.8,0.8,2.92290600652987,
"R3","post2020","F5_G1","G1",1,"yoy_pp","MULT.VAR_NIV.G1",25,5.86260570922726,2.69166729753077,1.04543663709916,TRUE,0.7616,,"",0.84,0.84,2.53446401547347,
"R3","post2020","F5_G1","G1",1,"yoy_pp","MULT.VECM.G1",25,6.7075242171144,3.16379521414112,1.19610492477167,TRUE,0.7616,,"",0.8,0.8,2.92290600652987,"MULT.VAR_DIF.G1"
"R3","post2020","F5_G1","G1",1,"yoy_pp","REG.ENET.G1",25,6.91143666693803,3.15657937481101,1.23246717670868,TRUE,0.708,,"",0.8,0.8,3.11941015432408,
"R3","post2020","F5_G1","G1",1,"yoy_pp","REG.PCR.G1",25,5.84385755649858,2.79179969438927,1.04209341282098,TRUE,0.7616,,"",0.8,0.8,2.80734896328737,
"R3","post2020","F5_G1","G1",1,"yoy_pp","UNI.ARIMA",25,6.38387087884423,3.39456777730976,1.13839013473991,TRUE,0.7616,,"",0.8,0.8,2.97567270256739,
"R3","post2020","F5_G1","G1",1,"yoy_pp","UNI.ARIMAX.G1",25,6.52052840390454,3.09103006846765,1.16275929591486,TRUE,0.7616,,"",0.8,0.8,2.85647901886745,
"R3","post2020","F5_G1","G1",1,"yoy_pp","UNI.UC_LLT",25,6.27819351509751,3.10179200039691,1.11954544463922,TRUE,0.7616,,"",0.8,0.8,2.77223534066793,
"R3","post2020","F5_G1","G1",2,"yoy_pp","BENCH.AR1",25,7.81001649458164,3.95991241314305,1.09187052692634,TRUE,0.8092,,"",0.8,0.8,3.57127562086764,
"R3","post2020","F5_G1","G1",2,"yoy_pp","BENCH.ARP_BIC",25,7.77247479013742,4.34195570641436,1.08662205137681,TRUE,0.7606,,"",0.72,0.72,3.94473506081374,
"R3","post2020","F5_G1","G1",2,"yoy_pp","BENCH.ETS",25,7.67537590580925,4.06955971358128,1.07304725162204,TRUE,0.7936,,"",0.76,0.76,3.58414019746753,
"R3","post2020","F5_G1","G1",2,"yoy_pp","BENCH.MEDIA_CRECIMIENTO",25,7.62596734456208,4.09069394635717,1.06613974357247,TRUE,0.8928,,"",,,,
"R3","post2020","F5_G1","G1",2,"yoy_pp","BENCH.RW_CON_DERIVA",25,7.06591355017595,3.58100115962812,0.987842055980168,TRUE,0.8928,,"",0.8,0.8,3.25583578536371,
"R3","post2020","F5_G1","G1",2,"yoy_pp","BENCH.RW_SIN_DERIVA",25,7.15287783851735,4.15446879354878,1,TRUE,0.8928,,"",0.84,0.84,3.43765337916523,
"R3","post2020","F5_G1","G1",2,"yoy_pp","COMB.ECM_INV.G1",25,7.53065042573688,4.07453265463439,1.05281406949036,TRUE,0.8022,,"",,,,
"R3","post2020","F5_G1","G1",2,"yoy_pp","COMB.MEDIA.G1",25,7.52720978276899,4.05409925005849,1.05233305428983,TRUE,0.8092,,"",,,,
"R3","post2020","F5_G1","G1",2,"yoy_pp","COMB.MEDIANA.G1",25,7.38599051823058,3.92070299028561,1.03259005465716,TRUE,0.8392,,"",,,,
"R3","post2020","F5_G1","G1",2,"yoy_pp","COMB.RECORTADA.G1",25,7.54007008414603,4.02465687756215,1.05413097418548,TRUE,0.8092,,"",,,,
"R3","post2020","F5_G1","G1",2,"yoy_pp","MIX.PUENTE.G1",25,6.26360812162831,3.30926118199968,0.87567665253551,TRUE,1,,"",0.8,0.8,2.93685918282906,
"R3","post2020","F5_G1","G1",2,"yoy_pp","MIX.UMIDAS.G1",25,6.8241865099868,3.6487545969456,0.954047680395074,TRUE,0.8928,,"",0.76,0.84,3.57270953835966,
"R3","post2020","F5_G1","G1",2,"yoy_pp","ML.LGBM.G1",25,7.23033922951452,3.95418910990804,1.0108294021995,TRUE,0.8928,,"",0.72,0.8,3.77057846598393,
"R3","post2020","F5_G1","G1",2,"yoy_pp","ML.RF.G1",25,7.18280849302349,3.97686134073307,1.00418442131711,TRUE,0.8928,,"",0.72,0.76,3.85481654337104,
"R3","post2020","F5_G1","G1",2,"yoy_pp","MULT.BVAR.G1",25,8.2689824476331,4.45412027427633,1.15603574313903,TRUE,0.5816,,"",0.72,0.76,3.88360405212919,
"R3","post2020","F5_G1","G1",2,"yoy_pp","MULT.VAR_DIF.G1",25,8.8423697702083,4.24922062127274,1.23619750956646,TRUE,0.7606,,"",0.76,0.8,3.94671495991619,
"R3","post2020","F5_G1","G1",2,"yoy_pp","MULT.VAR_NIV.G1",25,7.35744867743738,3.73174188283542,1.02859979487116,TRUE,0.8802,,"",0.8,0.8,3.4239662509525,
"R3","post2020","F5_G1","G1",2,"yoy_pp","MULT.VECM.G1",25,8.8423697702083,4.24922062127274,1.23619750956646,TRUE,0.7606,,"",0.76,0.8,3.94671495991619,"MULT.VAR_DIF.G1"
"R3","post2020","F5_G1","G1",2,"yoy_pp","REG.ENET.G1",25,7.11348839388112,4.39417917811629,0.994493203221769,TRUE,0.8928,,"",0.76,0.8,3.75269501490169,
"R3","post2020","F5_G1","G1",2,"yoy_pp","REG.PCR.G1",25,7.96193956015302,4.80281558298818,1.11310995936195,TRUE,0.762,,"",0.64,0.8,4.33328786963821,
"R3","post2020","F5_G1","G1",2,"yoy_pp","UNI.ARIMA",25,7.76827816322525,4.46331877966248,1.08603534669557,TRUE,0.5816,,"",0.72,0.76,3.83880569207416,
"R3","post2020","F5_G1","G1",2,"yoy_pp","UNI.ARIMAX.G1",25,7.93698367507862,4.04785005253177,1.10962103006135,TRUE,0.762,,"",0.76,0.76,3.70461118524522,
"R3","post2020","F5_G1","G1",2,"yoy_pp","UNI.UC_LLT",25,8.29272964974959,4.29044659312945,1.15935569388509,TRUE,0.762,,"",0.76,0.76,3.80507014000154,
"R3","post2020","F5_G1","G1",4,"yoy_pp","BENCH.AR1",25,8.51277170910058,4.48602066408496,1.06136313505505,TRUE,0.6602,"distorsion_tamano_documentada","",0.76,0.8,4.03308465869015,
"R3","post2020","F5_G1","G1",4,"yoy_pp","BENCH.ARP_BIC",25,8.20840669529555,4.66592773228208,1.0234152355586,TRUE,0.6518,"distorsion_tamano_documentada","",0.68,0.76,4.24279747052547,
"R3","post2020","F5_G1","G1",4,"yoy_pp","BENCH.ETS",25,8.70197882626354,4.69293287623555,1.08495327301589,TRUE,0.6296,"distorsion_tamano_documentada","",0.72,0.76,4.10762017630818,
"R3","post2020","F5_G1","G1",4,"yoy_pp","BENCH.MEDIA_CRECIMIENTO",25,7.62146634621725,4.10683404813778,0.950236150029727,TRUE,0.6602,"distorsion_tamano_documentada","",,,,
"R3","post2020","F5_G1","G1",4,"yoy_pp","BENCH.RW_CON_DERIVA",25,7.68755690098195,4.099313867847,0.958476248648559,TRUE,0.6602,"distorsion_tamano_documentada","",0.76,0.84,3.727800338866,
"R3","post2020","F5_G1","G1",4,"yoy_pp","BENCH.RW_SIN_DERIVA",25,8.02060240075987,5.40140691423199,1,TRUE,0.6602,"distorsion_tamano_documentada","",0.84,0.84,4.11615522457471,
"R3","post2020","F5_G1","G1",4,"yoy_pp","COMB.ECM_INV.G1",25,8.24900023911071,4.65766243222161,1.02847639453231,TRUE,0.6458,"distorsion_tamano_documentada","",,,,
"R3","post2020","F5_G1","G1",4,"yoy_pp","COMB.MEDIA.G1",25,8.24075499792293,4.60820776318923,1.02744838681222,TRUE,0.6602,"distorsion_tamano_documentada","",,,,
"R3","post2020","F5_G1","G1",4,"yoy_pp","COMB.MEDIANA.G1",25,8.09119144059778,4.4941441542216,1.00880096485411,TRUE,0.6602,"distorsion_tamano_documentada","",,,,
"R3","post2020","F5_G1","G1",4,"yoy_pp","COMB.RECORTADA.G1",25,8.27907913610642,4.59002116996028,1.03222659875548,TRUE,0.6602,"distorsion_tamano_documentada","",,,,
"R3","post2020","F5_G1","G1",4,"yoy_pp","MIX.PUENTE.G1",25,6.75814703348434,4.08645039358744,0.842598435354939,TRUE,1,"distorsion_tamano_documentada","",0.72,0.8,3.52571465130155,
"R3","post2020","F5_G1","G1",4,"yoy_pp","MIX.UMIDAS.G1",25,7.22074353129327,4.3985844414069,0.900274464497727,TRUE,0.6602,"distorsion_tamano_documentada","",0.64,0.72,4.16102213373195,
"R3","post2020","F5_G1","G1",4,"yoy_pp","ML.LGBM.G1",25,7.7559148297183,4.33387468046936,0.96699904099267,TRUE,0.6602,"distorsion_tamano_documentada","",0.68,0.76,4.35542894731939,
"R3","post2020","F5_G1","G1",4,"yoy_pp","ML.RF.G1",25,7.97544504492573,4.81446402164388,0.994369829898329,TRUE,0.6518,"distorsion_tamano_documentada","",0.68,0.8,4.57999542987222,
"R3","post2020","F5_G1","G1",4,"yoy_pp","MULT.BVAR.G1",25,9.34325491296971,4.9933739277423,1.16490687932424,TRUE,0.6296,"distorsion_tamano_documentada","",0.68,0.76,4.25628445641365,
"R3","post2020","F5_G1","G1",4,"yoy_pp","MULT.VAR_DIF.G1",25,9.95478786368742,4.97974882831923,1.2411521437273,TRUE,0.6518,"distorsion_tamano_documentada","",0.72,0.8,4.44053160805547,
"R3","post2020","F5_G1","G1",4,"yoy_pp","MULT.VAR_NIV.G1",25,8.1147899973106,4.62053037439632,1.011743207286,TRUE,0.6518,"distorsion_tamano_documentada","",0.8,0.8,3.9661351063023,
"R3","post2020","F5_G1","G1",4,"yoy_pp","MULT.VECM.G1",25,9.95478786368742,4.97974882831923,1.2411521437273,TRUE,0.6518,"distorsion_tamano_documentada","",0.72,0.8,4.44053160805547,"MULT.VAR_DIF.G1"
"R3","post2020","F5_G1","G1",4,"yoy_pp","REG.ENET.G1",25,6.87872154220846,4.51261241095934,0.857631534204559,TRUE,0.6602,"distorsion_tamano_documentada","",0.76,0.76,3.8646672819983,
"R3","post2020","F5_G1","G1",4,"yoy_pp","REG.PCR.G1",25,7.81984367269204,4.51249549471009,0.974969619732202,TRUE,0.6602,"distorsion_tamano_documentada","",0.68,0.76,4.41252649558571,
"R3","post2020","F5_G1","G1",4,"yoy_pp","UNI.ARIMA",25,8.43276439776773,4.97734163621526,1.05138791033561,TRUE,0.6296,"distorsion_tamano_documentada","",0.68,0.76,4.16305750866187,
"R3","post2020","F5_G1","G1",4,"yoy_pp","UNI.ARIMAX.G1",25,8.61770414799672,4.67851675601509,1.07444599761986,TRUE,0.6602,"distorsion_tamano_documentada","",0.72,0.76,4.10987123411929,
"R3","post2020","F5_G1","G1",4,"yoy_pp","UNI.UC_LLT",25,10.0798388889534,5.09053834278875,1.25674336979956,TRUE,0.6296,"distorsion_tamano_documentada","",0.72,0.76,4.51417671775204,
"R3","post2020","F5_G1","G1",8,"yoy_pp","BENCH.AR1",25,7.56999633130588,4.10145341560015,0.943818924447458,TRUE,0.914,"distorsion_tamano_documentada","",0.72,0.8,3.73787265843126,
"R3","post2020","F5_G1","G1",8,"yoy_pp","BENCH.ARP_BIC",25,7.56457838517613,4.04658261406664,0.943143420805831,TRUE,1,"distorsion_tamano_documentada","",0.72,0.8,3.73958065134572,
"R3","post2020","F5_G1","G1",8,"yoy_pp","BENCH.ETS",25,7.68593744506052,4.36050015334289,0.958274336642389,TRUE,0.7014,"distorsion_tamano_documentada","",0.72,0.8,3.79717696796967,
"R3","post2020","F5_G1","G1",8,"yoy_pp","BENCH.MEDIA_CRECIMIENTO",25,7.56793185401434,4.05165991408014,0.943561527659987,TRUE,0.9408,"distorsion_tamano_documentada","",,,,
"R3","post2020","F5_G1","G1",8,"yoy_pp","BENCH.RW_CON_DERIVA",25,7.5668395793457,4.07102305434498,0.943425344040095,TRUE,0.9408,"distorsion_tamano_documentada","",0.72,0.8,3.78669081832348,
"R3","post2020","F5_G1","G1",8,"yoy_pp","BENCH.RW_SIN_DERIVA",25,8.02060240075987,5.40140691423199,1,TRUE,0.7014,"distorsion_tamano_documentada","",0.76,0.8,4.27379538165345,
"R3","post2020","F5_G1","G1",8,"yoy_pp","COMB.ECM_INV.G1",25,7.58335109970157,4.1694069555633,0.945483982472828,TRUE,0.8982,"distorsion_tamano_documentada","",,,,
"R3","post2020","F5_G1","G1",8,"yoy_pp","COMB.MEDIA.G1",25,7.58140614103839,4.19070342168019,0.945241487138188,TRUE,0.914,"distorsion_tamano_documentada","",,,,
"R3","post2020","F5_G1","G1",8,"yoy_pp","COMB.MEDIANA.G1",25,7.58169361491306,4.21328147205765,0.945277329068795,TRUE,0.914,"distorsion_tamano_documentada","",,,,
"R3","post2020","F5_G1","G1",8,"yoy_pp","COMB.RECORTADA.G1",25,7.57783671787535,4.19103982208835,0.944796455333258,TRUE,0.914,"distorsion_tamano_documentada","",,,,
"R3","post2020","F5_G1","G1",8,"yoy_pp","MIX.PUENTE.G1",25,7.57654489187628,4.13712479117557,0.944635391870127,TRUE,0.914,"distorsion_tamano_documentada","",0.72,0.76,3.88776105096721,
"R3","post2020","F5_G1","G1",8,"yoy_pp","MIX.UMIDAS.G1",25,7.62436347219018,4.31242718314911,0.950597360550854,TRUE,0.8402,"distorsion_tamano_documentada","",0.72,0.72,4.74706403993717,
"R3","post2020","F5_G1","G1",8,"yoy_pp","ML.LGBM.G1",25,7.59394640149516,4.38953197876227,0.946804993197981,TRUE,0.914,"distorsion_tamano_documentada","",0.68,0.72,4.72563220122949,
"R3","post2020","F5_G1","G1",8,"yoy_pp","ML.RF.G1",25,7.57018868548223,4.16787380886304,0.943842906957342,TRUE,0.9408,"distorsion_tamano_documentada","",0.72,0.72,4.68257622589992,
"R3","post2020","F5_G1","G1",8,"yoy_pp","MULT.BVAR.G1",25,7.67573113683271,4.40436095342337,0.957001825212718,TRUE,0.7014,"distorsion_tamano_documentada","",0.68,0.76,3.89378088648929,
"R3","post2020","F5_G1","G1",8,"yoy_pp","MULT.VAR_DIF.G1",25,7.59306477737892,4.20488178308486,0.946695073260277,TRUE,0.809,"distorsion_tamano_documentada","",0.72,0.8,3.80950527620945,
"R3","post2020","F5_G1","G1",8,"yoy_pp","MULT.VAR_NIV.G1",25,7.67783716649635,4.59739494706817,0.957264402704833,TRUE,0.809,"distorsion_tamano_documentada","",0.72,0.8,3.92176513189406,
"R3","post2020","F5_G1","G1",8,"yoy_pp","MULT.VECM.G1",25,7.59306477737892,4.20488178308486,0.946695073260277,TRUE,0.809,"distorsion_tamano_documentada","",0.72,0.8,3.80950527620945,"MULT.VAR_DIF.G1"
"R3","post2020","F5_G1","G1",8,"yoy_pp","REG.ENET.G1",25,7.70016071927734,4.4383870352652,0.96004767903067,TRUE,0.809,"distorsion_tamano_documentada","",0.68,0.68,4.77992407970865,
"R3","post2020","F5_G1","G1",8,"yoy_pp","REG.PCR.G1",25,7.59343168633025,4.2874597284189,0.946740819070005,TRUE,0.8826,"distorsion_tamano_documentada","",0.68,0.68,4.81319006215384,
"R3","post2020","F5_G1","G1",8,"yoy_pp","UNI.ARIMA",25,7.5919249946991,4.16379246990172,0.946552966393127,TRUE,0.8982,"distorsion_tamano_documentada","",0.72,0.8,3.65291143108282,
"R3","post2020","F5_G1","G1",8,"yoy_pp","UNI.ARIMAX.G1",25,7.593918637582,4.22167400201237,0.946801531623429,TRUE,0.8402,"distorsion_tamano_documentada","",0.68,0.76,3.82501504057125,
"R3","post2020","F5_G1","G1",8,"yoy_pp","UNI.UC_LLT",25,8.20777359545561,4.75492681241306,1.02333630135786,TRUE,0.5654,"distorsion_tamano_documentada","",0.68,0.76,4.1250368158229,
"R3","pre2020","F5_G2","G2",1,"yoy_pp","BENCH.AR1",20,0.766032382761696,0.617305156180992,0.73683259163786,TRUE,0.8286,,"",0.95,1,0.455989070441597,
"R3","pre2020","F5_G2","G2",1,"yoy_pp","BENCH.ARP_BIC",20,0.792533303060835,0.641369929510067,0.762323344018856,TRUE,0.8286,,"",0.9,1,0.469682421733906,"BENCH.RW_CON_DERIVA"
"R3","pre2020","F5_G2","G2",1,"yoy_pp","BENCH.ETS",20,0.790803840371977,0.633977282216711,0.760659805369775,TRUE,0.7832,,"",0.9,1,0.468643298314759,
"R3","pre2020","F5_G2","G2",1,"yoy_pp","BENCH.MEDIA_CRECIMIENTO",20,0.619924832506948,0.500282734037865,0.596294401171367,TRUE,1,,"",,,,
"R3","pre2020","F5_G2","G2",1,"yoy_pp","BENCH.RW_CON_DERIVA",20,0.792533303060835,0.641369929510067,0.762323344018856,TRUE,0.8286,,"",0.9,1,0.469682421733906,
"R3","pre2020","F5_G2","G2",1,"yoy_pp","BENCH.RW_SIN_DERIVA",20,1.03962879961503,0.824122327460062,1,FALSE,0.001,,"",0.9,1,0.598715575851414,
"R3","pre2020","F5_G2","G2",1,"yoy_pp","COMB.ECM_INV.G2",20,0.778933544427719,0.622763498404293,0.749241983981358,TRUE,0.8286,,"",,,,
"R3","pre2020","F5_G2","G2",1,"yoy_pp","COMB.MEDIA.G2",20,0.779872039299652,0.624910420336713,0.750144705099011,TRUE,0.8286,,"",,,,
"R3","pre2020","F5_G2","G2",1,"yoy_pp","COMB.MEDIANA.G2",20,0.774911397369788,0.621588804340059,0.745373154011064,TRUE,0.8286,,"",,,,
"R3","pre2020","F5_G2","G2",1,"yoy_pp","COMB.RECORTADA.G2",20,0.774579935550475,0.623438650118371,0.745054326926401,TRUE,0.8286,,"",,,,
"R3","pre2020","F5_G2","G2",1,"yoy_pp","MIX.PUENTE.G2",20,0.712031565362752,0.558897606652509,0.684890189292965,TRUE,0.8286,,"",0.85,1,0.40918200191471,
"R3","pre2020","F5_G2","G2",1,"yoy_pp","MIX.UMIDAS.G2",20,1.02901426942991,0.770768411860256,0.989790076814871,TRUE,0.2724,,"",0.75,0.9,0.567380945759362,
"R3","pre2020","F5_G2","G2",1,"yoy_pp","ML.LGBM.G2",20,0.841679406236205,0.688876469899156,0.80959608520645,TRUE,0.43,,"",0.7,0.9,0.482132373579365,
"R3","pre2020","F5_G2","G2",1,"yoy_pp","ML.RF.G2",20,0.828734388293467,0.622341703386238,0.797144508309454,TRUE,0.655,,"",0.85,0.9,0.455426033056711,
"R3","pre2020","F5_G2","G2",1,"yoy_pp","MULT.BVAR.G2",20,0.853024367503491,0.654348166967882,0.820508596740843,TRUE,0.2724,,"",0.85,1,0.482384505463714,
"R3","pre2020","F5_G2","G2",1,"yoy_pp","MULT.VAR_DIF.G2",20,0.776357575952245,0.594848192533397,0.74676420683972,TRUE,0.8286,,"",0.9,1,0.447242035753349,
"R3","pre2020","F5_G2","G2",1,"yoy_pp","REG.ENET.G2",20,0.828333121330221,0.675420391637083,0.796758536928712,TRUE,0.4092,,"",0.7,0.85,0.474823600357345,
"R3","pre2020","F5_G2","G2",1,"yoy_pp","REG.PCR.G2",20,0.893026100049728,0.728053839939808,0.858985534433459,FALSE,0.0368,,"",0.7,0.85,0.514488649673711,
"R3","pre2020","F5_G2","G2",1,"yoy_pp","UNI.ARIMA",20,0.792533303060751,0.641369929510094,0.762323344018775,TRUE,0.8286,,"",0.9,1,0.469736541250988,
"R3","pre2020","F5_G2","G2",1,"yoy_pp","UNI.ARIMAX.G2",20,0.763505205595443,0.625295601938052,0.73440174596757,TRUE,0.8286,,"",0.85,1,0.438217952916917,
"R3","pre2020","F5_G2","G2",1,"yoy_pp","UNI.ARIMAX_IVAE.G2",20,0.770373388564748,0.637842176500545,0.741008126025383,TRUE,0.8286,,"",0.9,1,0.446466947647107,
"R3","pre2020","F5_G2","G2",1,"yoy_pp","UNI.UC_LLT",20,0.778525093128301,0.618695093887163,0.748849102118554,TRUE,0.8286,,"",0.9,1,0.461401276708271,
"R3","pre2020","F5_G2","G2",2,"yoy_pp","BENCH.AR1",19,0.588675834978043,0.475688241197003,0.421244223613516,TRUE,0.9846,,"",1,1,0.450152310407742,
"R3","pre2020","F5_G2","G2",2,"yoy_pp","BENCH.ARP_BIC",19,0.608531647471011,0.48970312218576,0.435452631400677,TRUE,0.9846,,"",1,1,0.470621361763213,
"R3","pre2020","F5_G2","G2",2,"yoy_pp","BENCH.ETS",19,0.652958893471127,0.553297134589534,0.467243847612743,TRUE,0.6366,,"",1,1,0.475057556048187,
"R3","pre2020","F5_G2","G2",2,"yoy_pp","BENCH.MEDIA_CRECIMIENTO",19,0.620962411792298,0.495670363937732,0.444347828645589,TRUE,0.9846,,"",,,,
"R3","pre2020","F5_G2","G2",2,"yoy_pp","BENCH.RW_CON_DERIVA",19,0.608531647471007,0.48970312218576,0.435452631400674,TRUE,0.9846,,"",1,1,0.470621361763211,
"R3","pre2020","F5_G2","G2",2,"yoy_pp","BENCH.RW_SIN_DERIVA",19,1.39746921614323,1.27515763919989,1,FALSE,0,,"",1,1,0.827866869702578,
"R3","pre2020","F5_G2","G2",2,"yoy_pp","COMB.ECM_INV.G2",19,0.623047273055275,0.510867807976018,0.445839712143911,TRUE,0.9676,,"",,,,
"R3","pre2020","F5_G2","G2",2,"yoy_pp","COMB.MEDIA.G2",19,0.625262836636429,0.519433920666569,0.447425123511518,TRUE,0.9584,,"",,,,
"R3","pre2020","F5_G2","G2",2,"yoy_pp","COMB.MEDIANA.G2",19,0.624997280129332,0.510106209176634,0.447235096780318,TRUE,0.967,,"",,,,
"R3","pre2020","F5_G2","G2",2,"yoy_pp","COMB.RECORTADA.G2",19,0.615206304369883,0.507704762300584,0.44022887750454,TRUE,0.9846,,"",,,,
"R3","pre2020","F5_G2","G2",2,"yoy_pp","MIX.PUENTE.G2",19,0.71804049800729,0.601119853522025,0.513814894605662,TRUE,0.6366,,"",1,1,0.521349354465521,
"R3","pre2020","F5_G2","G2",2,"yoy_pp","MIX.UMIDAS.G2",19,0.9884586211857,0.78695430775474,0.707320497487359,TRUE,0.2574,,"",0.894736842105263,0.947368421052632,0.556273838556859,
"R3","pre2020","F5_G2","G2",2,"yoy_pp","ML.LGBM.G2",19,0.707768185223757,0.553072037746549,0.506464240534094,TRUE,0.6362,,"",0.894736842105263,1,0.397559360910001,
"R3","pre2020","F5_G2","G2",2,"yoy_pp","ML.RF.G2",19,0.642201637564749,0.490517868520542,0.459546178295872,TRUE,0.9704,,"",0.947368421052632,1,0.360935573352401,
"R3","pre2020","F5_G2","G2",2,"yoy_pp","MULT.BVAR.G2",19,0.800353038616757,0.696057382973785,0.572716042236401,FALSE,0.0348,,"",1,1,0.504114292794431,
"R3","pre2020","F5_G2","G2",2,"yoy_pp","MULT.VAR_DIF.G2",19,0.745487776833399,0.599806156767792,0.533455598321382,TRUE,0.2574,,"",1,1,0.483888118563302,
"R3","pre2020","F5_G2","G2",2,"yoy_pp","REG.ENET.G2",19,0.664750025806053,0.53960111021072,0.475681337468489,TRUE,0.6366,,"",0.947368421052632,1,0.373647001535749,
"R3","pre2020","F5_G2","G2",2,"yoy_pp","REG.PCR.G2",19,0.672358510896137,0.557811057706217,0.481125811666699,TRUE,0.6362,,"",0.947368421052632,1,0.377550940632395,
"R3","pre2020","F5_G2","G2",2,"yoy_pp","UNI.ARIMA",19,0.608531647471623,0.48970312218627,0.435452631401115,TRUE,0.9846,,"",1,1,0.470787132312722,
"R3","pre2020","F5_G2","G2",2,"yoy_pp","UNI.ARIMAX.G2",19,0.595902528358246,0.461710938880844,0.426415495579096,TRUE,0.9846,,"",1,1,0.423330886643809,
"R3","pre2020","F5_G2","G2",2,"yoy_pp","UNI.ARIMAX_IVAE.G2",19,0.579246581959091,0.474331053100032,0.414496845631927,TRUE,1,,"",1,1,0.437323102021799,
"R3","pre2020","F5_G2","G2",2,"yoy_pp","UNI.UC_LLT",19,0.62195752451513,0.517051497539253,0.445059910680268,TRUE,0.9584,,"",1,1,0.462691937925909,
"R3","pre2020","F5_G2","G2",4,"yoy_pp","BENCH.AR1",17,0.545128991404364,0.428826966970811,0.218381526551453,TRUE,1,"distorsion_tamano_documentada","n_bajo_calibracion",1,1,0.561272188978071,
"R3","pre2020","F5_G2","G2",4,"yoy_pp","BENCH.ARP_BIC",17,0.580118835284391,0.450361406992684,0.232398641107463,TRUE,0.531,"distorsion_tamano_documentada","n_bajo_calibracion",1,1,0.601016412937646,
"R3","pre2020","F5_G2","G2",4,"yoy_pp","BENCH.ETS",17,0.619282251198031,0.492293035475038,0.248087710459942,TRUE,0.531,"distorsion_tamano_documentada","n_bajo_calibracion",1,1,0.590302108897601,
"R3","pre2020","F5_G2","G2",4,"yoy_pp","BENCH.MEDIA_CRECIMIENTO",17,0.562979434941543,0.444674697647836,0.225532507641685,TRUE,0.531,"distorsion_tamano_documentada","n_bajo_calibracion",,,,
"R3","pre2020","F5_G2","G2",4,"yoy_pp","BENCH.RW_CON_DERIVA",17,0.580118835284361,0.450361406992658,0.232398641107451,TRUE,0.531,"distorsion_tamano_documentada","n_bajo_calibracion",1,1,0.60101641293764,
"R3","pre2020","F5_G2","G2",4,"yoy_pp","BENCH.RW_SIN_DERIVA",17,2.49622300939419,2.43229833086933,1,FALSE,0,"distorsion_tamano_documentada","n_bajo_calibracion",0.941176470588235,1,1.48458890982725,
"R3","pre2020","F5_G2","G2",4,"yoy_pp","COMB.ECM_INV.G2",17,0.690720097415485,0.564822677446413,0.276706085480367,TRUE,0.531,"distorsion_tamano_documentada","n_bajo_calibracion",,,,
"R3","pre2020","F5_G2","G2",4,"yoy_pp","COMB.MEDIA.G2",17,0.695820272018335,0.570668450662935,0.278749242114872,TRUE,0.531,"distorsion_tamano_documentada","n_bajo_calibracion",,,,
"R3","pre2020","F5_G2","G2",4,"yoy_pp","COMB.MEDIANA.G2",17,0.683154526059236,0.549207185254709,0.273675278005322,TRUE,0.531,"distorsion_tamano_documentada","n_bajo_calibracion",,,,
"R3","pre2020","F5_G2","G2",4,"yoy_pp","COMB.RECORTADA.G2",17,0.682583587117468,0.563227333643881,0.273446556877595,TRUE,0.531,"distorsion_tamano_documentada","n_bajo_calibracion",,,,
"R3","pre2020","F5_G2","G2",4,"yoy_pp","MIX.PUENTE.G2",17,0.782877157157106,0.643994892721622,0.31362468585974,TRUE,0.3954,"distorsion_tamano_documentada","n_bajo_calibracion",1,1,0.710349661718913,
"R3","pre2020","F5_G2","G2",4,"yoy_pp","MIX.UMIDAS.G2",17,0.985413096199733,0.699767603225803,0.394761642886581,TRUE,0.531,"distorsion_tamano_documentada","n_bajo_calibracion",0.882352941176471,0.941176470588235,0.565552380061925,
"R3","pre2020","F5_G2","G2",4,"yoy_pp","ML.LGBM.G2",17,0.930213711488235,0.630112158287159,0.372648480519371,TRUE,0.2294,"distorsion_tamano_documentada","n_bajo_calibracion",0.882352941176471,0.941176470588235,0.517544373099554,
"R3","pre2020","F5_G2","G2",4,"yoy_pp","ML.RF.G2",17,0.862379697737802,0.705867803485519,0.34547381964366,TRUE,0.1922,"distorsion_tamano_documentada","n_bajo_calibracion",0.941176470588235,1,0.489771607878812,
"R3","pre2020","F5_G2","G2",4,"yoy_pp","MULT.BVAR.G2",17,0.937197336857017,0.752208317575258,0.375446157386582,FALSE,0.0662,"distorsion_tamano_documentada","n_bajo_calibracion",1,1,0.663544525662299,
"R3","pre2020","F5_G2","G2",4,"yoy_pp","MULT.VAR_DIF.G2",17,0.640176790315122,0.493050891499395,0.256458172168875,TRUE,0.531,"distorsion_tamano_documentada","n_bajo_calibracion",1,1,0.56436935893836,
"R3","pre2020","F5_G2","G2",4,"yoy_pp","REG.ENET.G2",17,0.798341197307035,0.641052612387755,0.319819661265276,TRUE,0.1922,"distorsion_tamano_documentada","n_bajo_calibracion",0.882352941176471,1,0.459340321017966,
"R3","pre2020","F5_G2","G2",4,"yoy_pp","REG.PCR.G2",17,0.825676928155772,0.68624004580984,0.330770498087892,FALSE,0.0718,"distorsion_tamano_documentada","n_bajo_calibracion",0.882352941176471,1,0.474438774727553,
"R3","pre2020","F5_G2","G2",4,"yoy_pp","UNI.ARIMA",17,0.580118835284599,0.450361406992695,0.232398641107546,TRUE,0.531,"distorsion_tamano_documentada","n_bajo_calibracion",1,1,0.60128518313235,
"R3","pre2020","F5_G2","G2",4,"yoy_pp","UNI.ARIMAX.G2",17,0.680959103856907,0.528115510065921,0.272795780382687,TRUE,0.531,"distorsion_tamano_documentada","n_bajo_calibracion",1,1,0.552117300049313,
"R3","pre2020","F5_G2","G2",4,"yoy_pp","UNI.ARIMAX_IVAE.G2",17,0.724623145912805,0.628982410311895,0.290287824118994,TRUE,0.531,"distorsion_tamano_documentada","n_bajo_calibracion",1,1,0.595396099611835,
"R3","pre2020","F5_G2","G2",4,"yoy_pp","UNI.UC_LLT",17,0.621883308775981,0.506321579525594,0.249129707736693,TRUE,0.531,"distorsion_tamano_documentada","n_bajo_calibracion",1,1,0.58395676556546,
"R3","pre2020","F5_G2","G2",8,"yoy_pp","BENCH.AR1",13,0.438997953610312,0.359768895719386,0.181295230816476,TRUE,0.5896,"distorsion_tamano_documentada","n_bajo_calibracion",1,1,0.546036577144486,
"R3","pre2020","F5_G2","G2",8,"yoy_pp","BENCH.ARP_BIC",13,0.457666236449298,0.353060928880785,0.189004767087449,TRUE,0.5896,"distorsion_tamano_documentada","n_bajo_calibracion",1,1,0.581185749828604,
"R3","pre2020","F5_G2","G2",8,"yoy_pp","BENCH.ETS",13,0.524082349626449,0.444965259192622,0.216432969131126,TRUE,0.2724,"distorsion_tamano_documentada","n_bajo_calibracion",1,1,0.578375542953468,
"R3","pre2020","F5_G2","G2",8,"yoy_pp","BENCH.MEDIA_CRECIMIENTO",13,0.432961705278703,0.355824377610161,0.178802410461519,TRUE,1,"distorsion_tamano_documentada","n_bajo_calibracion",,,,
"R3","pre2020","F5_G2","G2",8,"yoy_pp","BENCH.RW_CON_DERIVA",13,0.457666236449289,0.353060928880758,0.189004767087445,TRUE,0.5896,"distorsion_tamano_documentada","n_bajo_calibracion",1,1,0.581185749828602,
"R3","pre2020","F5_G2","G2",8,"yoy_pp","BENCH.RW_SIN_DERIVA",13,2.4214534030115,2.38380622689152,1,FALSE,0,"distorsion_tamano_documentada","n_bajo_calibracion",1,1,1.44076528473027,
"R3","pre2020","F5_G2","G2",8,"yoy_pp","COMB.ECM_INV.G2",13,0.529955087981302,0.454166823632217,0.218858263934466,TRUE,0.2724,"distorsion_tamano_documentada","n_bajo_calibracion",,,,
"R3","pre2020","F5_G2","G2",8,"yoy_pp","COMB.MEDIA.G2",13,0.523510282976412,0.449465565149749,0.216196719839967,TRUE,0.2724,"distorsion_tamano_documentada","n_bajo_calibracion",,,,
"R3","pre2020","F5_G2","G2",8,"yoy_pp","COMB.MEDIANA.G2",13,0.539119592009614,0.471012377118326,0.222642976048651,TRUE,0.2724,"distorsion_tamano_documentada","n_bajo_calibracion",,,,
"R3","pre2020","F5_G2","G2",8,"yoy_pp","COMB.RECORTADA.G2",13,0.523653761317316,0.449965481584568,0.216255972824446,TRUE,0.2724,"distorsion_tamano_documentada","n_bajo_calibracion",,,,
"R3","pre2020","F5_G2","G2",8,"yoy_pp","MIX.PUENTE.G2",13,0.552275152828841,0.461649806833774,0.228075895304031,TRUE,0.2724,"distorsion_tamano_documentada","n_bajo_calibracion",1,1,0.708011692508343,
"R3","pre2020","F5_G2","G2",8,"yoy_pp","MIX.UMIDAS.G2",13,0.771026101139966,0.60681609683431,0.318414593558175,TRUE,0.2724,"distorsion_tamano_documentada","n_bajo_calibracion",0.923076923076923,0.923076923076923,0.567654291958068,
"R3","pre2020","F5_G2","G2",8,"yoy_pp","ML.LGBM.G2",13,0.771936674257209,0.62440480172566,0.318790637596896,FALSE,0.061,"distorsion_tamano_documentada","n_bajo_calibracion",0.923076923076923,1,0.509421527313341,
"R3","pre2020","F5_G2","G2",8,"yoy_pp","ML.RF.G2",13,0.699516887455405,0.537199277635019,0.288883067741644,TRUE,0.1946,"distorsion_tamano_documentada","n_bajo_calibracion",1,1,0.478682029272053,
"R3","pre2020","F5_G2","G2",8,"yoy_pp","MULT.BVAR.G2",13,0.735162121448441,0.60212146946674,0.303603662384806,FALSE,0.003,"distorsion_tamano_documentada","n_bajo_calibracion",1,1,0.635496011446906,
"R3","pre2020","F5_G2","G2",8,"yoy_pp","MULT.VAR_DIF.G2",13,0.585765688742475,0.477037609863182,0.241906653257905,TRUE,0.1946,"distorsion_tamano_documentada","n_bajo_calibracion",1,1,0.564372957643564,
"R3","pre2020","F5_G2","G2",8,"yoy_pp","REG.ENET.G2",13,0.758097553387983,0.593851178583993,0.313075425050574,FALSE,0.003,"distorsion_tamano_documentada","n_bajo_calibracion",0.923076923076923,1,0.493123310304107,
"R3","pre2020","F5_G2","G2",8,"yoy_pp","REG.PCR.G2",13,0.687963985063468,0.593105219643317,0.284112006536184,FALSE,0.0374,"distorsion_tamano_documentada","n_bajo_calibracion",1,1,0.478107968782734,
"R3","pre2020","F5_G2","G2",8,"yoy_pp","UNI.ARIMA",13,0.45766623644827,0.353060928882315,0.189004767087024,TRUE,0.5896,"distorsion_tamano_documentada","n_bajo_calibracion",1,1,0.581471234972924,
"R3","pre2020","F5_G2","G2",8,"yoy_pp","UNI.ARIMAX.G2",13,0.453760726613654,0.389222152141042,0.18739188871003,TRUE,0.5896,"distorsion_tamano_documentada","n_bajo_calibracion",1,1,0.515254464485905,
"R3","pre2020","F5_G2","G2",8,"yoy_pp","UNI.ARIMAX_IVAE.G2",13,0.452598106573183,0.398350782046136,0.186911755563951,TRUE,0.5896,"distorsion_tamano_documentada","n_bajo_calibracion",1,1,0.550909852665684,
"R3","pre2020","F5_G2","G2",8,"yoy_pp","UNI.UC_LLT",13,0.529782967955505,0.430349294367333,0.218787182646847,TRUE,0.2724,"distorsion_tamano_documentada","n_bajo_calibracion",1,1,0.571371504172343,
"R3","post2020","F5_G2","G2",1,"yoy_pp","BENCH.AR1",25,6.36764557377701,3.00867205660116,1.13549679188066,TRUE,0.718,,"",0.8,0.84,2.76822535211782,
"R3","post2020","F5_G2","G2",1,"yoy_pp","BENCH.ARP_BIC",25,6.47911917179959,3.38894560376771,1.15537508307439,TRUE,0.718,,"",0.76,0.76,3.09397039984404,
"R3","post2020","F5_G2","G2",1,"yoy_pp","BENCH.ETS",25,5.98894953541537,2.98240090273861,1.0679666299589,TRUE,0.718,,"",0.8,0.8,2.65081687107081,
"R3","post2020","F5_G2","G2",1,"yoy_pp","BENCH.MEDIA_CRECIMIENTO",25,7.59521567299907,4.06433451931012,1.35440060700749,TRUE,0.718,,"",,,,
"R3","post2020","F5_G2","G2",1,"yoy_pp","BENCH.RW_CON_DERIVA",25,5.58098063009549,2.55863610861805,0.99521644658099,TRUE,0.718,,"",0.84,0.84,2.34206135114448,
"R3","post2020","F5_G2","G2",1,"yoy_pp","BENCH.RW_SIN_DERIVA",25,5.60780586903345,2.83142860368453,1,TRUE,0.718,,"",0.8,0.88,2.43663549962329,
"R3","post2020","F5_G2","G2",1,"yoy_pp","COMB.ECM_INV.G2",25,5.33276319223485,2.57190399695354,0.950953602313983,TRUE,0.718,,"",,,,
"R3","post2020","F5_G2","G2",1,"yoy_pp","COMB.MEDIA.G2",25,5.99251285595471,2.92674180129879,1.06860205148071,TRUE,0.718,,"",,,,
"R3","post2020","F5_G2","G2",1,"yoy_pp","COMB.MEDIANA.G2",25,6.2907046798546,2.98390130211356,1.12177647136327,TRUE,0.718,,"",,,,
"R3","post2020","F5_G2","G2",1,"yoy_pp","COMB.RECORTADA.G2",25,6.21309363824477,2.9891988824857,1.10793664819136,TRUE,0.718,,"",,,,
"R3","post2020","F5_G2","G2",1,"yoy_pp","MIX.PUENTE.G2",25,2.44591271403302,1.5258778442262,0.436162158811427,TRUE,1,,"",0.76,0.88,1.19818992393643,
"R3","post2020","F5_G2","G2",1,"yoy_pp","MIX.UMIDAS.G2",25,4.95896346519724,2.54788629455913,0.884296564647656,TRUE,0.718,,"",0.84,0.88,2.39625127466346,
"R3","post2020","F5_G2","G2",1,"yoy_pp","ML.LGBM.G2",25,5.75884950417445,2.89987919746262,1.02693453351784,TRUE,0.718,,"",0.8,0.84,2.77745887230231,
"R3","post2020","F5_G2","G2",1,"yoy_pp","ML.RF.G2",25,6.16334387570797,2.8746701501103,1.09906512808195,TRUE,0.718,,"",0.8,0.84,2.96672141262802,
"R3","post2020","F5_G2","G2",1,"yoy_pp","MULT.BVAR.G2",25,6.79652845150815,3.43852881216295,1.21197641470417,TRUE,0.682,,"",0.84,0.88,2.93500020411226,
"R3","post2020","F5_G2","G2",1,"yoy_pp","MULT.VAR_DIF.G2",25,6.78973826752407,3.31884860901649,1.21076556965306,TRUE,0.718,,"",0.8,0.84,2.9826005233214,
"R3","post2020","F5_G2","G2",1,"yoy_pp","REG.ENET.G2",25,6.25127237583022,2.99900576987477,1.11474478999889,TRUE,0.718,,"",0.8,0.84,2.91394296935145,
"R3","post2020","F5_G2","G2",1,"yoy_pp","REG.PCR.G2",25,7.15093189686576,3.37907654499277,1.27517465188186,TRUE,0.718,,"",0.8,0.84,3.21766046651521,
"R3","post2020","F5_G2","G2",1,"yoy_pp","UNI.ARIMA",25,6.38387087884423,3.39456777730976,1.13839013473991,TRUE,0.718,,"",0.8,0.8,2.97567270256739,
"R3","post2020","F5_G2","G2",1,"yoy_pp","UNI.ARIMAX.G2",25,7.21852101464749,3.67368367369979,1.28722733689989,TRUE,0.5168,,"",0.76,0.76,3.43520819423231,
"R3","post2020","F5_G2","G2",1,"yoy_pp","UNI.ARIMAX_IVAE.G2",25,7.64382000387554,3.97037439844455,1.36306787046339,TRUE,0.5098,,"",0.76,0.76,3.66471795032996,
"R3","post2020","F5_G2","G2",1,"yoy_pp","UNI.UC_LLT",25,6.27819351509751,3.10179200039691,1.11954544463922,TRUE,0.718,,"",0.8,0.8,2.77223534066793,
"R3","post2020","F5_G2","G2",2,"yoy_pp","BENCH.AR1",25,7.81001649458164,3.95991241314305,1.09187052692634,TRUE,0.7904,,"",0.8,0.8,3.57127562086764,
"R3","post2020","F5_G2","G2",2,"yoy_pp","BENCH.ARP_BIC",25,7.77247479013742,4.34195570641436,1.08662205137681,TRUE,0.7696,,"",0.72,0.72,3.94473506081374,
"R3","post2020","F5_G2","G2",2,"yoy_pp","BENCH.ETS",25,7.67537590580925,4.06955971358128,1.07304725162204,TRUE,0.7904,,"",0.76,0.76,3.58414019746753,
"R3","post2020","F5_G2","G2",2,"yoy_pp","BENCH.MEDIA_CRECIMIENTO",25,7.62596734456208,4.09069394635717,1.06613974357247,TRUE,0.8164,,"",,,,
"R3","post2020","F5_G2","G2",2,"yoy_pp","BENCH.RW_CON_DERIVA",25,7.06591355017595,3.58100115962812,0.987842055980168,TRUE,0.8164,,"",0.8,0.8,3.25583578536371,
"R3","post2020","F5_G2","G2",2,"yoy_pp","BENCH.RW_SIN_DERIVA",25,7.15287783851735,4.15446879354878,1,TRUE,0.8164,,"",0.84,0.84,3.43765337916523,
"R3","post2020","F5_G2","G2",2,"yoy_pp","COMB.ECM_INV.G2",25,7.85548468971116,4.08470302419567,1.09822715654535,TRUE,0.7832,,"",,,,
"R3","post2020","F5_G2","G2",2,"yoy_pp","COMB.MEDIA.G2",25,7.91428612646898,4.14391576587749,1.10644782493719,TRUE,0.7832,,"",,,,
"R3","post2020","F5_G2","G2",2,"yoy_pp","COMB.MEDIANA.G2",25,7.42002478434661,3.95143430025826,1.03734817675631,TRUE,0.7904,,"",,,,
"R3","post2020","F5_G2","G2",2,"yoy_pp","COMB.RECORTADA.G2",25,7.96755859872828,4.17351095001387,1.11389552269773,TRUE,0.7776,,"",,,,
"R3","post2020","F5_G2","G2",2,"yoy_pp","MIX.PUENTE.G2",25,5.59087956940391,2.6791964597632,0.78162659780064,TRUE,1,,"",0.84,0.88,2.44198082752669,
"R3","post2020","F5_G2","G2",2,"yoy_pp","MIX.UMIDAS.G2",25,7.01947851577864,4.38688211126244,0.981350258490315,TRUE,0.8164,,"",0.8,0.84,3.83611177838206,
"R3","post2020","F5_G2","G2",2,"yoy_pp","ML.LGBM.G2",25,7.19796054221386,3.90006401207589,1.00630273642502,TRUE,0.8164,,"",0.72,0.84,3.80784833909132,
"R3","post2020","F5_G2","G2",2,"yoy_pp","ML.RF.G2",25,7.43891820298407,4.29554065976447,1.03998954979022,TRUE,0.7832,,"",0.68,0.84,4.02935482351274,
"R3","post2020","F5_G2","G2",2,"yoy_pp","MULT.BVAR.G2",25,9.55230446999574,4.95332308764184,1.33544912770043,TRUE,0.567,,"",0.72,0.76,4.26315494831412,
"R3","post2020","F5_G2","G2",2,"yoy_pp","MULT.VAR_DIF.G2",25,10.0271138522611,4.72003464355918,1.40182931662363,TRUE,0.7176,,"",0.76,0.76,4.42747684532947,
"R3","post2020","F5_G2","G2",2,"yoy_pp","REG.ENET.G2",25,7.46670060725867,4.16192681640859,1.04387363741226,TRUE,0.7904,,"",0.76,0.84,3.90537765631736,
"R3","post2020","F5_G2","G2",2,"yoy_pp","REG.PCR.G2",25,7.87855011504434,4.51502458796389,1.10145179225896,TRUE,0.7832,,"",0.72,0.8,4.21735266993739,
"R3","post2020","F5_G2","G2",2,"yoy_pp","UNI.ARIMA",25,7.76827816322525,4.46331877966248,1.08603534669557,TRUE,0.7176,,"",0.72,0.76,3.83880569207416,
"R3","post2020","F5_G2","G2",2,"yoy_pp","UNI.ARIMAX.G2",25,9.57423369203106,4.80004533291617,1.33851491779645,TRUE,0.5934,,"",0.72,0.72,4.54355363646615,
"R3","post2020","F5_G2","G2",2,"yoy_pp","UNI.ARIMAX_IVAE.G2",25,10.0711049549929,5.14167339104332,1.40797944300981,TRUE,0.567,,"",0.72,0.72,4.79172130449096,
"R3","post2020","F5_G2","G2",2,"yoy_pp","UNI.UC_LLT",25,8.29272964974959,4.29044659312945,1.15935569388509,TRUE,0.775,,"",0.76,0.76,3.80507014000154,
"R3","post2020","F5_G2","G2",4,"yoy_pp","BENCH.AR1",25,8.51277170910058,4.48602066408496,1.06136313505505,TRUE,0.6596,"distorsion_tamano_documentada","",0.76,0.8,4.03308465869015,
"R3","post2020","F5_G2","G2",4,"yoy_pp","BENCH.ARP_BIC",25,8.20840669529555,4.66592773228208,1.0234152355586,TRUE,0.6596,"distorsion_tamano_documentada","",0.68,0.76,4.24279747052547,
"R3","post2020","F5_G2","G2",4,"yoy_pp","BENCH.ETS",25,8.70197882626354,4.69293287623555,1.08495327301589,TRUE,0.6596,"distorsion_tamano_documentada","",0.72,0.76,4.10762017630818,
"R3","post2020","F5_G2","G2",4,"yoy_pp","BENCH.MEDIA_CRECIMIENTO",25,7.62146634621725,4.10683404813778,0.950236150029727,TRUE,0.6596,"distorsion_tamano_documentada","",,,,
"R3","post2020","F5_G2","G2",4,"yoy_pp","BENCH.RW_CON_DERIVA",25,7.68755690098195,4.099313867847,0.958476248648559,TRUE,0.6596,"distorsion_tamano_documentada","",0.76,0.84,3.727800338866,
"R3","post2020","F5_G2","G2",4,"yoy_pp","BENCH.RW_SIN_DERIVA",25,8.02060240075987,5.40140691423199,1,TRUE,0.6596,"distorsion_tamano_documentada","",0.84,0.84,4.11615522457471,
"R3","post2020","F5_G2","G2",4,"yoy_pp","COMB.ECM_INV.G2",25,9.21357587094226,4.88207320142696,1.14873863714643,TRUE,0.6596,"distorsion_tamano_documentada","",,,,
"R3","post2020","F5_G2","G2",4,"yoy_pp","COMB.MEDIA.G2",25,9.21656510319401,4.87459250037065,1.1491113313784,TRUE,0.6596,"distorsion_tamano_documentada","",,,,
"R3","post2020","F5_G2","G2",4,"yoy_pp","COMB.MEDIANA.G2",25,8.29169861428568,4.60022966507469,1.03379998159491,TRUE,0.6596,"distorsion_tamano_documentada","",,,,
"R3","post2020","F5_G2","G2",4,"yoy_pp","COMB.RECORTADA.G2",25,9.21507247284606,4.85684521062556,1.14892523184705,TRUE,0.6066,"distorsion_tamano_documentada","",,,,
"R3","post2020","F5_G2","G2",4,"yoy_pp","MIX.PUENTE.G2",25,6.86254038191323,3.84473697326009,0.855614084705542,TRUE,1,"distorsion_tamano_documentada","",0.76,0.8,3.67867706007245,
"R3","post2020","F5_G2","G2",4,"yoy_pp","MIX.UMIDAS.G2",25,7.80620213992411,4.6928405424585,0.973268808236218,TRUE,0.6596,"distorsion_tamano_documentada","",0.76,0.76,4.37105538710399,
"R3","post2020","F5_G2","G2",4,"yoy_pp","ML.LGBM.G2",25,8.17530142356366,4.56057494877473,1.01928770621882,TRUE,0.6596,"distorsion_tamano_documentada","",0.64,0.76,4.58953698664188,
"R3","post2020","F5_G2","G2",4,"yoy_pp","ML.RF.G2",25,8.47487528826568,5.28737029880148,1.05663825044647,TRUE,0.5852,"distorsion_tamano_documentada","",0.68,0.76,4.87712335062434,
"R3","post2020","F5_G2","G2",4,"yoy_pp","MULT.BVAR.G2",25,12.0258433401635,6.02175594004463,1.499369092155,TRUE,0.4948,"distorsion_tamano_documentada","",0.72,0.8,4.83383838301783,
"R3","post2020","F5_G2","G2",4,"yoy_pp","MULT.VAR_DIF.G2",25,12.5419003149054,5.71088974002556,1.56371051552402,TRUE,0.5852,"distorsion_tamano_documentada","",0.76,0.8,5.07917301169218,
"R3","post2020","F5_G2","G2",4,"yoy_pp","REG.ENET.G2",25,8.2683246394557,5.09547585436441,1.03088573978837,TRUE,0.6596,"distorsion_tamano_documentada","",0.68,0.76,4.50972344507589,
"R3","post2020","F5_G2","G2",4,"yoy_pp","REG.PCR.G2",25,7.96433577825843,4.28822752290945,0.992984738590694,TRUE,0.6596,"distorsion_tamano_documentada","",0.72,0.76,4.45839616016779,
"R3","post2020","F5_G2","G2",4,"yoy_pp","UNI.ARIMA",25,8.43276439776773,4.97734163621526,1.05138791033561,TRUE,0.6596,"distorsion_tamano_documentada","",0.68,0.76,4.16305750866187,
"R3","post2020","F5_G2","G2",4,"yoy_pp","UNI.ARIMAX.G2",25,11.1914505163037,5.4946658035239,1.39533790070974,TRUE,0.4948,"distorsion_tamano_documentada","",0.68,0.76,5.09932709853462,
"R3","post2020","F5_G2","G2",4,"yoy_pp","UNI.ARIMAX_IVAE.G2",25,11.662573515554,5.67154403249454,1.45407700479568,TRUE,0.4948,"distorsion_tamano_documentada","",0.68,0.76,5.33439323663219,
"R3","post2020","F5_G2","G2",4,"yoy_pp","UNI.UC_LLT",25,10.0798388889534,5.09053834278875,1.25674336979956,TRUE,0.5142,"distorsion_tamano_documentada","",0.72,0.76,4.51417671775204,
"R3","post2020","F5_G2","G2",8,"yoy_pp","BENCH.AR1",25,7.56999633130588,4.10145341560015,0.943818924447458,TRUE,0.8212,"distorsion_tamano_documentada","",0.72,0.8,3.73787265843126,
"R3","post2020","F5_G2","G2",8,"yoy_pp","BENCH.ARP_BIC",25,7.56457838517613,4.04658261406664,0.943143420805831,TRUE,1,"distorsion_tamano_documentada","",0.72,0.8,3.73958065134572,
"R3","post2020","F5_G2","G2",8,"yoy_pp","BENCH.ETS",25,7.68593744506052,4.36050015334289,0.958274336642389,TRUE,0.7552,"distorsion_tamano_documentada","",0.72,0.8,3.79717696796967,
"R3","post2020","F5_G2","G2",8,"yoy_pp","BENCH.MEDIA_CRECIMIENTO",25,7.56793185401434,4.05165991408014,0.943561527659987,TRUE,0.8482,"distorsion_tamano_documentada","",,,,
"R3","post2020","F5_G2","G2",8,"yoy_pp","BENCH.RW_CON_DERIVA",25,7.5668395793457,4.07102305434498,0.943425344040095,TRUE,0.8482,"distorsion_tamano_documentada","",0.72,0.8,3.78669081832348,
"R3","post2020","F5_G2","G2",8,"yoy_pp","BENCH.RW_SIN_DERIVA",25,8.02060240075987,5.40140691423199,1,TRUE,0.7552,"distorsion_tamano_documentada","",0.76,0.8,4.27379538165345,
"R3","post2020","F5_G2","G2",8,"yoy_pp","COMB.ECM_INV.G2",25,7.63555826411952,4.31339018573651,0.951993115055314,TRUE,0.7552,"distorsion_tamano_documentada","",,,,
"R3","post2020","F5_G2","G2",8,"yoy_pp","COMB.MEDIA.G2",25,7.64968677390733,4.32331385398743,0.953754642317465,TRUE,0.7552,"distorsion_tamano_documentada","",,,,
"R3","post2020","F5_G2","G2",8,"yoy_pp","COMB.MEDIANA.G2",25,7.59203699048287,4.18813447309743,0.946566929905864,TRUE,0.8212,"distorsion_tamano_documentada","",,,,
"R3","post2020","F5_G2","G2",8,"yoy_pp","COMB.RECORTADA.G2",25,7.61221154908595,4.27946909725457,0.949082271970591,TRUE,0.8082,"distorsion_tamano_documentada","",,,,
"R3","post2020","F5_G2","G2",8,"yoy_pp","MIX.PUENTE.G2",25,7.58574881944976,4.1801202669092,0.945782927568019,TRUE,0.8212,"distorsion_tamano_documentada","",0.76,0.8,4.04123055321437,
"R3","post2020","F5_G2","G2",8,"yoy_pp","MIX.UMIDAS.G2",25,7.76862976481273,4.67119401121779,0.968584325296655,TRUE,0.7552,"distorsion_tamano_documentada","",0.64,0.64,5.0957315520666,
"R3","post2020","F5_G2","G2",8,"yoy_pp","ML.LGBM.G2",25,7.72433205088186,4.38550732289963,0.963061334414239,TRUE,0.7552,"distorsion_tamano_documentada","",0.68,0.72,4.7482861355784,
"R3","post2020","F5_G2","G2",8,"yoy_pp","ML.RF.G2",25,7.82049504137817,4.68263083480484,0.97505083167285,TRUE,0.7552,"distorsion_tamano_documentada","",0.68,0.72,4.83571085497853,
"R3","post2020","F5_G2","G2",8,"yoy_pp","MULT.BVAR.G2",25,8.9271613705654,5.21661038000495,1.11302878817676,TRUE,0.6644,"distorsion_tamano_documentada","",0.76,0.8,4.58358798437636,
"R3","post2020","F5_G2","G2",8,"yoy_pp","MULT.VAR_DIF.G2",25,8.01255121624496,4.69682375436999,0.998996187055208,TRUE,0.6838,"distorsion_tamano_documentada","",0.72,0.76,4.14574650631821,
"R3","post2020","F5_G2","G2",8,"yoy_pp","REG.ENET.G2",25,7.80804445491098,4.91559441281241,0.973498506068727,TRUE,0.7552,"distorsion_tamano_documentada","",0.68,0.72,4.96671378047198,
"R3","post2020","F5_G2","G2",8,"yoy_pp","REG.PCR.G2",25,8.38527440118666,5.35438415587656,1.04546690911798,TRUE,0.6838,"distorsion_tamano_documentada","",0.68,0.68,5.16446770878169,
"R3","post2020","F5_G2","G2",8,"yoy_pp","UNI.ARIMA",25,7.5919249946991,4.16379246990172,0.946552966393127,TRUE,0.8082,"distorsion_tamano_documentada","",0.72,0.8,3.65291143108282,
"R3","post2020","F5_G2","G2",8,"yoy_pp","UNI.ARIMAX.G2",25,7.67648847304148,4.37854513741042,0.957096249069049,TRUE,0.7552,"distorsion_tamano_documentada","",0.72,0.8,4.02397568893806,
"R3","post2020","F5_G2","G2",8,"yoy_pp","UNI.ARIMAX_IVAE.G2",25,7.69228814799525,4.4213552138042,0.959066135389841,TRUE,0.7552,"distorsion_tamano_documentada","",0.72,0.8,4.08523803477324,
"R3","post2020","F5_G2","G2",8,"yoy_pp","UNI.UC_LLT",25,8.20777359545561,4.75492681241306,1.02333630135786,TRUE,0.6838,"distorsion_tamano_documentada","",0.68,0.76,4.1250368158229,
"R4","sin_2020","F5_G1","G1",1,"yoy_pp","BENCH.AR1",48,1.10172390387974,0.795242129360411,0.865325207845666,TRUE,0.9112,,"",0.9375,1,0.649718900717902,
"R4","sin_2020","F5_G1","G1",1,"yoy_pp","BENCH.ARP_BIC",48,2.1156059999323,1.08436865001866,1.66165696792468,TRUE,0.6208,,"",0.895833333333333,0.958333333333333,0.904649105786909,
"R4","sin_2020","F5_G1","G1",1,"yoy_pp","BENCH.ETS",48,1.35690394626572,0.907743086131182,1.06575085209112,TRUE,0.7616,,"",0.916666666666667,0.979166666666667,0.714661132206845,
"R4","sin_2020","F5_G1","G1",1,"yoy_pp","BENCH.MEDIA_CRECIMIENTO",48,3.81874203581335,1.59021909199438,2.99934832512254,TRUE,0.6208,,"",,,,
"R4","sin_2020","F5_G1","G1",1,"yoy_pp","BENCH.RW_CON_DERIVA",48,1.00693650363638,0.770565550898998,0.790876494762568,TRUE,1,,"",0.9375,1,0.633464903039474,
"R4","sin_2020","F5_G1","G1",1,"yoy_pp","BENCH.RW_SIN_DERIVA",48,1.27319058070967,0.979658694994934,1,TRUE,0.7404,,"",0.916666666666667,1,0.747300453626247,
"R4","sin_2020","F5_G1","G1",1,"yoy_pp","COMB.ECM_INV.G1",48,1.23069412388016,0.832701031787586,0.966622077265267,TRUE,0.84,,"",,,,
"R4","sin_2020","F5_G1","G1",1,"yoy_pp","COMB.MEDIA.G1",48,1.28000019874775,0.843503271556343,1.00534846718257,TRUE,0.7948,,"",,,,
"R4","sin_2020","F5_G1","G1",1,"yoy_pp","COMB.MEDIANA.G1",48,1.2753487956793,0.82525319053535,1.00169512326146,TRUE,0.84,,"",,,,
"R4","sin_2020","F5_G1","G1",1,"yoy_pp","COMB.RECORTADA.G1",48,1.25087199114831,0.831425915922098,0.982470346624049,TRUE,0.84,,"",,,,
"R4","sin_2020","F5_G1","G1",1,"yoy_pp","MIX.PUENTE.G1",48,1.14181160952254,0.826740327530643,0.896811229066816,TRUE,0.9112,,"",0.875,0.958333333333333,0.625407182156534,
"R4","sin_2020","F5_G1","G1",1,"yoy_pp","MIX.UMIDAS.G1",48,1.21404859587973,0.942567379461218,0.953548207372865,TRUE,0.84,,"",0.770833333333333,0.958333333333333,0.79697132497549,
"R4","sin_2020","F5_G1","G1",1,"yoy_pp","ML.LGBM.G1",48,1.15388448824553,0.838164411860363,0.906293610499659,TRUE,0.84,,"",0.75,0.895833333333333,0.90028350808993,
"R4","sin_2020","F5_G1","G1",1,"yoy_pp","ML.RF.G1",48,1.0977237651209,0.815959884883999,0.862183385388408,TRUE,0.9112,,"",0.75,0.895833333333333,0.90505883118867,
"R4","sin_2020","F5_G1","G1",1,"yoy_pp","MULT.BVAR.G1",48,1.69716660733122,1.00376435574387,1.33300279867389,TRUE,0.672,,"",0.875,0.958333333333333,0.778288106777766,
"R4","sin_2020","F5_G1","G1",1,"yoy_pp","MULT.VAR_DIF.G1",48,1.27722392882054,0.814703124481483,1.00316790602442,TRUE,0.8284,,"",0.916666666666667,0.979166666666667,0.688849441331531,
"R4","sin_2020","F5_G1","G1",1,"yoy_pp","MULT.VAR_NIV.G1",48,1.080688711889,0.770652815885383,0.848803571329148,TRUE,0.9112,,"",0.916666666666667,0.958333333333333,0.660149434723332,
"R4","sin_2020","F5_G1","G1",1,"yoy_pp","MULT.VECM.G1",48,1.27722392882054,0.814703124481483,1.00316790602442,TRUE,0.8284,,"",0.916666666666667,0.979166666666667,0.688849441331531,"MULT.VAR_DIF.G1"
"R4","sin_2020","F5_G1","G1",1,"yoy_pp","REG.ENET.G1",48,1.95639053925752,0.965658325538251,1.53660462848149,TRUE,0.672,,"",0.729166666666667,0.854166666666667,0.948647618828109,
"R4","sin_2020","F5_G1","G1",1,"yoy_pp","REG.PCR.G1",48,1.12120101009246,0.837928892105479,0.880623079592298,TRUE,0.892,,"",0.75,0.895833333333333,0.890611996533147,
"R4","sin_2020","F5_G1","G1",1,"yoy_pp","UNI.ARIMA",48,1.9002038594921,1.0792100997715,1.49247401628822,TRUE,0.6208,,"",0.916666666666667,0.979166666666667,0.835281020592272,
"R4","sin_2020","F5_G1","G1",1,"yoy_pp","UNI.ARIMAX.G1",48,1.52969195899635,0.92067548560487,1.20146345894556,TRUE,0.672,,"",0.854166666666667,0.958333333333333,0.752033557739068,
"R4","sin_2020","F5_G1","G1",1,"yoy_pp","UNI.UC_LLT",48,1.40009230734313,0.903892213071154,1.09967221605011,TRUE,0.7404,,"",0.916666666666667,0.979166666666667,0.717885523401901,
"R4","sin_2020","F5_G1","G1",2,"yoy_pp","BENCH.AR1",47,2.25119483452808,1.1516096171245,0.931235747435509,TRUE,0.8264,,"",0.957446808510638,0.978723404255319,0.97992287714945,
"R4","sin_2020","F5_G1","G1",2,"yoy_pp","BENCH.ARP_BIC",47,2.96782204640637,1.45582370055343,1.22767782657079,TRUE,0.7252,,"",0.914893617021277,0.936170212765957,1.28003190254935,
"R4","sin_2020","F5_G1","G1",2,"yoy_pp","BENCH.ETS",47,2.3467759050342,1.28178750952169,0.970774088705786,TRUE,0.804,,"",0.957446808510638,0.957446808510638,1.03367936056703,
"R4","sin_2020","F5_G1","G1",2,"yoy_pp","BENCH.MEDIA_CRECIMIENTO",47,3.86879333860176,1.60533019535485,1.60037620959697,TRUE,0.75,,"",,,,
"R4","sin_2020","F5_G1","G1",2,"yoy_pp","BENCH.RW_CON_DERIVA",47,1.79756768428385,1.05106064375224,0.743587032257431,TRUE,0.847,,"",0.957446808510638,0.978723404255319,0.913596117735497,
"R4","sin_2020","F5_G1","G1",2,"yoy_pp","BENCH.RW_SIN_DERIVA",47,2.41742742450292,1.78626505271461,1,TRUE,0.75,,"",0.957446808510638,0.978723404255319,1.25097566113552,
"R4","sin_2020","F5_G1","G1",2,"yoy_pp","COMB.ECM_INV.G1",47,2.30745013230523,1.30421725390377,0.954506476147757,TRUE,0.785,,"",,,,
"R4","sin_2020","F5_G1","G1",2,"yoy_pp","COMB.MEDIA.G1",47,2.30107836988638,1.29431044955681,0.951870714530149,TRUE,0.804,,"",,,,
"R4","sin_2020","F5_G1","G1",2,"yoy_pp","COMB.MEDIANA.G1",47,2.3098355703882,1.24353885488412,0.955493243344483,TRUE,0.804,,"",,,,
"R4","sin_2020","F5_G1","G1",2,"yoy_pp","COMB.RECORTADA.G1",47,2.28642214616461,1.26914556358178,0.945807978758554,TRUE,0.804,,"",,,,
"R4","sin_2020","F5_G1","G1",2,"yoy_pp","MIX.PUENTE.G1",47,2.08331125619268,1.15453775324826,0.861788542264535,TRUE,0.8264,,"",0.978723404255319,0.978723404255319,0.955182367957088,
"R4","sin_2020","F5_G1","G1",2,"yoy_pp","MIX.UMIDAS.G1",47,1.74871498660421,1.22279219349023,0.723378484449759,TRUE,1,,"",0.851063829787234,0.978723404255319,1.15213439980942,
"R4","sin_2020","F5_G1","G1",2,"yoy_pp","ML.LGBM.G1",47,2.12686615471824,1.27552204908136,0.879805587195888,TRUE,0.8264,,"",0.74468085106383,0.957446808510638,1.17369213576472,
"R4","sin_2020","F5_G1","G1",2,"yoy_pp","ML.RF.G1",47,2.04911230635182,1.30004404272438,0.84764170604756,TRUE,0.8264,,"",0.808510638297872,0.957446808510638,1.21192636207611,
"R4","sin_2020","F5_G1","G1",2,"yoy_pp","MULT.BVAR.G1",47,2.78953762075017,1.42216805470105,1.15392817690225,TRUE,0.75,,"",0.893617021276596,0.957446808510638,1.15804217242954,
"R4","sin_2020","F5_G1","G1",2,"yoy_pp","MULT.VAR_DIF.G1",47,2.40730787934261,1.1702285156451,0.995813919765392,TRUE,0.804,,"",0.936170212765957,0.978723404255319,1.03376890199161,
"R4","sin_2020","F5_G1","G1",2,"yoy_pp","MULT.VAR_NIV.G1",47,2.35736598915336,1.30759521283449,0.975154813443092,TRUE,0.804,,"",0.936170212765957,0.957446808510638,1.08166035400442,
"R4","sin_2020","F5_G1","G1",2,"yoy_pp","MULT.VECM.G1",47,2.40730787934261,1.1702285156451,0.995813919765392,TRUE,0.804,,"",0.936170212765957,0.978723404255319,1.03376890199161,"MULT.VAR_DIF.G1"
"R4","sin_2020","F5_G1","G1",2,"yoy_pp","REG.ENET.G1",47,2.75306373081682,1.63311471025251,1.13884028240596,TRUE,0.804,,"",0.808510638297872,0.957446808510638,1.27273785345521,
"R4","sin_2020","F5_G1","G1",2,"yoy_pp","REG.PCR.G1",47,3.49508124065987,1.80255656269391,1.44578538542001,TRUE,0.5962,,"",0.74468085106383,0.957446808510638,1.5225398100101,
"R4","sin_2020","F5_G1","G1",2,"yoy_pp","UNI.ARIMA",47,2.8351856570447,1.50233172816717,1.17281107523949,TRUE,0.6954,,"",0.914893617021277,0.957446808510638,1.20623073435171,
"R4","sin_2020","F5_G1","G1",2,"yoy_pp","UNI.ARIMAX.G1",47,2.31744467203431,1.21359072799514,0.958640846275178,TRUE,0.804,,"",0.914893617021277,0.957446808510638,1.02972886282577,
"R4","sin_2020","F5_G1","G1",2,"yoy_pp","UNI.UC_LLT",47,2.42179919892372,1.27959982475328,1.0018084408146,TRUE,0.804,,"",0.957446808510638,0.957446808510638,1.04633179047317,
"R4","sin_2020","F5_G1","G1",4,"yoy_pp","BENCH.AR1",45,4.8467652117917,1.85630581177766,0.951557953141697,TRUE,0.6898,"distorsion_tamano_documentada","",0.955555555555556,0.955555555555556,1.70744695264934,
"R4","sin_2020","F5_G1","G1",4,"yoy_pp","BENCH.ARP_BIC",45,4.53715817311134,1.96321342655124,0.89077327983254,TRUE,0.6898,"distorsion_tamano_documentada","",0.911111111111111,0.933333333333333,1.84639908595091,
"R4","sin_2020","F5_G1","G1",4,"yoy_pp","BENCH.ETS",45,5.05165865877896,2.0132209996648,0.991784368185076,TRUE,0.6898,"distorsion_tamano_documentada","",0.933333333333333,0.933333333333333,1.76660407360322,
"R4","sin_2020","F5_G1","G1",4,"yoy_pp","BENCH.MEDIA_CRECIMIENTO",45,3.9392884494828,1.65186335595965,0.773394437325939,TRUE,0.6898,"distorsion_tamano_documentada","",,,,
"R4","sin_2020","F5_G1","G1",4,"yoy_pp","BENCH.RW_CON_DERIVA",45,3.99826617621511,1.64842794630953,0.784973443627671,TRUE,0.6898,"distorsion_tamano_documentada","",0.955555555555556,0.977777777777778,1.56028956836232,
"R4","sin_2020","F5_G1","G1",4,"yoy_pp","BENCH.RW_SIN_DERIVA",45,5.09350502067631,3.45284605148961,1,FALSE,0.094,"distorsion_tamano_documentada","",0.933333333333333,0.955555555555556,2.37503286391504,
"R4","sin_2020","F5_G1","G1",4,"yoy_pp","COMB.ECM_INV.G1",45,4.65647512840597,2.02035747008258,0.914198593994453,TRUE,0.6898,"distorsion_tamano_documentada","",,,,
"R4","sin_2020","F5_G1","G1",4,"yoy_pp","COMB.MEDIA.G1",45,4.65625984860732,2.00038837676261,0.914156328442977,TRUE,0.6898,"distorsion_tamano_documentada","",,,,
"R4","sin_2020","F5_G1","G1",4,"yoy_pp","COMB.MEDIANA.G1",45,4.50722312375673,1.9294868550598,0.8848961776734,TRUE,0.6898,"distorsion_tamano_documentada","",,,,
"R4","sin_2020","F5_G1","G1",4,"yoy_pp","COMB.RECORTADA.G1",45,4.69316993726248,1.97941400642389,0.921402829330937,TRUE,0.6898,"distorsion_tamano_documentada","",,,,
"R4","sin_2020","F5_G1","G1",4,"yoy_pp","MIX.PUENTE.G1",45,3.01186076694971,1.67874434433296,0.591313988054104,TRUE,1,"distorsion_tamano_documentada","",0.933333333333333,0.955555555555556,1.41254693933618,
"R4","sin_2020","F5_G1","G1",4,"yoy_pp","MIX.UMIDAS.G1",45,3.71980704308651,1.99342089050192,0.730303990667826,TRUE,0.6898,"distorsion_tamano_documentada","",0.8,0.911111111111111,1.76847449427226,
"R4","sin_2020","F5_G1","G1",4,"yoy_pp","ML.LGBM.G1",45,4.21461805662944,1.95113872920781,0.827449475267196,TRUE,0.6898,"distorsion_tamano_documentada","",0.822222222222222,0.933333333333333,1.84697385012438,
"R4","sin_2020","F5_G1","G1",4,"yoy_pp","ML.RF.G1",45,4.41761115419085,2.12644511010054,0.86730279763311,TRUE,0.6898,"distorsion_tamano_documentada","",0.866666666666667,0.977777777777778,1.91251768449577,
"R4","sin_2020","F5_G1","G1",4,"yoy_pp","MULT.BVAR.G1",45,5.6945234874726,2.2163953133435,1.11799703040569,TRUE,0.6898,"distorsion_tamano_documentada","",0.911111111111111,0.933333333333333,1.83216312538147,
"R4","sin_2020","F5_G1","G1",4,"yoy_pp","MULT.VAR_DIF.G1",45,6.23137968409196,2.19065881121262,1.22339718107602,TRUE,0.6898,"distorsion_tamano_documentada","",0.933333333333333,0.955555555555556,1.94407965397636,
"R4","sin_2020","F5_G1","G1",4,"yoy_pp","MULT.VAR_NIV.G1",45,4.71594596965064,2.42025132904759,0.925874412709319,TRUE,0.6898,"distorsion_tamano_documentada","",0.844444444444444,0.933333333333333,1.92444732332732,
"R4","sin_2020","F5_G1","G1",4,"yoy_pp","MULT.VECM.G1",45,6.23137968409196,2.19065881121262,1.22339718107602,TRUE,0.6898,"distorsion_tamano_documentada","",0.933333333333333,0.955555555555556,1.94407965397636,"MULT.VAR_DIF.G1"
"R4","sin_2020","F5_G1","G1",4,"yoy_pp","REG.ENET.G1",45,3.24571568097419,1.97378089053502,0.637226363338939,TRUE,0.6898,"distorsion_tamano_documentada","",0.933333333333333,0.955555555555556,1.51412770642658,
"R4","sin_2020","F5_G1","G1",4,"yoy_pp","REG.PCR.G1",45,4.26057837785107,1.96855121501595,0.836472794383416,TRUE,0.6898,"distorsion_tamano_documentada","",0.844444444444444,0.955555555555556,1.81858256829474,
"R4","sin_2020","F5_G1","G1",4,"yoy_pp","UNI.ARIMA",45,4.76025341476481,2.13622115095873,0.934573225203722,TRUE,0.6898,"distorsion_tamano_documentada","",0.911111111111111,0.933333333333333,1.80227644857357,
"R4","sin_2020","F5_G1","G1",4,"yoy_pp","UNI.ARIMAX.G1",45,5.02262708528498,2.00856730670521,0.986084644050883,TRUE,0.6898,"distorsion_tamano_documentada","",0.933333333333333,0.933333333333333,1.72519196030371,
"R4","sin_2020","F5_G1","G1",4,"yoy_pp","UNI.UC_LLT",45,6.30113379237072,2.2258725983604,1.2370918977781,TRUE,0.6898,"distorsion_tamano_documentada","",0.933333333333333,0.933333333333333,1.98298884979935,
"R4","sin_2020","F5_G1","G1",8,"yoy_pp","BENCH.AR1",41,4.03841028402696,1.67146844665643,0.763253128798073,TRUE,0.5976,"distorsion_tamano_documentada","",0.926829268292683,0.951219512195122,1.60646217116215,
"R4","sin_2020","F5_G1","G1",8,"yoy_pp","BENCH.ARP_BIC",41,4.01667288561765,1.63125438380127,0.759144795027862,TRUE,1,"distorsion_tamano_documentada","",0.926829268292683,0.951219512195122,1.62525432503244,
"R4","sin_2020","F5_G1","G1",8,"yoy_pp","BENCH.ETS",41,4.20194201520696,1.85994182433391,0.794160366226271,TRUE,0.5976,"distorsion_tamano_documentada","",0.926829268292683,0.951219512195122,1.66027794543689,
"R4","sin_2020","F5_G1","G1",8,"yoy_pp","BENCH.MEDIA_CRECIMIENTO",41,4.03374738207603,1.64200678546156,0.762371847736214,TRUE,0.5976,"distorsion_tamano_documentada","",,,,
"R4","sin_2020","F5_G1","G1",8,"yoy_pp","BENCH.RW_CON_DERIVA",41,4.01926907784285,1.64615709128804,0.759635471234457,TRUE,0.5976,"distorsion_tamano_documentada","",0.926829268292683,0.951219512195122,1.65398003660423,
"R4","sin_2020","F5_G1","G1",8,"yoy_pp","BENCH.RW_SIN_DERIVA",41,5.29104976010569,3.62111509002864,1,FALSE,0.002,"distorsion_tamano_documentada","",0.902439024390244,0.926829268292683,2.57764338615668,
"R4","sin_2020","F5_G1","G1",8,"yoy_pp","COMB.ECM_INV.G1",41,4.14463882617473,1.80343757045551,0.783330154523427,TRUE,0.5976,"distorsion_tamano_documentada","",,,,
"R4","sin_2020","F5_G1","G1",8,"yoy_pp","COMB.MEDIA.G1",41,4.16963732974426,1.82559563376763,0.788054831988761,TRUE,0.5976,"distorsion_tamano_documentada","",,,,
"R4","sin_2020","F5_G1","G1",8,"yoy_pp","COMB.MEDIANA.G1",41,4.15865556817215,1.8244408793904,0.785979296495802,TRUE,0.5976,"distorsion_tamano_documentada","",,,,
"R4","sin_2020","F5_G1","G1",8,"yoy_pp","COMB.RECORTADA.G1",41,4.15433758137137,1.81895132023779,0.785163203849436,TRUE,0.5976,"distorsion_tamano_documentada","",,,,
"R4","sin_2020","F5_G1","G1",8,"yoy_pp","MIX.PUENTE.G1",41,4.11395940363193,1.74540229812406,0.7775317923961,TRUE,0.5976,"distorsion_tamano_documentada","",0.926829268292683,0.926829268292683,1.69732216195256,
"R4","sin_2020","F5_G1","G1",8,"yoy_pp","MIX.UMIDAS.G1",41,4.29260009098023,2.0144130674481,0.811294598540024,TRUE,0.1392,"distorsion_tamano_documentada","",0.878048780487805,0.926829268292683,2.22207095691864,
"R4","sin_2020","F5_G1","G1",8,"yoy_pp","ML.LGBM.G1",41,4.29855381149273,2.06418966523127,0.812419842259595,TRUE,0.2176,"distorsion_tamano_documentada","",0.878048780487805,0.902439024390244,2.23418599975463,
"R4","sin_2020","F5_G1","G1",8,"yoy_pp","ML.RF.G1",41,4.18535063602911,1.88452603610283,0.791024621916523,TRUE,0.5976,"distorsion_tamano_documentada","",0.878048780487805,0.926829268292683,2.14886313166581,
"R4","sin_2020","F5_G1","G1",8,"yoy_pp","MULT.BVAR.G1",41,4.25665639653495,1.940974824859,0.804501297385252,TRUE,0.2176,"distorsion_tamano_documentada","",0.902439024390244,0.926829268292683,1.71411671639516,
"R4","sin_2020","F5_G1","G1",8,"yoy_pp","MULT.VAR_DIF.G1",41,4.14629446139751,1.79700683593633,0.783643066950611,TRUE,0.5976,"distorsion_tamano_documentada","",0.926829268292683,0.951219512195122,1.66733403810718,
"R4","sin_2020","F5_G1","G1",8,"yoy_pp","MULT.VAR_NIV.G1",41,4.6208066059532,2.75996461017756,0.87332510852457,FALSE,0.002,"distorsion_tamano_documentada","",0.829268292682927,0.926829268292683,2.11513984202585,
"R4","sin_2020","F5_G1","G1",8,"yoy_pp","MULT.VECM.G1",41,4.14629446139751,1.79700683593633,0.783643066950611,TRUE,0.5976,"distorsion_tamano_documentada","",0.926829268292683,0.951219512195122,1.66733403810718,"MULT.VAR_DIF.G1"
"R4","sin_2020","F5_G1","G1",8,"yoy_pp","REG.ENET.G1",41,4.316232384643,1.97598409388779,0.81576106450316,TRUE,0.5012,"distorsion_tamano_documentada","",0.878048780487805,0.902439024390244,2.15097105403363,
"R4","sin_2020","F5_G1","G1",8,"yoy_pp","REG.PCR.G1",41,4.18386014511538,1.88665840028001,0.790742921501423,TRUE,0.5976,"distorsion_tamano_documentada","",0.902439024390244,0.902439024390244,2.16595803604657,
"R4","sin_2020","F5_G1","G1",8,"yoy_pp","UNI.ARIMA",41,4.04801088872246,1.70272380809098,0.765067627835274,TRUE,0.5976,"distorsion_tamano_documentada","",0.926829268292683,0.951219512195122,1.57259742881952,
"R4","sin_2020","F5_G1","G1",8,"yoy_pp","UNI.ARIMAX.G1",41,4.16872849452152,1.81525471605201,0.787883063575318,TRUE,0.5976,"distorsion_tamano_documentada","",0.902439024390244,0.926829268292683,1.64843962003308,
"R4","sin_2020","F5_G1","G1",8,"yoy_pp","UNI.UC_LLT",41,4.74203081845159,2.09402709778962,0.896236292126057,TRUE,0.5976,"distorsion_tamano_documentada","",0.902439024390244,0.926829268292683,1.85445704438733,
"R4","sin_2020_2021","F5_G1","G1",1,"yoy_pp","BENCH.AR1",44,0.895345060950204,0.706345144525003,0.777712731968205,TRUE,0.8646,,"",0.954545454545455,1,0.587021047594461,
"R4","sin_2020_2021","F5_G1","G1",1,"yoy_pp","BENCH.ARP_BIC",44,0.915972941947721,0.721060871070988,0.795630478304203,TRUE,0.8646,,"",0.931818181818182,1,0.597727950814899,"BENCH.RW_CON_DERIVA"
"R4","sin_2020_2021","F5_G1","G1",1,"yoy_pp","BENCH.ETS",44,0.903094733848571,0.726974805925231,0.784444236440071,TRUE,0.8646,,"",0.931818181818182,1,0.590930244403949,
"R4","sin_2020_2021","F5_G1","G1",1,"yoy_pp","BENCH.MEDIA_CRECIMIENTO",44,1.11373595377274,0.886864223819828,0.967410967097507,TRUE,0.6978,,"",,,,
"R4","sin_2020_2021","F5_G1","G1",1,"yoy_pp","BENCH.RW_CON_DERIVA",44,0.915972941947721,0.721060871070988,0.795630478304203,TRUE,0.8646,,"",0.931818181818182,1,0.597727950814899,
"R4","sin_2020_2021","F5_G1","G1",1,"yoy_pp","BENCH.RW_SIN_DERIVA",44,1.15125421527342,0.894198322271669,1,FALSE,0.005,,"",0.931818181818182,1,0.698935295652997,
"R4","sin_2020_2021","F5_G1","G1",1,"yoy_pp","COMB.ECM_INV.G1",44,0.95420884822117,0.71730461912553,0.828842870290423,TRUE,0.6978,,"",,,,
"R4","sin_2020_2021","F5_G1","G1",1,"yoy_pp","COMB.MEDIA.G1",44,0.943380520099251,0.707437266825154,0.819437190833824,TRUE,0.6978,,"",,,,
"R4","sin_2020_2021","F5_G1","G1",1,"yoy_pp","COMB.MEDIANA.G1",44,0.929180528337099,0.693166921443992,0.807102824041709,TRUE,0.8646,,"",,,,
"R4","sin_2020_2021","F5_G1","G1",1,"yoy_pp","COMB.RECORTADA.G1",44,0.939938290718351,0.703388212170145,0.816447208833991,TRUE,0.6978,,"",,,,
"R4","sin_2020_2021","F5_G1","G1",1,"yoy_pp","MIX.PUENTE.G1",44,1.10044522456329,0.792853325089715,0.955866402019591,TRUE,0.6978,,"",0.886363636363636,0.954545454545455,0.602865838112778,
"R4","sin_2020_2021","F5_G1","G1",1,"yoy_pp","MIX.UMIDAS.G1",44,1.11714698344821,0.872181999725844,0.970373848475236,TRUE,0.365,,"",0.75,0.954545454545455,0.717838528739901,
"R4","sin_2020_2021","F5_G1","G1",1,"yoy_pp","ML.LGBM.G1",44,1.06243721377179,0.779343480623387,0.922851964124593,TRUE,0.6978,,"",0.727272727272727,0.886363636363636,0.793769813539856,
"R4","sin_2020_2021","F5_G1","G1",1,"yoy_pp","ML.RF.G1",44,1.01661009321877,0.759310615023386,0.88304570765661,TRUE,0.6936,,"",0.727272727272727,0.886363636363636,0.78713076923148,
"R4","sin_2020_2021","F5_G1","G1",1,"yoy_pp","MULT.BVAR.G1",44,0.8852214147542,0.708953453872304,0.768919151834734,TRUE,1,,"",0.909090909090909,0.977272727272727,0.578613386449852,
"R4","sin_2020_2021","F5_G1","G1",1,"yoy_pp","MULT.VAR_DIF.G1",44,0.925827336076248,0.682675191080782,0.804190181276658,TRUE,0.8646,,"",0.931818181818182,1,0.591605961991735,
"R4","sin_2020_2021","F5_G1","G1",1,"yoy_pp","MULT.VAR_NIV.G1",44,1.01624380634435,0.725545977148441,0.882727544326947,TRUE,0.6978,,"",0.909090909090909,0.954545454545455,0.629821917524358,
"R4","sin_2020_2021","F5_G1","G1",1,"yoy_pp","MULT.VECM.G1",44,0.925827336076248,0.682675191080782,0.804190181276658,TRUE,0.8646,,"",0.931818181818182,1,0.591605961991735,"MULT.VAR_DIF.G1"
"R4","sin_2020_2021","F5_G1","G1",1,"yoy_pp","REG.ENET.G1",44,0.963496188982064,0.726009011941024,0.836910020566775,TRUE,0.6978,,"",0.704545454545455,0.840909090909091,0.737067607209822,
"R4","sin_2020_2021","F5_G1","G1",1,"yoy_pp","REG.PCR.G1",44,1.02553831050717,0.771607435550248,0.890800916862314,TRUE,0.6978,,"",0.727272727272727,0.886363636363636,0.78121382855057,
"R4","sin_2020_2021","F5_G1","G1",1,"yoy_pp","UNI.ARIMA",44,0.950946874097213,0.767958586805965,0.82600946123039,TRUE,0.6978,,"",0.931818181818182,1,0.599671487227491,
"R4","sin_2020_2021","F5_G1","G1",1,"yoy_pp","UNI.ARIMAX.G1",44,0.965665687977406,0.73685319841477,0.838794486192663,TRUE,0.6978,,"",0.863636363636364,0.977272727272727,0.609038245018073,
"R4","sin_2020_2021","F5_G1","G1",1,"yoy_pp","UNI.UC_LLT",44,0.897882026583723,0.715536323554342,0.779916385687655,TRUE,0.8646,,"",0.931818181818182,1,0.58546432234131,
"R4","sin_2020_2021","F5_G1","G1",2,"yoy_pp","BENCH.AR1",43,0.972534707186494,0.790300083930535,0.571634319885457,TRUE,1,,"",0.976744186046512,1,0.690668384860479,
"R4","sin_2020_2021","F5_G1","G1",2,"yoy_pp","BENCH.ARP_BIC",43,0.979293014107187,0.792799579981987,0.575606702723457,TRUE,0.9436,,"",0.976744186046512,1,0.725715300956153,
"R4","sin_2020_2021","F5_G1","G1",2,"yoy_pp","BENCH.ETS",43,1.00965490342036,0.838713866783974,0.593452747517256,TRUE,0.7278,,"",1,1,0.689446224350891,
"R4","sin_2020_2021","F5_G1","G1",2,"yoy_pp","BENCH.MEDIA_CRECIMIENTO",43,1.11494070962056,0.88150863796901,0.655337408060586,TRUE,0.7242,,"",,,,
"R4","sin_2020_2021","F5_G1","G1",2,"yoy_pp","BENCH.RW_CON_DERIVA",43,0.979293014107196,0.792799579981999,0.575606702723463,TRUE,0.9436,,"",0.976744186046512,1,0.725715300956155,
"R4","sin_2020_2021","F5_G1","G1",2,"yoy_pp","BENCH.RW_SIN_DERIVA",43,1.70132315950059,1.48754120030651,1,FALSE,0,,"",0.976744186046512,1,1.03220498484557,
"R4","sin_2020_2021","F5_G1","G1",2,"yoy_pp","COMB.ECM_INV.G1",43,1.08417761290676,0.836995861380135,0.637255542459681,TRUE,0.665,,"",,,,
"R4","sin_2020_2021","F5_G1","G1",2,"yoy_pp","COMB.MEDIA.G1",43,1.07065495060746,0.830936909116938,0.629307221634336,TRUE,0.7104,,"",,,,
"R4","sin_2020_2021","F5_G1","G1",2,"yoy_pp","COMB.MEDIANA.G1",43,1.03843635310122,0.80842013789124,0.610369844965871,TRUE,0.7242,,"",,,,
"R4","sin_2020_2021","F5_G1","G1",2,"yoy_pp","COMB.RECORTADA.G1",43,1.04617989699122,0.818966010239101,0.614921328231563,TRUE,0.7242,,"",,,,
"R4","sin_2020_2021","F5_G1","G1",2,"yoy_pp","MIX.PUENTE.G1",43,1.16125257229806,0.858829696309976,0.682558493260587,TRUE,0.7242,,"",1,1,0.722161654133947,
"R4","sin_2020_2021","F5_G1","G1",2,"yoy_pp","MIX.UMIDAS.G1",43,1.28703700824479,1.00227073721135,0.756491793494773,TRUE,0.6408,,"",0.837209302325581,0.976744186046512,0.98387508975471,
"R4","sin_2020_2021","F5_G1","G1",2,"yoy_pp","ML.LGBM.G1",43,1.0999485151312,0.84391973077264,0.646525328823527,TRUE,0.7242,,"",0.744186046511628,0.953488372093023,0.918068285672424,
"R4","sin_2020_2021","F5_G1","G1",2,"yoy_pp","ML.RF.G1",43,1.21088297981991,0.940424177837624,0.711730145480037,TRUE,0.665,,"",0.790697674418605,0.953488372093023,0.98334412252273,
"R4","sin_2020_2021","F5_G1","G1",2,"yoy_pp","MULT.BVAR.G1",43,1.00484500556843,0.804782660822905,0.590625596293768,TRUE,0.9092,,"",0.953488372093023,1,0.690338301847814,
"R4","sin_2020_2021","F5_G1","G1",2,"yoy_pp","MULT.VAR_DIF.G1",43,0.9853589746984,0.752876976938029,0.579172139752477,TRUE,0.9436,,"",0.976744186046512,1,0.696477114177768,
"R4","sin_2020_2021","F5_G1","G1",2,"yoy_pp","MULT.VAR_NIV.G1",43,1.25020927255614,0.993815833447056,0.734845267681617,TRUE,0.665,,"",0.953488372093023,0.976744186046512,0.814428757983524,
"R4","sin_2020_2021","F5_G1","G1",2,"yoy_pp","MULT.VECM.G1",43,0.9853589746984,0.752876976938029,0.579172139752477,TRUE,0.9436,,"",0.976744186046512,1,0.696477114177768,"MULT.VAR_DIF.G1"
"R4","sin_2020_2021","F5_G1","G1",2,"yoy_pp","REG.ENET.G1",43,1.62078604455172,1.07325501806777,0.952662070989201,TRUE,0.665,,"",0.790697674418605,0.953488372093023,0.962330074205159,
"R4","sin_2020_2021","F5_G1","G1",2,"yoy_pp","REG.PCR.G1",43,1.18919219512683,0.933368686730482,0.698980783566076,TRUE,0.665,,"",0.790697674418605,0.953488372093023,0.999146290464039,
"R4","sin_2020_2021","F5_G1","G1",2,"yoy_pp","UNI.ARIMA",43,1.14542037279818,0.89980536572659,0.673252677718451,TRUE,0.665,,"",0.976744186046512,1,0.720503432771914,
"R4","sin_2020_2021","F5_G1","G1",2,"yoy_pp","UNI.ARIMAX.G1",43,1.01175975729423,0.778858724702878,0.594689933916629,TRUE,0.9092,,"",0.953488372093023,1,0.688591799582785,
"R4","sin_2020_2021","F5_G1","G1",2,"yoy_pp","UNI.UC_LLT",43,0.992834468498914,0.815753122439016,0.583566069123726,TRUE,0.9092,,"",1,1,0.682480438010943,
"R4","sin_2020_2021","F5_G1","G1",4,"yoy_pp","BENCH.AR1",41,1.13204580766964,0.887444261538375,0.392822930679618,TRUE,1,"distorsion_tamano_documentada","",1,1,0.892015931405163,
"R4","sin_2020_2021","F5_G1","G1",4,"yoy_pp","BENCH.ARP_BIC",41,1.45805007959434,0.998057751682972,0.505947287171122,TRUE,0.7158,"distorsion_tamano_documentada","",0.975609756097561,1,1.03201158565764,
"R4","sin_2020_2021","F5_G1","G1",4,"yoy_pp","BENCH.ETS",41,1.26258551692227,0.979406805162755,0.438120559813763,TRUE,0.7158,"distorsion_tamano_documentada","",1,1,0.8805436027505,
"R4","sin_2020_2021","F5_G1","G1",4,"yoy_pp","BENCH.MEDIA_CRECIMIENTO",41,1.14724830601117,0.903831234677988,0.398098238367444,TRUE,0.7158,"distorsion_tamano_documentada","",,,,
"R4","sin_2020_2021","F5_G1","G1",4,"yoy_pp","BENCH.RW_CON_DERIVA",41,1.13423817915432,0.894237300565092,0.393583689463331,TRUE,0.9038,"distorsion_tamano_documentada","",1,1,0.963430456733575,
"R4","sin_2020_2021","F5_G1","G1",4,"yoy_pp","BENCH.RW_SIN_DERIVA",41,2.88182211183829,2.66428701106699,1,FALSE,0,"distorsion_tamano_documentada","",0.975609756097561,1,1.70300072342784,
"R4","sin_2020_2021","F5_G1","G1",4,"yoy_pp","COMB.ECM_INV.G1",41,1.42369689202273,1.10224845033716,0.494026638970635,TRUE,0.402,"distorsion_tamano_documentada","",,,,
"R4","sin_2020_2021","F5_G1","G1",4,"yoy_pp","COMB.MEDIA.G1",41,1.38294384927255,1.07682728934697,0.479885223862893,TRUE,0.4176,"distorsion_tamano_documentada","",,,,
"R4","sin_2020_2021","F5_G1","G1",4,"yoy_pp","COMB.MEDIANA.G1",41,1.27634071579564,1.01170568649091,0.442893650705413,TRUE,0.7158,"distorsion_tamano_documentada","",,,,
"R4","sin_2020_2021","F5_G1","G1",4,"yoy_pp","COMB.RECORTADA.G1",41,1.3436070085525,1.04104993136495,0.466235234656946,TRUE,0.5778,"distorsion_tamano_documentada","",,,,
"R4","sin_2020_2021","F5_G1","G1",4,"yoy_pp","MIX.PUENTE.G1",41,1.33601483698825,1.07691451736918,0.463600730766833,TRUE,0.7158,"distorsion_tamano_documentada","",1,1,0.956841827345606,
"R4","sin_2020_2021","F5_G1","G1",4,"yoy_pp","MIX.UMIDAS.G1",41,1.78380098395542,1.33110244740963,0.618983724438684,TRUE,0.279,"distorsion_tamano_documentada","",0.853658536585366,0.951219512195122,1.30118317815888,
"R4","sin_2020_2021","F5_G1","G1",4,"yoy_pp","ML.LGBM.G1",41,1.4944499674817,1.17544534587006,0.518578145869109,TRUE,0.279,"distorsion_tamano_documentada","",0.853658536585366,0.951219512195122,1.29277829069846,
"R4","sin_2020_2021","F5_G1","G1",4,"yoy_pp","ML.RF.G1",41,1.68395818802346,1.28312220637572,0.584338006536177,TRUE,0.2286,"distorsion_tamano_documentada","",0.902439024390244,1,1.31345382418927,
"R4","sin_2020_2021","F5_G1","G1",4,"yoy_pp","MULT.BVAR.G1",41,1.48940370087389,1.05298389194849,0.516827077825361,TRUE,0.6718,"distorsion_tamano_documentada","",0.975609756097561,1,0.923574154420267,
"R4","sin_2020_2021","F5_G1","G1",4,"yoy_pp","MULT.VAR_DIF.G1",41,1.19742075311613,0.963251820767865,0.415508212043078,TRUE,0.7158,"distorsion_tamano_documentada","",1,1,0.89649828533072,
"R4","sin_2020_2021","F5_G1","G1",4,"yoy_pp","MULT.VAR_NIV.G1",41,1.95754129693195,1.58781090077093,0.679272078901239,FALSE,0.0868,"distorsion_tamano_documentada","",0.878048780487805,0.975609756097561,1.19912310741509,
"R4","sin_2020_2021","F5_G1","G1",4,"yoy_pp","MULT.VECM.G1",41,1.19742075311613,0.963251820767865,0.415508212043078,TRUE,0.7158,"distorsion_tamano_documentada","",1,1,0.89649828533072,"MULT.VAR_DIF.G1"
"R4","sin_2020_2021","F5_G1","G1",4,"yoy_pp","REG.ENET.G1",41,1.9898941793731,1.51374308796125,0.690498615857925,TRUE,0.2532,"distorsion_tamano_documentada","",0.951219512195122,0.975609756097561,1.20457351256328,
"R4","sin_2020_2021","F5_G1","G1",4,"yoy_pp","REG.PCR.G1",41,1.53145173479485,1.13102102901944,0.531417858341696,TRUE,0.4176,"distorsion_tamano_documentada","",0.878048780487805,0.975609756097561,1.22353293053578,
"R4","sin_2020_2021","F5_G1","G1",4,"yoy_pp","UNI.ARIMA",41,1.56616599992844,1.14988655731456,0.54346380142437,TRUE,0.402,"distorsion_tamano_documentada","",0.975609756097561,1,0.946182077596819,
"R4","sin_2020_2021","F5_G1","G1",4,"yoy_pp","UNI.ARIMAX.G1",41,1.28293350319333,0.990201427429987,0.445181365610025,TRUE,0.7158,"distorsion_tamano_documentada","",1,1,0.871714477674823,
"R4","sin_2020_2021","F5_G1","G1",4,"yoy_pp","UNI.UC_LLT",41,1.22739433549078,0.960619516260391,0.425909125496936,TRUE,0.7158,"distorsion_tamano_documentada","",1,1,0.873475225744999,
"R4","sin_2020_2021","F5_G1","G1",8,"yoy_pp","BENCH.AR1",37,1.09053215063889,0.870659215970523,0.370338938565223,TRUE,0.685,"distorsion_tamano_documentada","",1,1,0.889865756238493,
"R4","sin_2020_2021","F5_G1","G1",8,"yoy_pp","BENCH.ARP_BIC",37,1.0559477883392,0.832740807099639,0.358594272424461,TRUE,1,"distorsion_tamano_documentada","",1,1,0.921660235540126,
"R4","sin_2020_2021","F5_G1","G1",8,"yoy_pp","BENCH.ETS",37,1.57144567156543,1.07752647719321,0.53365462144285,TRUE,0.685,"distorsion_tamano_documentada","",1,1,0.948885876370317,
"R4","sin_2020_2021","F5_G1","G1",8,"yoy_pp","BENCH.MEDIA_CRECIMIENTO",37,1.07094936516717,0.837616725529943,0.363688728407274,TRUE,0.7668,"distorsion_tamano_documentada","",,,,
"R4","sin_2020_2021","F5_G1","G1",8,"yoy_pp","BENCH.RW_CON_DERIVA",37,1.06683833123596,0.849254618098484,0.362292643072609,TRUE,0.7668,"distorsion_tamano_documentada","",1,1,0.953491429443995,
"R4","sin_2020_2021","F5_G1","G1",8,"yoy_pp","BENCH.RW_SIN_DERIVA",37,2.94468671013602,2.76549767102402,1,FALSE,0,"distorsion_tamano_documentada","",0.972972972972973,1,1.75717818434014,
"R4","sin_2020_2021","F5_G1","G1",8,"yoy_pp","COMB.ECM_INV.G1",37,1.27197435877977,0.987738002569466,0.43195575081093,TRUE,0.685,"distorsion_tamano_documentada","",,,,
"R4","sin_2020_2021","F5_G1","G1",8,"yoy_pp","COMB.MEDIA.G1",37,1.30029074537328,1.00433754476655,0.441571845621982,TRUE,0.685,"distorsion_tamano_documentada","",,,,
"R4","sin_2020_2021","F5_G1","G1",8,"yoy_pp","COMB.MEDIANA.G1",37,1.24873080152365,1.00370806718963,0.424062361956993,TRUE,0.685,"distorsion_tamano_documentada","",,,,
"R4","sin_2020_2021","F5_G1","G1",8,"yoy_pp","COMB.RECORTADA.G1",37,1.26190477116714,0.998312485886177,0.428536172226229,TRUE,0.685,"distorsion_tamano_documentada","",,,,
"R4","sin_2020_2021","F5_G1","G1",8,"yoy_pp","MIX.PUENTE.G1",37,1.17613980424387,0.926190481102826,0.399410844011159,TRUE,0.685,"distorsion_tamano_documentada","",1,1,0.96284845410619,
"R4","sin_2020_2021","F5_G1","G1",8,"yoy_pp","MIX.UMIDAS.G1",37,1.51603371296904,1.18600041671769,0.51483701398544,TRUE,0.5812,"distorsion_tamano_documentada","",0.945945945945946,1,1.45322089270214,
"R4","sin_2020_2021","F5_G1","G1",8,"yoy_pp","ML.LGBM.G1",37,1.67687206747251,1.26293608750857,0.569456866735768,TRUE,0.5812,"distorsion_tamano_documentada","",0.945945945945946,0.972972972972973,1.49935814010961,
"R4","sin_2020_2021","F5_G1","G1",8,"yoy_pp","ML.RF.G1",37,1.38221299299922,1.06995925585868,0.46939220672999,TRUE,0.685,"distorsion_tamano_documentada","",0.945945945945946,1,1.41400878979472,
"R4","sin_2020_2021","F5_G1","G1",8,"yoy_pp","MULT.BVAR.G1",37,1.59394277853836,1.13431236313739,0.541294519736782,TRUE,0.5196,"distorsion_tamano_documentada","",0.972972972972973,1,0.972636801364414,
"R4","sin_2020_2021","F5_G1","G1",8,"yoy_pp","MULT.VAR_DIF.G1",37,1.25861666912513,0.977958535360194,0.427419550199617,TRUE,0.685,"distorsion_tamano_documentada","",1,1,0.92786039276544,
"R4","sin_2020_2021","F5_G1","G1",8,"yoy_pp","MULT.VAR_NIV.G1",37,2.21793317516651,1.98480662357722,0.753198351298994,FALSE,0.0194,"distorsion_tamano_documentada","",0.891891891891892,1,1.38048655386261,
"R4","sin_2020_2021","F5_G1","G1",8,"yoy_pp","MULT.VECM.G1",37,1.25861666912513,0.977958535360194,0.427419550199617,TRUE,0.685,"distorsion_tamano_documentada","",1,1,0.92786039276544,"MULT.VAR_DIF.G1"
"R4","sin_2020_2021","F5_G1","G1",8,"yoy_pp","REG.ENET.G1",37,1.68718197144006,1.16117778756753,0.572958055480926,TRUE,0.685,"distorsion_tamano_documentada","",0.945945945945946,0.972972972972973,1.39453536805064,
"R4","sin_2020_2021","F5_G1","G1",8,"yoy_pp","REG.PCR.G1",37,1.33012239685049,1.06398348369636,0.451702516356672,TRUE,0.685,"distorsion_tamano_documentada","",0.972972972972973,0.972972972972973,1.41140080998654,
"R4","sin_2020_2021","F5_G1","G1",8,"yoy_pp","UNI.ARIMA",37,1.18113466476993,0.911936655636612,0.401107072173179,TRUE,0.685,"distorsion_tamano_documentada","",1,1,0.863349972178395,
"R4","sin_2020_2021","F5_G1","G1",8,"yoy_pp","UNI.ARIMAX.G1",37,1.28673945453873,0.995501456940032,0.436969899076054,TRUE,0.685,"distorsion_tamano_documentada","",0.972972972972973,1,0.895196089103739,
"R4","sin_2020_2021","F5_G1","G1",8,"yoy_pp","UNI.UC_LLT",37,2.83101721934311,1.33774615864794,0.961398443372041,TRUE,0.5812,"distorsion_tamano_documentada","",0.972972972972973,0.972972972972973,1.16443401520201,
"R4","sin_2020","F5_G2","G2",1,"yoy_pp","BENCH.AR1",41,1.11530872509701,0.788996707351491,0.85402771789976,TRUE,0.826,,"",0.951219512195122,1,0.660679057610205,
"R4","sin_2020","F5_G2","G2",1,"yoy_pp","BENCH.ARP_BIC",41,2.25006557353733,1.1253582833056,1.7229474885761,TRUE,0.6662,,"",0.902439024390244,0.951219512195122,0.958972374443451,
"R4","sin_2020","F5_G2","G2",1,"yoy_pp","BENCH.ETS",41,1.40566832978393,0.921378657020843,1.07636539443813,TRUE,0.826,,"",0.926829268292683,0.975609756097561,0.736382003232701,
"R4","sin_2020","F5_G2","G2",1,"yoy_pp","BENCH.MEDIA_CRECIMIENTO",41,4.09474582001728,1.66653710248301,3.13547841002029,TRUE,0.6384,,"",,,,
"R4","sin_2020","F5_G2","G2",1,"yoy_pp","BENCH.RW_CON_DERIVA",41,1.00492631101548,0.757979045311852,0.769504357620194,TRUE,0.92,,"",0.951219512195122,1,0.641488429763528,
"R4","sin_2020","F5_G2","G2",1,"yoy_pp","BENCH.RW_SIN_DERIVA",41,1.30593972738941,1.02033091218746,1,TRUE,0.8196,,"",0.926829268292683,1,0.773679511720458,
"R4","sin_2020","F5_G2","G2",1,"yoy_pp","COMB.ECM_INV.G2",41,1.16622793133428,0.815520288559609,0.893018189794707,TRUE,0.826,,"",,,,
"R4","sin_2020","F5_G2","G2",1,"yoy_pp","COMB.MEDIA.G2",41,1.47860199079087,0.88764698984017,1.13221304152115,TRUE,0.6986,,"",,,,
"R4","sin_2020","F5_G2","G2",1,"yoy_pp","COMB.MEDIANA.G2",41,1.48252700760556,0.873619224712812,1.13521855297959,TRUE,0.826,,"",,,,
"R4","sin_2020","F5_G2","G2",1,"yoy_pp","COMB.RECORTADA.G2",41,1.47117764081965,0.881548457497572,1.12652797825559,TRUE,0.758,,"",,,,
"R4","sin_2020","F5_G2","G2",1,"yoy_pp","MIX.PUENTE.G2",41,0.990955152007542,0.760973280184309,0.758806192371891,TRUE,1,,"",0.853658536585366,1,0.557975364432515,
"R4","sin_2020","F5_G2","G2",1,"yoy_pp","MIX.UMIDAS.G2",41,1.28802604737092,0.983360749750612,0.986282919768209,TRUE,0.826,,"",0.829268292682927,0.926829268292683,0.943177835114989,
"R4","sin_2020","F5_G2","G2",1,"yoy_pp","ML.LGBM.G2",41,1.3458533060958,0.95680924173936,1.03056310936047,TRUE,0.8196,,"",0.804878048780488,0.926829268292683,0.959182341832491,
"R4","sin_2020","F5_G2","G2",1,"yoy_pp","ML.RF.G2",41,1.28085714060965,0.841480059529897,0.98079345757411,TRUE,0.826,,"",0.878048780487805,0.926829268292683,0.975818447376181,
"R4","sin_2020","F5_G2","G2",1,"yoy_pp","MULT.BVAR.G2",41,1.88386685761936,1.10411458014585,1.44253736838624,TRUE,0.6662,,"",0.902439024390244,1,0.88249232952499,
"R4","sin_2020","F5_G2","G2",1,"yoy_pp","MULT.VAR_DIF.G2",41,1.69219703131372,1.00665559290992,1.29576962536889,TRUE,0.6662,,"",0.926829268292683,0.975609756097561,0.837303394300443,
"R4","sin_2020","F5_G2","G2",1,"yoy_pp","REG.ENET.G2",41,1.52402728484301,0.943650188163875,1.16699664837486,TRUE,0.6662,,"",0.804878048780488,0.902439024390244,0.957059946603347,
"R4","sin_2020","F5_G2","G2",1,"yoy_pp","REG.PCR.G2",41,1.67213447175016,0.99849359533173,1.28040707904091,TRUE,0.6404,,"",0.804878048780488,0.902439024390244,0.985206391023329,
"R4","sin_2020","F5_G2","G2",1,"yoy_pp","UNI.ARIMA",41,2.01248496195882,1.11931900496738,1.54102438248188,TRUE,0.6662,,"",0.926829268292683,0.975609756097561,0.877757302896212,
"R4","sin_2020","F5_G2","G2",1,"yoy_pp","UNI.ARIMAX.G2",41,2.39111671759406,1.13824119821247,1.83095488057013,TRUE,0.6662,,"",0.878048780487805,0.951219512195122,1.00922383297645,
"R4","sin_2020","F5_G2","G2",1,"yoy_pp","UNI.ARIMAX_IVAE.G2",41,2.62661632298455,1.25348744045556,2.01128449337795,TRUE,0.6404,,"",0.902439024390244,0.951219512195122,1.0851000255686,
"R4","sin_2020","F5_G2","G2",1,"yoy_pp","UNI.UC_LLT",41,1.45576902359002,0.921737171817944,1.11472910507142,TRUE,0.8196,,"",0.926829268292683,0.975609756097561,0.741459279656241,
"R4","sin_2020","F5_G2","G2",2,"yoy_pp","BENCH.AR1",40,2.37872145615116,1.16004659467747,0.942161840567445,TRUE,0.859,,"",0.975,0.975,1.0191075088618,
"R4","sin_2020","F5_G2","G2",2,"yoy_pp","BENCH.ARP_BIC",40,3.16961233346706,1.5134728298488,1.25541718315204,TRUE,0.7376,,"",0.925,0.925,1.37005665653551,
"R4","sin_2020","F5_G2","G2",2,"yoy_pp","BENCH.ETS",40,2.4802197106338,1.30417921467119,0.982363177302548,TRUE,0.859,,"",0.95,0.95,1.07687377026248,
"R4","sin_2020","F5_G2","G2",2,"yoy_pp","BENCH.MEDIA_CRECIMIENTO",40,4.15950087874983,1.70181858037293,1.64749134188489,TRUE,0.7598,,"",,,,
"R4","sin_2020","F5_G2","G2",2,"yoy_pp","BENCH.RW_CON_DERIVA",40,1.86917055240834,1.0378762381074,0.740339379979763,TRUE,0.859,,"",0.975,0.975,0.939494609379236,
"R4","sin_2020","F5_G2","G2",2,"yoy_pp","BENCH.RW_SIN_DERIVA",40,2.5247482478366,1.84176185774679,1,TRUE,0.773,,"",0.975,0.975,1.2994526281527,
"R4","sin_2020","F5_G2","G2",2,"yoy_pp","COMB.ECM_INV.G2",40,2.43363131424514,1.27078793999559,0.963910487443833,TRUE,0.859,,"",,,,
"R4","sin_2020","F5_G2","G2",2,"yoy_pp","COMB.MEDIA.G2",40,2.53432376844485,1.31053842341782,1.00379266353248,TRUE,0.8168,,"",,,,
"R4","sin_2020","F5_G2","G2",2,"yoy_pp","COMB.MEDIANA.G2",40,2.50492808488461,1.2713437419116,0.992149647803909,TRUE,0.859,,"",,,,
"R4","sin_2020","F5_G2","G2",2,"yoy_pp","COMB.RECORTADA.G2",40,2.54115624490992,1.30052056550091,1.00649886462438,TRUE,0.833,,"",,,,
"R4","sin_2020","F5_G2","G2",2,"yoy_pp","MIX.PUENTE.G2",40,1.40487898853738,0.963654456006531,0.556443197749,TRUE,1,,"",0.975,1,0.892398198299663,
"R4","sin_2020","F5_G2","G2",2,"yoy_pp","MIX.UMIDAS.G2",40,2.43424780354719,1.73217243023937,0.964154665968396,TRUE,0.859,,"",0.925,0.975,1.41181979295646,
"R4","sin_2020","F5_G2","G2",2,"yoy_pp","ML.LGBM.G2",40,2.25358817378386,1.27867488756626,0.892599163387841,TRUE,0.859,,"",0.875,1,1.27389424241984,
"R4","sin_2020","F5_G2","G2",2,"yoy_pp","ML.RF.G2",40,2.52840822985269,1.48014360619593,1.00144964236305,TRUE,0.7598,,"",0.875,1,1.37384125919871,
"R4","sin_2020","F5_G2","G2",2,"yoy_pp","MULT.BVAR.G2",40,3.12910834524251,1.63367278326973,1.23937440016991,TRUE,0.621,,"",0.925,0.95,1.33566487056876,
"R4","sin_2020","F5_G2","G2",2,"yoy_pp","MULT.VAR_DIF.G2",40,2.86776347940136,1.35128017995376,1.13586116233913,TRUE,0.773,,"",0.95,0.95,1.24181758294292,
"R4","sin_2020","F5_G2","G2",2,"yoy_pp","REG.ENET.G2",40,2.67054899948013,1.42852132305577,1.05774862969742,TRUE,0.859,,"",0.925,1,1.31054705293665,
"R4","sin_2020","F5_G2","G2",2,"yoy_pp","REG.PCR.G2",40,3.52406853056286,1.69281095407533,1.39580987275962,TRUE,0.69,,"",0.9,0.975,1.54323248901177,
"R4","sin_2020","F5_G2","G2",2,"yoy_pp","UNI.ARIMA",40,3.02358340502273,1.56811976229497,1.19757817739396,TRUE,0.7108,,"",0.925,0.95,1.28333130241409,
"R4","sin_2020","F5_G2","G2",2,"yoy_pp","UNI.ARIMAX.G2",40,3.21426733388523,1.45008623850862,1.27310409528533,TRUE,0.7598,,"",0.925,0.925,1.39830028410264,
"R4","sin_2020","F5_G2","G2",2,"yoy_pp","UNI.ARIMAX_IVAE.G2",40,3.45987926434274,1.60705904128277,1.37038584631455,TRUE,0.6726,,"",0.925,0.925,1.50271436203382,
"R4","sin_2020","F5_G2","G2",2,"yoy_pp","UNI.UC_LLT",40,2.56632908998694,1.30930666532078,1.01646930231003,TRUE,0.859,,"",0.95,0.95,1.09456314183995,
"R4","sin_2020","F5_G2","G2",4,"yoy_pp","BENCH.AR1",38,5.24288072991736,1.98870571111985,0.959935695596377,TRUE,0.681,"distorsion_tamano_documentada","",0.947368421052632,0.947368421052632,1.86989942833361,
"R4","sin_2020","F5_G2","G2",4,"yoy_pp","BENCH.ARP_BIC",38,4.90151678688116,2.10995777863692,0.897434286353916,TRUE,0.681,"distorsion_tamano_documentada","",0.894736842105263,0.921052631578947,2.02818175745189,
"R4","sin_2020","F5_G2","G2",4,"yoy_pp","BENCH.ETS",38,5.46656091416179,2.15509868341379,1.00089001142289,TRUE,0.681,"distorsion_tamano_documentada","",0.921052631578947,0.921052631578947,1.93641670150732,
"R4","sin_2020","F5_G2","G2",4,"yoy_pp","BENCH.MEDIA_CRECIMIENTO",38,4.24823575506496,1.7464426029443,0.777822986001811,TRUE,0.681,"distorsion_tamano_documentada","",,,,
"R4","sin_2020","F5_G2","G2",4,"yoy_pp","BENCH.RW_CON_DERIVA",38,4.31020729938803,1.73718549940331,0.789169553007904,TRUE,0.681,"distorsion_tamano_documentada","",0.947368421052632,0.973684210526316,1.68936785504435,
"R4","sin_2020","F5_G2","G2",4,"yoy_pp","BENCH.RW_SIN_DERIVA",38,5.46169993882781,3.74554178507825,1,TRUE,0.6194,"distorsion_tamano_documentada","",0.921052631578947,0.947368421052632,2.57557920643872,
"R4","sin_2020","F5_G2","G2",4,"yoy_pp","COMB.ECM_INV.G2",38,6.00765168311444,2.32582922939377,1.09996003998781,TRUE,0.6584,"distorsion_tamano_documentada","",,,,
"R4","sin_2020","F5_G2","G2",4,"yoy_pp","COMB.MEDIA.G2",38,6.01400320449217,2.32622762937552,1.10112296022306,TRUE,0.681,"distorsion_tamano_documentada","",,,,
"R4","sin_2020","F5_G2","G2",4,"yoy_pp","COMB.MEDIANA.G2",38,5.0398540925645,2.13237009080731,0.922762903310679,TRUE,0.681,"distorsion_tamano_documentada","",,,,
"R4","sin_2020","F5_G2","G2",4,"yoy_pp","COMB.RECORTADA.G2",38,6.00795857832861,2.30980184963266,1.10001623040793,TRUE,0.6194,"distorsion_tamano_documentada","",,,,
"R4","sin_2020","F5_G2","G2",4,"yoy_pp","MIX.PUENTE.G2",38,3.42210269891308,1.69746073577558,0.626563659161316,TRUE,1,"distorsion_tamano_documentada","",0.947368421052632,0.947368421052632,1.73365659160415,
"R4","sin_2020","F5_G2","G2",4,"yoy_pp","MIX.UMIDAS.G2",38,4.62272796568019,2.2999092022717,0.846389955042518,TRUE,0.681,"distorsion_tamano_documentada","",0.894736842105263,0.921052631578947,2.06280941433279,
"R4","sin_2020","F5_G2","G2",4,"yoy_pp","ML.LGBM.G2",38,4.92877642917901,2.15080230145317,0.902425340897952,TRUE,0.681,"distorsion_tamano_documentada","",0.815789473684211,0.921052631578947,2.16761133624133,
"R4","sin_2020","F5_G2","G2",4,"yoy_pp","ML.RF.G2",38,5.2529489804763,2.65706635097612,0.961779123589805,TRUE,0.6194,"distorsion_tamano_documentada","",0.868421052631579,0.947368421052632,2.33541076415869,
"R4","sin_2020","F5_G2","G2",4,"yoy_pp","MULT.BVAR.G2",38,8.67723534018216,3.14604644120429,1.58874259614571,TRUE,0.5356,"distorsion_tamano_documentada","",0.921052631578947,0.947368421052632,2.43897267276532,
"R4","sin_2020","F5_G2","G2",4,"yoy_pp","MULT.VAR_DIF.G2",38,9.16508777404013,2.85859272143533,1.67806504873776,TRUE,0.6194,"distorsion_tamano_documentada","",0.921052631578947,0.947368421052632,2.5821278181177,
"R4","sin_2020","F5_G2","G2",4,"yoy_pp","REG.ENET.G2",38,5.0145076188388,2.49634509609392,0.918122136880888,TRUE,0.681,"distorsion_tamano_documentada","",0.842105263157895,0.947368421052632,2.06306885977566,
"R4","sin_2020","F5_G2","G2",4,"yoy_pp","REG.PCR.G2",38,4.72787981147423,2.01035241249194,0.865642540679181,TRUE,0.681,"distorsion_tamano_documentada","",0.868421052631579,0.947368421052632,2.07049174515463,
"R4","sin_2020","F5_G2","G2",4,"yoy_pp","UNI.ARIMA",38,5.14598543496632,2.31483534701427,0.942194828094265,TRUE,0.681,"distorsion_tamano_documentada","",0.894736842105263,0.921052631578947,1.9759001046249,
"R4","sin_2020","F5_G2","G2",4,"yoy_pp","UNI.ARIMAX.G2",38,7.92067740514865,2.70551305414099,1.4502219993522,TRUE,0.5356,"distorsion_tamano_documentada","",0.894736842105263,0.921052631578947,2.56664208727695,
"R4","sin_2020","F5_G2","G2",4,"yoy_pp","UNI.ARIMAX_IVAE.G2",38,8.3388419150181,2.86154590782646,1.52678506846127,TRUE,0.5356,"distorsion_tamano_documentada","",0.894736842105263,0.921052631578947,2.73894752824857,
"R4","sin_2020","F5_G2","G2",4,"yoy_pp","UNI.UC_LLT",38,6.83518772644737,2.4222673972751,1.25147624421021,TRUE,0.6194,"distorsion_tamano_documentada","",0.921052631578947,0.921052631578947,2.19867918924388,
"R4","sin_2020","F5_G2","G2",8,"yoy_pp","BENCH.AR1",34,4.41762783979092,1.86228252140752,0.775309611748236,TRUE,0.7002,"distorsion_tamano_documentada","",0.911764705882353,0.941176470588235,1.80286556193727,
"R4","sin_2020","F5_G2","G2",8,"yoy_pp","BENCH.ARP_BIC",34,4.3930618832751,1.81188330717311,0.770998197817676,TRUE,1,"distorsion_tamano_documentada","",0.911764705882353,0.941176470588235,1.81997221683963,
"R4","sin_2020","F5_G2","G2",8,"yoy_pp","BENCH.ETS",34,4.59808202228323,2.08835200819098,0.806979971325897,TRUE,0.7002,"distorsion_tamano_documentada","",0.911764705882353,0.941176470588235,1.86477920159769,
"R4","sin_2020","F5_G2","G2",8,"yoy_pp","BENCH.MEDIA_CRECIMIENTO",34,4.41223171441723,1.82408540206709,0.774362572291736,TRUE,0.7002,"distorsion_tamano_documentada","",,,,
"R4","sin_2020","F5_G2","G2",8,"yoy_pp","BENCH.RW_CON_DERIVA",34,4.39592434568534,1.82985421914246,0.771500570290055,TRUE,0.7002,"distorsion_tamano_documentada","",0.911764705882353,0.941176470588235,1.85461204549973,
"R4","sin_2020","F5_G2","G2",8,"yoy_pp","BENCH.RW_SIN_DERIVA",34,5.69788865357888,3.88149991640543,1,FALSE,0.026,"distorsion_tamano_documentada","",0.882352941176471,0.911764705882353,2.8040710767045,
"R4","sin_2020","F5_G2","G2",8,"yoy_pp","COMB.ECM_INV.G2",34,4.61414851139829,2.09945826409153,0.809799698086434,TRUE,0.7002,"distorsion_tamano_documentada","",,,,
"R4","sin_2020","F5_G2","G2",8,"yoy_pp","COMB.MEDIA.G2",34,4.62123766868857,2.10079225360587,0.811043870747798,TRUE,0.7002,"distorsion_tamano_documentada","",,,,
"R4","sin_2020","F5_G2","G2",8,"yoy_pp","COMB.MEDIANA.G2",34,4.53557923728214,2.00626583099218,0.796010507231186,TRUE,0.7002,"distorsion_tamano_documentada","",,,,
"R4","sin_2020","F5_G2","G2",8,"yoy_pp","COMB.RECORTADA.G2",34,4.57248059246252,2.06689658024106,0.802486828097372,TRUE,0.7002,"distorsion_tamano_documentada","",,,,
"R4","sin_2020","F5_G2","G2",8,"yoy_pp","MIX.PUENTE.G2",34,4.54718294896321,2.00197565252601,0.798047000463426,TRUE,0.7002,"distorsion_tamano_documentada","",0.911764705882353,0.941176470588235,2.15128626879564,
"R4","sin_2020","F5_G2","G2",8,"yoy_pp","MIX.UMIDAS.G2",34,4.90403054457484,2.48698760371689,0.86067503995442,TRUE,0.543,"distorsion_tamano_documentada","",0.823529411764706,0.823529411764706,2.83170450564502,
"R4","sin_2020","F5_G2","G2",8,"yoy_pp","ML.LGBM.G2",34,4.69464175717887,2.20476363194389,0.823926552904845,TRUE,0.7002,"distorsion_tamano_documentada","",0.852941176470588,0.911764705882353,2.48182259224,
"R4","sin_2020","F5_G2","G2",8,"yoy_pp","ML.RF.G2",34,4.80762415011842,2.37988304454889,0.843755370175359,TRUE,0.7002,"distorsion_tamano_documentada","",0.882352941176471,0.911764705882353,2.52896451302032,
"R4","sin_2020","F5_G2","G2",8,"yoy_pp","MULT.BVAR.G2",34,6.12052390583481,2.83415368026333,1.07417401040129,TRUE,0.543,"distorsion_tamano_documentada","",0.911764705882353,0.941176470588235,2.51839234993243,
"R4","sin_2020","F5_G2","G2",8,"yoy_pp","MULT.VAR_DIF.G2",34,5.05400211907713,2.38703939886528,0.886995591937846,TRUE,0.543,"distorsion_tamano_documentada","",0.911764705882353,0.911764705882353,2.14175043160385,
"R4","sin_2020","F5_G2","G2",8,"yoy_pp","REG.ENET.G2",34,4.91404755803961,2.62555395638331,0.862433061929539,TRUE,0.543,"distorsion_tamano_documentada","",0.852941176470588,0.911764705882353,2.68002662329725,
"R4","sin_2020","F5_G2","G2",8,"yoy_pp","REG.PCR.G2",34,5.58394167180755,2.95577748425526,0.980001893912098,TRUE,0.4716,"distorsion_tamano_documentada","",0.882352941176471,0.882352941176471,2.83078333529988,
"R4","sin_2020","F5_G2","G2",8,"yoy_pp","UNI.ARIMA",34,4.42761297607626,1.89806702469925,0.777062039163445,TRUE,0.7002,"distorsion_tamano_documentada","",0.911764705882353,0.941176470588235,1.75642048243434,
"R4","sin_2020","F5_G2","G2",8,"yoy_pp","UNI.ARIMAX.G2",34,4.58011762859837,2.09097778907471,0.803827155471277,TRUE,0.7002,"distorsion_tamano_documentada","",0.911764705882353,0.941176470588235,2.0063181001423,
"R4","sin_2020","F5_G2","G2",8,"yoy_pp","UNI.ARIMAX_IVAE.G2",34,4.60748736817886,2.1291377133024,0.808630643437526,TRUE,0.7002,"distorsion_tamano_documentada","",0.911764705882353,0.941176470588235,2.07262745910068,
"R4","sin_2020","F5_G2","G2",8,"yoy_pp","UNI.UC_LLT",34,5.19377453972588,2.37105850443613,0.911526155651293,TRUE,0.7002,"distorsion_tamano_documentada","",0.882352941176471,0.911764705882353,2.09951943339265,
"R4","sin_2020_2021","F5_G2","G2",1,"yoy_pp","BENCH.AR1",37,0.870081558533856,0.682606193275987,0.745252965586643,TRUE,0.9564,,"",0.972972972972973,1,0.587304330316632,
"R4","sin_2020_2021","F5_G2","G2",1,"yoy_pp","BENCH.ARP_BIC",37,0.895227912655249,0.697747911939392,0.766791630323129,TRUE,0.9074,,"",0.945945945945946,1,0.599857840817985,"BENCH.RW_CON_DERIVA"
"R4","sin_2020_2021","F5_G2","G2",1,"yoy_pp","BENCH.ETS",37,0.877966424622578,0.707885088223459,0.75200660813686,TRUE,0.9564,,"",0.945945945945946,1,0.591590771361783,
"R4","sin_2020_2021","F5_G2","G2",1,"yoy_pp","BENCH.MEDIA_CRECIMIENTO",37,1.06604425784397,0.838365692814745,0.913101348732833,TRUE,0.7322,,"",,,,
"R4","sin_2020_2021","F5_G2","G2",1,"yoy_pp","BENCH.RW_CON_DERIVA",37,0.895227912655249,0.697747911939392,0.766791630323129,TRUE,0.9074,,"",0.945945945945946,1,0.599857840817985,
"R4","sin_2020_2021","F5_G2","G2",1,"yoy_pp","BENCH.RW_SIN_DERIVA",37,1.16749828408794,0.923099357294122,1,FALSE,0.0128,,"",0.945945945945946,1,0.719015978789481,
"R4","sin_2020_2021","F5_G2","G2",1,"yoy_pp","COMB.ECM_INV.G2",37,0.900972797593227,0.681843000992856,0.771712309878959,TRUE,0.9074,,"",,,,
"R4","sin_2020_2021","F5_G2","G2",1,"yoy_pp","COMB.MEDIA.G2",37,0.885618401938981,0.656560070403545,0.758560773929387,TRUE,0.9564,,"",,,,
"R4","sin_2020_2021","F5_G2","G2",1,"yoy_pp","COMB.MEDIANA.G2",37,0.861031518128492,0.655811566284796,0.737501313589626,TRUE,0.9564,,"",,,,
"R4","sin_2020_2021","F5_G2","G2",1,"yoy_pp","COMB.RECORTADA.G2",37,0.888016100159458,0.656480734356511,0.760614479920356,TRUE,0.9472,,"",,,,
"R4","sin_2020_2021","F5_G2","G2",1,"yoy_pp","MIX.PUENTE.G2",37,0.995780968089851,0.752508790577281,0.852918570983392,TRUE,0.7982,,"",0.837837837837838,1,0.552887383644679,
"R4","sin_2020_2021","F5_G2","G2",1,"yoy_pp","MIX.UMIDAS.G2",37,1.24433768087209,0.914423838264325,1.06581542588234,TRUE,0.6074,,"",0.810810810810811,0.918918918918919,0.854799628642522,
"R4","sin_2020_2021","F5_G2","G2",1,"yoy_pp","ML.LGBM.G2",37,1.17722896044968,0.864398216911489,1.00833463868372,TRUE,0.2898,,"",0.783783783783784,0.918918918918919,0.829559580207507,
"R4","sin_2020_2021","F5_G2","G2",1,"yoy_pp","ML.RF.G2",37,1.13427814226328,0.73563844465576,0.971545875246734,TRUE,0.6074,,"",0.864864864864865,0.918918918918919,0.835154977801394,
"R4","sin_2020_2021","F5_G2","G2",1,"yoy_pp","MULT.BVAR.G2",37,0.945331279793819,0.739154866252205,0.809706783023085,TRUE,0.7982,,"",0.918918918918919,1,0.652946210606677,
"R4","sin_2020_2021","F5_G2","G2",1,"yoy_pp","MULT.VAR_DIF.G2",37,1.08865648038767,0.803690380299859,0.932469447899989,TRUE,0.7322,,"",0.945945945945946,1,0.673930714379461,
"R4","sin_2020_2021","F5_G2","G2",1,"yoy_pp","REG.ENET.G2",37,1.10570256095062,0.793704223144682,0.947069966629029,TRUE,0.6074,,"",0.783783783783784,0.891891891891892,0.79689279425737,
"R4","sin_2020_2021","F5_G2","G2",1,"yoy_pp","REG.PCR.G2",37,1.13432505645646,0.820941545407379,0.971586058768901,TRUE,0.3624,,"",0.783783783783784,0.891891891891892,0.811773606558893,
"R4","sin_2020_2021","F5_G2","G2",1,"yoy_pp","UNI.ARIMA",37,0.93759232718677,0.753518168489009,0.803078120084111,TRUE,0.7322,,"",0.945945945945946,1,0.60216502346825,
"R4","sin_2020_2021","F5_G2","G2",1,"yoy_pp","UNI.ARIMAX.G2",37,0.822241336183475,0.661397408630387,0.704276269515733,TRUE,1,,"",0.918918918918919,1,0.615867060553084,
"R4","sin_2020_2021","F5_G2","G2",1,"yoy_pp","UNI.ARIMAX_IVAE.G2",37,0.880482270613791,0.737820442637155,0.754161511510597,TRUE,0.9564,,"",0.945945945945946,1,0.648252814376106,
"R4","sin_2020_2021","F5_G2","G2",1,"yoy_pp","UNI.UC_LLT",37,0.874099518377662,0.699675569013822,0.748694478005605,TRUE,0.9564,,"",0.945945945945946,1,0.586533933125197,
"R4","sin_2020_2021","F5_G2","G2",2,"yoy_pp","BENCH.AR1",36,0.89462558236235,0.729419871979451,0.524409350219058,TRUE,0.7164,,"",1,1,0.677962935484682,
"R4","sin_2020_2021","F5_G2","G2",2,"yoy_pp","BENCH.ARP_BIC",36,0.8993956094216,0.727932811310176,0.527205432557844,TRUE,0.7164,,"",1,1,0.717959021742102,
"R4","sin_2020_2021","F5_G2","G2",2,"yoy_pp","BENCH.ETS",36,0.928680913021599,0.777440330862205,0.544371817394828,TRUE,0.7164,,"",1,1,0.670505791970465,
"R4","sin_2020_2021","F5_G2","G2",2,"yoy_pp","BENCH.MEDIA_CRECIMIENTO",36,1.08057961632045,0.84797487405296,0.633411413250926,TRUE,0.7038,,"",,,,
"R4","sin_2020_2021","F5_G2","G2",2,"yoy_pp","BENCH.RW_CON_DERIVA",36,0.899395609421612,0.727932811310186,0.52720543255785,TRUE,0.7164,,"",1,1,0.717959021742104,
"R4","sin_2020_2021","F5_G2","G2",2,"yoy_pp","BENCH.RW_SIN_DERIVA",36,1.70596802285971,1.49111912348514,1,FALSE,0,,"",1,1,1.04352953891938,
"R4","sin_2020_2021","F5_G2","G2",2,"yoy_pp","COMB.ECM_INV.G2",36,1.03169114394986,0.737219387315085,0.604754092764553,TRUE,0.7164,,"",,,,
"R4","sin_2020_2021","F5_G2","G2",2,"yoy_pp","COMB.MEDIA.G2",36,1.00421953704914,0.73445064987646,0.588650856049324,TRUE,0.7164,,"",,,,
"R4","sin_2020_2021","F5_G2","G2",2,"yoy_pp","COMB.MEDIANA.G2",36,0.9306820973373,0.705902367647814,0.545544866531087,TRUE,0.7164,,"",,,,
"R4","sin_2020_2021","F5_G2","G2",2,"yoy_pp","COMB.RECORTADA.G2",36,0.954737239186004,0.718014662184885,0.559645448444914,TRUE,0.7164,,"",,,,
"R4","sin_2020_2021","F5_G2","G2",2,"yoy_pp","MIX.PUENTE.G2",36,1.06408781656681,0.790017227956406,0.623744291984493,TRUE,0.7164,,"",1,1,0.791597323076784,
"R4","sin_2020_2021","F5_G2","G2",2,"yoy_pp","MIX.UMIDAS.G2",36,1.86523187155949,1.43991599415179,1.09335687806903,TRUE,0.1988,,"",0.916666666666667,0.972222222222222,1.19176958708664,
"R4","sin_2020_2021","F5_G2","G2",2,"yoy_pp","ML.LGBM.G2",36,1.23275690329823,0.883905741843513,0.722614308579924,TRUE,0.6178,,"",0.888888888888889,1,0.990563727784979,
"R4","sin_2020_2021","F5_G2","G2",2,"yoy_pp","ML.RF.G2",36,1.42502604606876,0.98282846229834,0.835318146045903,TRUE,0.515,,"",0.888888888888889,1,1.06181825214129,
"R4","sin_2020_2021","F5_G2","G2",2,"yoy_pp","MULT.BVAR.G2",36,1.11455191375836,0.867066198700085,0.653325208224035,TRUE,0.6178,,"",1,1,0.800717934874555,
"R4","sin_2020_2021","F5_G2","G2",2,"yoy_pp","MULT.VAR_DIF.G2",36,1.02191592485357,0.775045843455002,0.599024079677964,TRUE,0.7164,,"",1,1,0.773956045268284,
"R4","sin_2020_2021","F5_G2","G2",2,"yoy_pp","REG.ENET.G2",36,2.06038430615765,1.02877690768036,1.20775083621078,TRUE,0.6178,,"",0.916666666666667,1,1.05010893711074,
"R4","sin_2020_2021","F5_G2","G2",2,"yoy_pp","REG.PCR.G2",36,1.19590099349075,0.845020830722963,0.701010205036591,TRUE,0.5664,,"",0.916666666666667,0.972222222222222,1.01022933053612,
"R4","sin_2020_2021","F5_G2","G2",2,"yoy_pp","UNI.ARIMA",36,1.10928766717152,0.855745277616259,0.650239425538605,TRUE,0.6178,,"",1,1,0.711723755311817,
"R4","sin_2020_2021","F5_G2","G2",2,"yoy_pp","UNI.ARIMAX.G2",36,0.821423316307444,0.634027423915505,0.481499831943213,TRUE,1,,"",1,1,0.747038385625434,
"R4","sin_2020_2021","F5_G2","G2",2,"yoy_pp","UNI.ARIMAX_IVAE.G2",36,0.867153104240841,0.730243845908419,0.508305602813842,TRUE,0.7164,,"",1,1,0.794033703729966,
"R4","sin_2020_2021","F5_G2","G2",2,"yoy_pp","UNI.UC_LLT",36,0.915416391715526,0.758568308730692,0.53659645400681,TRUE,0.7164,,"",1,1,0.665321954328599,
"R4","sin_2020_2021","F5_G2","G2",4,"yoy_pp","BENCH.AR1",34,1.0843537997879,0.835949123989199,0.361111285959419,TRUE,0.8036,"distorsion_tamano_documentada","",1,1,0.905697605737316,
"R4","sin_2020_2021","F5_G2","G2",4,"yoy_pp","BENCH.ARP_BIC",34,1.47275309744716,0.963357623894091,0.490455942538208,TRUE,0.7384,"distorsion_tamano_documentada","",0.970588235294118,1,1.06751243903954,
"R4","sin_2020_2021","F5_G2","G2",4,"yoy_pp","BENCH.ETS",34,1.24330534493917,0.925131882249442,0.414045297797657,TRUE,0.8036,"distorsion_tamano_documentada","",1,1,0.887909972291291,
"R4","sin_2020_2021","F5_G2","G2",4,"yoy_pp","BENCH.MEDIA_CRECIMIENTO",34,1.10425495103962,0.85553083869108,0.36773876337683,TRUE,0.8036,"distorsion_tamano_documentada","",,,,
"R4","sin_2020_2021","F5_G2","G2",4,"yoy_pp","BENCH.RW_CON_DERIVA",34,1.07553122354193,0.838162374016636,0.358173193379045,TRUE,0.8036,"distorsion_tamano_documentada","",1,1,0.984811665925218,
"R4","sin_2020_2021","F5_G2","G2",4,"yoy_pp","BENCH.RW_SIN_DERIVA",34,3.00282445315144,2.82906714616729,1,FALSE,0,"distorsion_tamano_documentada","",0.970588235294118,1,1.78878119497164,
"R4","sin_2020_2021","F5_G2","G2",4,"yoy_pp","COMB.ECM_INV.G2",34,1.31489446479784,0.993907399860263,0.437885892203212,TRUE,0.7384,"distorsion_tamano_documentada","",,,,
"R4","sin_2020_2021","F5_G2","G2",4,"yoy_pp","COMB.MEDIA.G2",34,1.29945623990876,0.99158578604285,0.432744657632249,TRUE,0.7384,"distorsion_tamano_documentada","",,,,
"R4","sin_2020_2021","F5_G2","G2",4,"yoy_pp","COMB.MEDIANA.G2",34,1.25828748279701,0.965162019653419,0.419034646356515,TRUE,0.7384,"distorsion_tamano_documentada","",,,,
"R4","sin_2020_2021","F5_G2","G2",4,"yoy_pp","COMB.RECORTADA.G2",34,1.2982501471934,0.980715209930071,0.432343004876925,TRUE,0.7384,"distorsion_tamano_documentada","",,,,
"R4","sin_2020_2021","F5_G2","G2",4,"yoy_pp","MIX.PUENTE.G2",34,1.04819175376205,0.862920235565508,0.349068608610132,TRUE,1,"distorsion_tamano_documentada","",1,1,1.15115278535992,
"R4","sin_2020_2021","F5_G2","G2",4,"yoy_pp","MIX.UMIDAS.G2",34,1.93979037408344,1.35295636236464,0.645988603179134,TRUE,0.4692,"distorsion_tamano_documentada","",0.941176470588235,0.970588235294118,1.39093614641484,
"R4","sin_2020_2021","F5_G2","G2",4,"yoy_pp","ML.LGBM.G2",34,1.48353369771651,1.11043005236435,0.494046095888007,TRUE,0.4692,"distorsion_tamano_documentada","",0.882352941176471,0.941176470588235,1.4312823751051,
"R4","sin_2020_2021","F5_G2","G2",4,"yoy_pp","ML.RF.G2",34,1.99989308662062,1.54015662892342,0.66600399651127,FALSE,0.0174,"distorsion_tamano_documentada","",0.941176470588235,0.970588235294118,1.5313677057061,
"R4","sin_2020_2021","F5_G2","G2",4,"yoy_pp","MULT.BVAR.G2",34,1.81840289628384,1.32639865056852,0.605564169552249,TRUE,0.3724,"distorsion_tamano_documentada","",1,1,1.15440520307823,
"R4","sin_2020_2021","F5_G2","G2",4,"yoy_pp","MULT.VAR_DIF.G2",34,1.20437882736955,0.963840176480142,0.401081996686675,TRUE,0.8036,"distorsion_tamano_documentada","",1,1,0.979673596024491,
"R4","sin_2020_2021","F5_G2","G2",4,"yoy_pp","REG.ENET.G2",34,2.00434750110103,1.46718655260422,0.667487404732396,TRUE,0.4188,"distorsion_tamano_documentada","",0.911764705882353,0.970588235294118,1.31503230248026,
"R4","sin_2020_2021","F5_G2","G2",4,"yoy_pp","REG.PCR.G2",34,1.23357273842096,0.96904064250504,0.41080414711767,TRUE,0.8036,"distorsion_tamano_documentada","",0.911764705882353,0.970588235294118,1.34596690913024,
"R4","sin_2020_2021","F5_G2","G2",4,"yoy_pp","UNI.ARIMA",34,1.60102595249528,1.14644530127342,0.533173343122012,TRUE,0.4692,"distorsion_tamano_documentada","",0.970588235294118,1,0.963977322688388,
"R4","sin_2020_2021","F5_G2","G2",4,"yoy_pp","UNI.ARIMAX.G2",34,1.44342502496061,0.974269896709425,0.480689113692861,TRUE,0.7384,"distorsion_tamano_documentada","",0.970588235294118,1,1.12066205754413,
"R4","sin_2020_2021","F5_G2","G2",4,"yoy_pp","UNI.ARIMAX_IVAE.G2",34,1.52435373474662,1.02562004123639,0.507639976471759,TRUE,0.7384,"distorsion_tamano_documentada","",0.970588235294118,1,1.20830476324517,
"R4","sin_2020_2021","F5_G2","G2",4,"yoy_pp","UNI.UC_LLT",34,1.21782738858373,0.919626304026807,0.405560633857778,TRUE,0.8036,"distorsion_tamano_documentada","",1,1,0.886111623701219,
"R4","sin_2020_2021","F5_G2","G2",8,"yoy_pp","BENCH.AR1",30,1.13824991531276,0.900059680195039,0.374678510056047,TRUE,0.5912,"distorsion_tamano_documentada","",1,1,0.945250435634786,
"R4","sin_2020_2021","F5_G2","G2",8,"yoy_pp","BENCH.ARP_BIC",30,1.09455623199877,0.851133752357344,0.3602958301694,TRUE,1,"distorsion_tamano_documentada","",1,1,0.978168558706736,
"R4","sin_2020_2021","F5_G2","G2",8,"yoy_pp","BENCH.ETS",30,1.69607912973331,1.15382777123172,0.558299537488671,TRUE,0.5912,"distorsion_tamano_documentada","",1,1,1.01466248390369,
"R4","sin_2020_2021","F5_G2","G2",8,"yoy_pp","BENCH.MEDIA_CRECIMIENTO",30,1.11393423356624,0.856281477032157,0.366674500316867,TRUE,0.694,"distorsion_tamano_documentada","",,,,
"R4","sin_2020_2021","F5_G2","G2",8,"yoy_pp","BENCH.RW_CON_DERIVA",30,1.10750435969296,0.871500785922589,0.364557974297161,TRUE,0.694,"distorsion_tamano_documentada","",1,1,1.01742703118817,
"R4","sin_2020_2021","F5_G2","G2",8,"yoy_pp","BENCH.RW_SIN_DERIVA",30,3.03793755116218,2.86095640981664,1,TRUE,0.1122,"distorsion_tamano_documentada","",0.966666666666667,1,1.82235435320381,
"R4","sin_2020_2021","F5_G2","G2",8,"yoy_pp","COMB.ECM_INV.G2",30,1.64744705948887,1.1383550730384,0.542291285368467,TRUE,0.5912,"distorsion_tamano_documentada","",,,,
"R4","sin_2020_2021","F5_G2","G2",8,"yoy_pp","COMB.MEDIA.G2",30,1.65639328189268,1.13626384368578,0.545236119570338,TRUE,0.5912,"distorsion_tamano_documentada","",,,,
"R4","sin_2020_2021","F5_G2","G2",8,"yoy_pp","COMB.MEDIANA.G2",30,1.34758600000141,1.03777497702026,0.443585813502283,TRUE,0.5912,"distorsion_tamano_documentada","",,,,
"R4","sin_2020_2021","F5_G2","G2",8,"yoy_pp","COMB.RECORTADA.G2",30,1.51861919985039,1.10421879160768,0.499884929915505,TRUE,0.5912,"distorsion_tamano_documentada","",,,,
"R4","sin_2020_2021","F5_G2","G2",8,"yoy_pp","MIX.PUENTE.G2",30,1.29758529110867,1.00806195554841,0.427127045653808,TRUE,0.5912,"distorsion_tamano_documentada","",1,1,1.30116049173731,
"R4","sin_2020_2021","F5_G2","G2",8,"yoy_pp","MIX.UMIDAS.G2",30,2.08224117746808,1.47964251892593,0.685412765206943,TRUE,0.4862,"distorsion_tamano_documentada","",0.933333333333333,0.933333333333333,1.92505162132599,
"R4","sin_2020_2021","F5_G2","G2",8,"yoy_pp","ML.LGBM.G2",30,1.80579501974179,1.27206596097735,0.59441479271059,TRUE,0.5912,"distorsion_tamano_documentada","",0.933333333333333,1,1.63748932524841,
"R4","sin_2020_2021","F5_G2","G2",8,"yoy_pp","ML.RF.G2",30,2.28654553908997,1.46719164645441,0.752663772899227,TRUE,0.5912,"distorsion_tamano_documentada","",0.966666666666667,1,1.68922477123109,
"R4","sin_2020_2021","F5_G2","G2",8,"yoy_pp","MULT.BVAR.G2",30,4.54935489461339,1.95252211569471,1.49751428987505,TRUE,0.4862,"distorsion_tamano_documentada","",1,1,1.72009889853053,
"R4","sin_2020_2021","F5_G2","G2",8,"yoy_pp","MULT.VAR_DIF.G2",30,2.70306095496874,1.44973619251364,0.889768439754354,TRUE,0.5138,"distorsion_tamano_documentada","",1,1,1.285606443751,
"R4","sin_2020_2021","F5_G2","G2",8,"yoy_pp","REG.ENET.G2",30,2.40513227950964,1.72813908394576,0.791699052072199,TRUE,0.4862,"distorsion_tamano_documentada","",0.933333333333333,1,1.84460281745453,
"R4","sin_2020_2021","F5_G2","G2",8,"yoy_pp","REG.PCR.G2",30,3.71728768032286,2.10262921938715,1.22362215079134,TRUE,0.471,"distorsion_tamano_documentada","",0.966666666666667,0.966666666666667,2.00420163499437,
"R4","sin_2020_2021","F5_G2","G2",8,"yoy_pp","UNI.ARIMA",30,1.24235763559031,0.948808632219968,0.408947720177803,TRUE,0.5912,"distorsion_tamano_documentada","",1,1,0.906191693058926,
"R4","sin_2020_2021","F5_G2","G2",8,"yoy_pp","UNI.ARIMAX.G2",30,1.62831872590907,1.14334754273539,0.535994798604781,TRUE,0.5912,"distorsion_tamano_documentada","",1,1,1.15616565165957,
"R4","sin_2020_2021","F5_G2","G2",8,"yoy_pp","UNI.ARIMAX_IVAE.G2",30,1.7008256220612,1.18442262162331,0.559861943643488,TRUE,0.5912,"distorsion_tamano_documentada","",1,1,1.23234735665963,
"R4","sin_2020_2021","F5_G2","G2",8,"yoy_pp","UNI.UC_LLT",30,3.11844647067663,1.47524953371425,1.02650117659056,TRUE,0.5912,"distorsion_tamano_documentada","",0.966666666666667,0.966666666666667,1.28116601593147,
"R4","sin_2020","F5_G3","G3",1,"yoy_pp","BENCH.AR1",21,1.36738094135828,0.952512470371014,0.901549067409213,TRUE,0.7058,,"",0.952380952380952,1,0.855621902532688,
"R4","sin_2020","F5_G3","G3",1,"yoy_pp","BENCH.ARP_BIC",21,3.04734402518717,1.58629957263468,2.00919149951987,TRUE,0.6464,,"",0.904761904761905,0.904761904761905,1.4249628055954,
"R4","sin_2020","F5_G3","G3",1,"yoy_pp","BENCH.ETS",21,1.80613540742076,1.1950942520724,1.19083105733319,TRUE,0.7058,,"",0.952380952380952,0.952380952380952,0.991371246011694,
"R4","sin_2020","F5_G3","G3",1,"yoy_pp","BENCH.MEDIA_CRECIMIENTO",21,5.68941599058886,2.77725554862124,3.75117681201794,TRUE,0.6358,,"",,,,
"R4","sin_2020","F5_G3","G3",1,"yoy_pp","BENCH.RW_CON_DERIVA",21,1.17194936881143,0.869035346075457,0.772696056048013,TRUE,0.9386,,"",1,1,0.80511319931555,
"R4","sin_2020","F5_G3","G3",1,"yoy_pp","BENCH.RW_SIN_DERIVA",21,1.51670163143503,1.20719623097546,1,TRUE,0.7058,,"",0.952380952380952,1,0.940311831595738,
"R4","sin_2020","F5_G3","G3",1,"yoy_pp","COMB.ECM_INV.G3",21,2.07354032701029,1.2086866817515,1.36713792880173,TRUE,0.6682,,"",,,,
"R4","sin_2020","F5_G3","G3",1,"yoy_pp","COMB.MEDIA.G3",21,2.07092125861505,1.20492320592667,1.3654111103287,TRUE,0.6682,,"",,,,
"R4","sin_2020","F5_G3","G3",1,"yoy_pp","COMB.MEDIANA.G3",21,1.94359607599928,1.21234832194326,1.28146237580054,TRUE,0.6682,,"",,,,
"R4","sin_2020","F5_G3","G3",1,"yoy_pp","COMB.RECORTADA.G3",21,1.80829968455147,1.12453905593196,1.19225802034679,TRUE,0.7058,,"",,,,
"R4","sin_2020","F5_G3","G3",1,"yoy_pp","MIX.PUENTE.G3",21,1.15422142926755,0.889815969406415,0.761007574163079,TRUE,1,,"",0.904761904761905,1,0.669070163732382,
"R4","sin_2020","F5_G3","G3",1,"yoy_pp","MIX.UMIDAS.G3",21,2.18748012904064,1.73230309434537,1.44226134112545,TRUE,0.6682,,"",0.857142857142857,0.904761904761905,1.52963518586418,
"R4","sin_2020","F5_G3","G3",1,"yoy_pp","ML.LGBM.G3",21,1.94968643767331,1.36618945090516,1.2854779063095,TRUE,0.6464,,"",0.857142857142857,0.952380952380952,1.47430867077138,
"R4","sin_2020","F5_G3","G3",1,"yoy_pp","ML.RF.G3",21,1.68493569038883,1.22936688891582,1.11092099821547,TRUE,0.7058,,"",0.904761904761905,0.952380952380952,1.50563897771768,
"R4","sin_2020","F5_G3","G3",1,"yoy_pp","MULT.BVAR.G3",21,2.64591247497848,1.57191004068101,1.74451745823933,TRUE,0.6464,,"",0.952380952380952,1,1.33696450944355,
"R4","sin_2020","F5_G3","G3",1,"yoy_pp","MULT.VAR_DIF.G3",21,2.23979315360335,1.39885311707804,1.47675265008067,TRUE,0.6464,,"",0.952380952380952,0.952380952380952,1.20879040244053,
"R4","sin_2020","F5_G3","G3",1,"yoy_pp","REG.ENET.G3",21,6.87802812430769,2.51601690484541,4.53485905319429,TRUE,0.6358,,"",0.904761904761905,0.904761904761905,2.33934578315048,
"R4","sin_2020","F5_G3","G3",1,"yoy_pp","REG.PCR.G3",21,1.56740762278593,1.17099981943125,1.03343175104449,TRUE,0.7058,,"",0.952380952380952,0.952380952380952,1.37241163595785,
"R4","sin_2020","F5_G3","G3",1,"yoy_pp","UNI.ARIMA",21,2.70354039378455,1.57450860064099,1.7825130122835,TRUE,0.6464,,"",0.952380952380952,0.952380952380952,1.26634850446309,
"R4","sin_2020","F5_G3","G3",1,"yoy_pp","UNI.ARIMAX.G3",21,3.33645292821205,1.74043971573095,2.19980835983889,TRUE,0.6358,,"",0.904761904761905,0.904761904761905,1.66615333662909,
"R4","sin_2020","F5_G3","G3",1,"yoy_pp","UNI.UC_LLT",21,1.88689433725424,1.21034867460917,1.24407747585064,TRUE,0.7058,,"",0.952380952380952,0.952380952380952,1.00818118722574,
"R4","sin_2020","F5_G3","G3",2,"yoy_pp","BENCH.AR1",21,3.23484293504853,1.77922796211218,1.00430461959219,TRUE,0.733,,"",0.952380952380952,0.952380952380952,1.53387649793929,
"R4","sin_2020","F5_G3","G3",2,"yoy_pp","BENCH.ARP_BIC",21,4.33601632632424,2.43974066059155,1.34618011278785,TRUE,0.7032,,"",0.857142857142857,0.857142857142857,2.18383144704378,
"R4","sin_2020","F5_G3","G3",2,"yoy_pp","BENCH.ETS",21,3.36621054080782,1.98354871569746,1.0450896270803,TRUE,0.733,,"",0.904761904761905,0.904761904761905,1.62137415455159,
"R4","sin_2020","F5_G3","G3",2,"yoy_pp","BENCH.MEDIA_CRECIMIENTO",21,5.71018976580883,2.79309553810002,1.77281249065152,TRUE,0.7068,,"",,,,
"R4","sin_2020","F5_G3","G3",2,"yoy_pp","BENCH.RW_CON_DERIVA",21,2.51392349019954,1.53384239060792,0.78048456299188,TRUE,0.733,,"",0.952380952380952,0.952380952380952,1.36371326198421,
"R4","sin_2020","F5_G3","G3",2,"yoy_pp","BENCH.RW_SIN_DERIVA",21,3.22097785068645,2.35440376976542,1,TRUE,0.733,,"",0.952380952380952,0.952380952380952,1.72612545722662,
"R4","sin_2020","F5_G3","G3",2,"yoy_pp","COMB.ECM_INV.G3",21,3.79482180545913,2.24766817864039,1.17815830514028,TRUE,0.733,,"",,,,
"R4","sin_2020","F5_G3","G3",2,"yoy_pp","COMB.MEDIA.G3",21,3.78056740941355,2.19404886342525,1.17373281800365,TRUE,0.733,,"",,,,
"R4","sin_2020","F5_G3","G3",2,"yoy_pp","COMB.MEDIANA.G3",21,3.73470806582368,2.08771544553037,1.15949510954499,TRUE,0.733,,"",,,,
"R4","sin_2020","F5_G3","G3",2,"yoy_pp","COMB.RECORTADA.G3",21,3.64150499919098,2.11145941864137,1.13055884517024,TRUE,0.733,,"",,,,
"R4","sin_2020","F5_G3","G3",2,"yoy_pp","MIX.PUENTE.G3",21,1.88709525308299,1.32897963922604,0.585876507247888,TRUE,1,,"",0.952380952380952,1,1.21663234312104,
"R4","sin_2020","F5_G3","G3",2,"yoy_pp","MIX.UMIDAS.G3",21,4.14309093969188,3.5623460872778,1.28628358583991,TRUE,0.733,,"",0.857142857142857,1,2.6924333230714,
"R4","sin_2020","F5_G3","G3",2,"yoy_pp","ML.LGBM.G3",21,3.57737770883779,2.08326004989163,1.11064958365839,TRUE,0.733,,"",0.857142857142857,1,2.2174935194603,
"R4","sin_2020","F5_G3","G3",2,"yoy_pp","ML.RF.G3",21,4.11040447663004,2.76409050507512,1.27613559210103,TRUE,0.6226,,"",0.857142857142857,1,2.48347220798779,
"R4","sin_2020","F5_G3","G3",2,"yoy_pp","MULT.BVAR.G3",21,4.47849018804455,2.516168119893,1.39041322096956,TRUE,0.6236,,"",0.857142857142857,0.952380952380952,2.19223081526298,
"R4","sin_2020","F5_G3","G3",2,"yoy_pp","MULT.VAR_DIF.G3",21,3.89384989113648,2.03118524855059,1.20890303244607,TRUE,0.733,,"",0.904761904761905,0.904761904761905,1.9275632888102,
"R4","sin_2020","F5_G3","G3",2,"yoy_pp","REG.ENET.G3",21,9.52972026490382,4.79261150281249,2.95864197354628,TRUE,0.501,,"",0.761904761904762,0.904761904761905,4.18758312437356,
"R4","sin_2020","F5_G3","G3",2,"yoy_pp","REG.PCR.G3",21,7.57033842481347,3.45066202337017,2.35032303100131,TRUE,0.6226,,"",0.80952380952381,0.857142857142857,3.76373385595805,
"R4","sin_2020","F5_G3","G3",2,"yoy_pp","UNI.ARIMA",21,4.13260185385176,2.54383005572665,1.28302709469766,TRUE,0.7068,,"",0.857142857142857,0.904761904761905,2.01849031345818,
"R4","sin_2020","F5_G3","G3",2,"yoy_pp","UNI.ARIMAX.G3",21,4.49887279989728,2.46588989891502,1.39674130293646,TRUE,0.6316,,"",0.857142857142857,0.857142857142857,2.41203036539816,
"R4","sin_2020","F5_G3","G3",2,"yoy_pp","UNI.UC_LLT",21,3.49211361731388,2.02610895998026,1.08417809100104,TRUE,0.733,,"",0.904761904761905,0.904761904761905,1.66625613585742,
"R4","sin_2020","F5_G3","G3",4,"yoy_pp","BENCH.AR1",21,7.03557125895225,3.25146469447859,1.00575765878847,TRUE,0.6808,"distorsion_tamano_documentada","",0.904761904761905,0.904761904761905,2.92926433638333,
"R4","sin_2020","F5_G3","G3",4,"yoy_pp","BENCH.ARP_BIC",21,6.5727568876497,3.45344055568225,0.939596848045121,TRUE,0.6808,"distorsion_tamano_documentada","",0.80952380952381,0.857142857142857,3.18350608396343,
"R4","sin_2020","F5_G3","G3",4,"yoy_pp","BENCH.ETS",21,7.33239801630616,3.50117944603087,1.04819000344878,TRUE,0.6808,"distorsion_tamano_documentada","",0.857142857142857,0.857142857142857,3.02612851457233,
"R4","sin_2020","F5_G3","G3",4,"yoy_pp","BENCH.MEDIA_CRECIMIENTO",21,5.69217168286924,2.80025471675573,0.813714345924653,TRUE,0.6808,"distorsion_tamano_documentada","",,,,
"R4","sin_2020","F5_G3","G3",4,"yoy_pp","BENCH.RW_CON_DERIVA",21,5.77448641686053,2.77890024087859,0.825481503287678,TRUE,0.6808,"distorsion_tamano_documentada","",0.904761904761905,0.952380952380952,2.5704142605593,
"R4","sin_2020","F5_G3","G3",4,"yoy_pp","BENCH.RW_SIN_DERIVA",21,6.99529473872188,4.80864362896166,1,TRUE,0.6404,"distorsion_tamano_documentada","",0.904761904761905,0.904761904761905,3.45876182750514,
"R4","sin_2020","F5_G3","G3",4,"yoy_pp","COMB.ECM_INV.G3",21,10.2695794196489,4.98155586094573,1.46806958151491,TRUE,0.5404,"distorsion_tamano_documentada","",,,,
"R4","sin_2020","F5_G3","G3",4,"yoy_pp","COMB.MEDIA.G3",21,10.2725459888692,4.99842038286607,1.46849366217643,TRUE,0.5404,"distorsion_tamano_documentada","",,,,
"R4","sin_2020","F5_G3","G3",4,"yoy_pp","COMB.MEDIANA.G3",21,6.74681266510713,3.32376419431439,0.96447868418763,TRUE,0.6808,"distorsion_tamano_documentada","",,,,
"R4","sin_2020","F5_G3","G3",4,"yoy_pp","COMB.RECORTADA.G3",21,7.85816174039624,3.5546001540653,1.12334962770018,TRUE,0.6808,"distorsion_tamano_documentada","",,,,
"R4","sin_2020","F5_G3","G3",4,"yoy_pp","MIX.PUENTE.G3",21,4.42362939356342,2.51537216493913,0.632372124233277,TRUE,1,"distorsion_tamano_documentada","",0.904761904761905,0.904761904761905,2.48272636224044,
"R4","sin_2020","F5_G3","G3",4,"yoy_pp","MIX.UMIDAS.G3",21,6.41367871506033,4.40622308992351,0.916856108943908,TRUE,0.6808,"distorsion_tamano_documentada","",0.904761904761905,0.952380952380952,3.53989852351883,
"R4","sin_2020","F5_G3","G3",4,"yoy_pp","ML.LGBM.G3",21,6.43455601283493,3.40503834520744,0.919840586161005,TRUE,0.6808,"distorsion_tamano_documentada","",0.80952380952381,0.904761904761905,3.44475242845391,
"R4","sin_2020","F5_G3","G3",4,"yoy_pp","ML.RF.G3",21,7.14396211921187,4.04339656656887,1.02125248271056,TRUE,0.5992,"distorsion_tamano_documentada","",0.857142857142857,0.904761904761905,3.90800806616069,
"R4","sin_2020","F5_G3","G3",4,"yoy_pp","MULT.BVAR.G3",21,16.9888401509053,6.02178840676664,2.42860962767801,TRUE,0.5404,"distorsion_tamano_documentada","",0.904761904761905,1,4.37450206301668,
"R4","sin_2020","F5_G3","G3",4,"yoy_pp","MULT.VAR_DIF.G3",21,12.3152801737827,4.77355515519299,1.76050911845251,TRUE,0.5992,"distorsion_tamano_documentada","",0.857142857142857,0.904761904761905,4.21555133269145,
"R4","sin_2020","F5_G3","G3",4,"yoy_pp","REG.ENET.G3",21,73.8718563376716,21.9670137406557,10.5602207050348,TRUE,0.366,"distorsion_tamano_documentada","",0.761904761904762,0.857142857142857,20.9834652473269,
"R4","sin_2020","F5_G3","G3",4,"yoy_pp","REG.PCR.G3",21,7.0137982853731,3.94873100848843,1.00264514181923,TRUE,0.6808,"distorsion_tamano_documentada","",0.80952380952381,0.952380952380952,3.66044838295275,
"R4","sin_2020","F5_G3","G3",4,"yoy_pp","UNI.ARIMA",21,6.90259843416392,3.82417139369841,0.986748763558904,TRUE,0.6758,"distorsion_tamano_documentada","",0.80952380952381,0.857142857142857,3.08868361249983,
"R4","sin_2020","F5_G3","G3",4,"yoy_pp","UNI.ARIMAX.G3",21,10.7794322028472,4.57953983477963,1.54095468532277,TRUE,0.5404,"distorsion_tamano_documentada","",0.857142857142857,0.904761904761905,4.35517329351336,
"R4","sin_2020","F5_G3","G3",4,"yoy_pp","UNI.UC_LLT",21,9.17755415927265,3.97327115450088,1.31196103982168,TRUE,0.6404,"distorsion_tamano_documentada","",0.857142857142857,0.857142857142857,3.50583543698355,
"R4","sin_2020","F5_G3","G3",8,"yoy_pp","BENCH.AR1",18,1.63908871570815,1.43268419740037,0.452944880428694,TRUE,0.5324,"distorsion_tamano_documentada","",0.944444444444444,1,1.3129626619663,
"R4","sin_2020","F5_G3","G3",8,"yoy_pp","BENCH.ARP_BIC",18,1.57766693716032,1.35265227923407,0.435971619693354,TRUE,1,"distorsion_tamano_documentada","",0.944444444444444,1,1.33618575687469,
"R4","sin_2020","F5_G3","G3",8,"yoy_pp","BENCH.ETS",18,2.28941270621979,1.79102399788431,0.632655056759778,TRUE,0.5324,"distorsion_tamano_documentada","",0.944444444444444,1,1.40156969078946,
"R4","sin_2020","F5_G3","G3",8,"yoy_pp","BENCH.MEDIA_CRECIMIENTO",18,1.61262507261848,1.36277405703186,0.445631931751732,TRUE,0.5324,"distorsion_tamano_documentada","",,,,
"R4","sin_2020","F5_G3","G3",8,"yoy_pp","BENCH.RW_CON_DERIVA",18,1.59265624063329,1.38659733517618,0.44011375562792,TRUE,0.5324,"distorsion_tamano_documentada","",0.944444444444444,1,1.40161654434376,
"R4","sin_2020","F5_G3","G3",8,"yoy_pp","BENCH.RW_SIN_DERIVA",18,3.6187377019403,3.37561056584571,1,TRUE,0.412,"distorsion_tamano_documentada","",0.888888888888889,0.944444444444444,2.24612856545253,
"R4","sin_2020","F5_G3","G3",8,"yoy_pp","COMB.ECM_INV.G3",18,8.58068978827881,4.26731087658383,2.37118312932104,TRUE,0.412,"distorsion_tamano_documentada","",,,,
"R4","sin_2020","F5_G3","G3",8,"yoy_pp","COMB.MEDIA.G3",18,8.56476617580815,4.17723585506408,2.36678280694837,TRUE,0.412,"distorsion_tamano_documentada","",,,,
"R4","sin_2020","F5_G3","G3",8,"yoy_pp","COMB.MEDIANA.G3",18,2.00668348982125,1.70988183838754,0.554525819526877,TRUE,0.5324,"distorsion_tamano_documentada","",,,,
"R4","sin_2020","F5_G3","G3",8,"yoy_pp","COMB.RECORTADA.G3",18,2.29892037690474,1.84670674158924,0.635282401283768,TRUE,0.5324,"distorsion_tamano_documentada","",,,,
"R4","sin_2020","F5_G3","G3",8,"yoy_pp","MIX.PUENTE.G3",18,1.82474139589013,1.54588679518405,0.504248040666705,TRUE,0.5324,"distorsion_tamano_documentada","",0.944444444444444,0.944444444444444,1.75285143727433,
"R4","sin_2020","F5_G3","G3",8,"yoy_pp","MIX.UMIDAS.G3",18,2.93097067405659,2.51534371130221,0.809942835172901,TRUE,0.5324,"distorsion_tamano_documentada","",0.888888888888889,0.888888888888889,2.6708709817965,
"R4","sin_2020","F5_G3","G3",8,"yoy_pp","ML.LGBM.G3",18,4.49207544322462,3.40302209047475,1.24133767440952,TRUE,0.412,"distorsion_tamano_documentada","",0.888888888888889,0.888888888888889,3.07062251566887,
"R4","sin_2020","F5_G3","G3",8,"yoy_pp","ML.RF.G3",18,3.75443827054068,2.77435868506374,1.03749942100739,TRUE,0.5324,"distorsion_tamano_documentada","",0.888888888888889,0.888888888888889,2.86958230602012,
"R4","sin_2020","F5_G3","G3",8,"yoy_pp","MULT.BVAR.G3",18,30.41752346346,8.85222100988997,8.40556181984417,TRUE,0.412,"distorsion_tamano_documentada","",0.888888888888889,0.944444444444444,9.2150992071643,
"R4","sin_2020","F5_G3","G3",8,"yoy_pp","MULT.VAR_DIF.G3",18,3.56763660352915,2.282291142433,0.985878750376478,TRUE,0.5324,"distorsion_tamano_documentada","",0.944444444444444,0.944444444444444,1.88861817944084,
"R4","sin_2020","F5_G3","G3",8,"yoy_pp","REG.ENET.G3",18,82.8983286988139,24.7955401816906,22.9080788735711,TRUE,0.2278,"distorsion_tamano_documentada","",0.833333333333333,0.833333333333333,24.3438845266789,
"R4","sin_2020","F5_G3","G3",8,"yoy_pp","REG.PCR.G3",18,5.0989419113975,3.07795858543261,1.40903882275401,TRUE,0.412,"distorsion_tamano_documentada","",0.888888888888889,0.888888888888889,3.28973161070338,
"R4","sin_2020","F5_G3","G3",8,"yoy_pp","UNI.ARIMA",18,1.75062794851243,1.51544374567063,0.483767571099109,TRUE,0.5324,"distorsion_tamano_documentada","",0.944444444444444,1,1.21599765561544,
"R4","sin_2020","F5_G3","G3",8,"yoy_pp","UNI.ARIMAX.G3",18,2.22896464635391,1.83315788017093,0.615950872913164,TRUE,0.5324,"distorsion_tamano_documentada","",0.888888888888889,0.944444444444444,1.93893357835659,
"R4","sin_2020","F5_G3","G3",8,"yoy_pp","UNI.UC_LLT",18,4.08359108231252,2.34095477177513,1.12845732922919,TRUE,0.5324,"distorsion_tamano_documentada","",0.888888888888889,0.944444444444444,1.85468417306814,
"R4","sin_2020_2021","F5_G3","G3",1,"yoy_pp","BENCH.AR1",17,0.978427272109648,0.759430942799512,0.751507566812518,TRUE,0.9596,,"n_bajo_calibracion",1,1,0.741792871346084,
"R4","sin_2020_2021","F5_G3","G3",1,"yoy_pp","BENCH.ARP_BIC",17,1.00266822991812,0.76407495009154,0.770126491017863,TRUE,0.9544,,"n_bajo_calibracion",1,1,0.753005392681608,"BENCH.RW_CON_DERIVA"
"R4","sin_2020_2021","F5_G3","G3",1,"yoy_pp","BENCH.ETS",17,0.970539943819846,0.794835448231399,0.745449490693135,TRUE,1,,"n_bajo_calibracion",1,1,0.736234857299458,
"R4","sin_2020_2021","F5_G3","G3",1,"yoy_pp","BENCH.MEDIA_CRECIMIENTO",17,1.42173314591035,1.23611035019931,1.09200065001873,TRUE,0.4452,,"n_bajo_calibracion",,,,
"R4","sin_2020_2021","F5_G3","G3",1,"yoy_pp","BENCH.RW_CON_DERIVA",17,1.00266822991812,0.76407495009154,0.770126491017863,TRUE,0.9544,,"n_bajo_calibracion",1,1,0.753005392681608,
"R4","sin_2020_2021","F5_G3","G3",1,"yoy_pp","BENCH.RW_SIN_DERIVA",17,1.30195265532668,1.03954292180478,1,TRUE,0.3628,,"n_bajo_calibracion",1,1,0.860545864598971,
"R4","sin_2020_2021","F5_G3","G3",1,"yoy_pp","COMB.ECM_INV.G3",17,1.03084243707113,0.744040826392269,0.791766453913394,TRUE,0.9544,,"n_bajo_calibracion",,,,
"R4","sin_2020_2021","F5_G3","G3",1,"yoy_pp","COMB.MEDIA.G3",17,1.02431805193091,0.739391826843944,0.786755223195034,TRUE,0.9544,,"n_bajo_calibracion",,,,
"R4","sin_2020_2021","F5_G3","G3",1,"yoy_pp","COMB.MEDIANA.G3",17,1.06095820651176,0.786647975956356,0.814897686310683,TRUE,0.8344,,"n_bajo_calibracion",,,,
"R4","sin_2020_2021","F5_G3","G3",1,"yoy_pp","COMB.RECORTADA.G3",17,1.02381375956847,0.732424338368495,0.786367887787427,TRUE,0.9544,,"n_bajo_calibracion",,,,
"R4","sin_2020_2021","F5_G3","G3",1,"yoy_pp","MIX.PUENTE.G3",17,1.17844898016383,0.889666599205869,0.905139657223669,TRUE,0.8344,,"n_bajo_calibracion",0.882352941176471,1,0.677168197048379,
"R4","sin_2020_2021","F5_G3","G3",1,"yoy_pp","MIX.UMIDAS.G3",17,2.20474143349318,1.7190760000786,1.69341137288896,TRUE,0.3118,,"n_bajo_calibracion",0.823529411764706,0.882352941176471,1.4828262959142,
"R4","sin_2020_2021","F5_G3","G3",1,"yoy_pp","ML.LGBM.G3",17,1.39556993940162,1.04891923084736,1.07190529063552,TRUE,0.3118,,"n_bajo_calibracion",0.823529411764706,0.941176470588235,1.24319425892717,
"R4","sin_2020_2021","F5_G3","G3",1,"yoy_pp","ML.RF.G3",17,1.39808817837353,1.00131012468114,1.07383949228379,TRUE,0.3724,,"n_bajo_calibracion",0.882352941176471,0.941176470588235,1.28586408345234,
"R4","sin_2020_2021","F5_G3","G3",1,"yoy_pp","MULT.BVAR.G3",17,0.994789300509507,0.81544892787309,0.764074865886656,TRUE,0.9596,,"n_bajo_calibracion",1,1,0.908225454000614,
"R4","sin_2020_2021","F5_G3","G3",1,"yoy_pp","MULT.VAR_DIF.G3",17,1.36762518041878,1.04938707178981,1.05044156162163,TRUE,0.4452,,"n_bajo_calibracion",1,1,0.940623277469004,
"R4","sin_2020_2021","F5_G3","G3",1,"yoy_pp","REG.ENET.G3",17,1.4751167033842,1.09084264888135,1.13300333721742,TRUE,0.34,,"n_bajo_calibracion",0.941176470588235,0.941176470588235,1.22741931012723,
"R4","sin_2020_2021","F5_G3","G3",1,"yoy_pp","REG.PCR.G3",17,1.54659660763233,1.13107851666117,1.18790541369131,TRUE,0.3118,,"n_bajo_calibracion",0.941176470588235,0.941176470588235,1.22523742616979,
"R4","sin_2020_2021","F5_G3","G3",1,"yoy_pp","UNI.ARIMA",17,1.08366904093492,0.885457273170086,0.832341357806915,TRUE,0.8344,,"n_bajo_calibracion",1,1,0.757963237841499,
"R4","sin_2020_2021","F5_G3","G3",1,"yoy_pp","UNI.ARIMAX.G3",17,1.05347132354919,0.807608609075228,0.809147183070849,TRUE,0.8344,,"n_bajo_calibracion",1,1,0.968202024872914,
"R4","sin_2020_2021","F5_G3","G3",1,"yoy_pp","UNI.UC_LLT",17,0.97461372150351,0.794946716221655,0.748578465980367,TRUE,0.9596,,"n_bajo_calibracion",1,1,0.733748823027462,
"R4","sin_2020_2021","F5_G3","G3",2,"yoy_pp","BENCH.AR1",17,1.14348620813112,1.01300228285395,0.573151227957077,TRUE,0.979,,"n_bajo_calibracion",1,1,0.932574810570674,
"R4","sin_2020_2021","F5_G3","G3",2,"yoy_pp","BENCH.ARP_BIC",17,1.13978697925597,0.994189522684523,0.571297058175922,TRUE,1,,"n_bajo_calibracion",1,1,0.994395229953802,
"R4","sin_2020_2021","F5_G3","G3",2,"yoy_pp","BENCH.ETS",17,1.16182882106781,1.02795331493166,0.582345122080023,TRUE,0.979,,"n_bajo_calibracion",1,1,0.888947938001245,
"R4","sin_2020_2021","F5_G3","G3",2,"yoy_pp","BENCH.MEDIA_CRECIMIENTO",17,1.42888667148572,1.24172697359351,0.716202910494248,TRUE,0.6844,,"n_bajo_calibracion",,,,
"R4","sin_2020_2021","F5_G3","G3",2,"yoy_pp","BENCH.RW_CON_DERIVA",17,1.139786979256,0.994189522684544,0.571297058175933,TRUE,0.979,,"n_bajo_calibracion",1,1,0.994395229953807,
"R4","sin_2020_2021","F5_G3","G3",2,"yoy_pp","BENCH.RW_SIN_DERIVA",17,1.99508637922129,1.73248784121571,1,FALSE,0.0212,,"n_bajo_calibracion",1,1,1.28456428686757,
"R4","sin_2020_2021","F5_G3","G3",2,"yoy_pp","COMB.ECM_INV.G3",17,1.372912654723,1.05154809833349,0.688146973996621,TRUE,0.6844,,"n_bajo_calibracion",,,,
"R4","sin_2020_2021","F5_G3","G3",2,"yoy_pp","COMB.MEDIA.G3",17,1.32344206117858,0.985312473655968,0.663350757622403,TRUE,0.803,,"n_bajo_calibracion",,,,
"R4","sin_2020_2021","F5_G3","G3",2,"yoy_pp","COMB.MEDIANA.G3",17,1.26703998985346,0.925959770453206,0.635080266724091,TRUE,0.848,,"n_bajo_calibracion",,,,
"R4","sin_2020_2021","F5_G3","G3",2,"yoy_pp","COMB.RECORTADA.G3",17,1.25517489820344,0.939635815981208,0.629133109862319,TRUE,0.8694,,"n_bajo_calibracion",,,,
"R4","sin_2020_2021","F5_G3","G3",2,"yoy_pp","MIX.PUENTE.G3",17,1.35974716274494,1.01227812499663,0.681548015618084,TRUE,0.848,,"n_bajo_calibracion",1,1,1.05706482272505,
"R4","sin_2020_2021","F5_G3","G3",2,"yoy_pp","MIX.UMIDAS.G3",17,3.69720611054393,3.22161737083372,1.85315590795974,FALSE,0.0212,,"n_bajo_calibracion",0.823529411764706,1,2.49761582928783,
"R4","sin_2020_2021","F5_G3","G3",2,"yoy_pp","ML.LGBM.G3",17,1.66274890037136,1.22522182787905,0.833422010038659,TRUE,0.4882,,"n_bajo_calibracion",0.882352941176471,1,1.67174191185903,
"R4","sin_2020_2021","F5_G3","G3",2,"yoy_pp","ML.RF.G3",17,1.78396538129888,1.48090539439436,0.894179520184578,TRUE,0.2212,,"n_bajo_calibracion",0.882352941176471,1,1.82405483888334,
"R4","sin_2020_2021","F5_G3","G3",2,"yoy_pp","MULT.BVAR.G3",17,1.19972989519475,0.943597997793453,0.601342331685419,TRUE,0.979,,"n_bajo_calibracion",1,1,1.19268495357841,
"R4","sin_2020_2021","F5_G3","G3",2,"yoy_pp","MULT.VAR_DIF.G3",17,1.26109077870156,0.97090196387012,0.632098335107567,TRUE,0.8832,,"n_bajo_calibracion",1,1,1.09814961040915,
"R4","sin_2020_2021","F5_G3","G3",2,"yoy_pp","REG.ENET.G3",17,2.76926022950568,1.66015970477178,1.38804026650042,TRUE,0.4882,,"n_bajo_calibracion",0.882352941176471,1,1.86948298033084,
"R4","sin_2020_2021","F5_G3","G3",2,"yoy_pp","REG.PCR.G3",17,1.53072414113139,1.10519474508312,0.767247051092019,TRUE,0.6844,,"n_bajo_calibracion",0.882352941176471,0.941176470588235,2.11426403907986,
"R4","sin_2020_2021","F5_G3","G3",2,"yoy_pp","UNI.ARIMA",17,1.48051628661567,1.26485121603801,0.742081296346446,TRUE,0.6844,,"n_bajo_calibracion",1,1,0.981005863369629,
"R4","sin_2020_2021","F5_G3","G3",2,"yoy_pp","UNI.ARIMAX.G3",17,1.18968871156493,0.958377424163213,0.596309374849865,TRUE,0.979,,"n_bajo_calibracion",1,1,1.30706633585217,
"R4","sin_2020_2021","F5_G3","G3",2,"yoy_pp","UNI.UC_LLT",17,1.15854234085094,1.02849886241524,0.580697834899326,TRUE,0.979,,"n_bajo_calibracion",1,1,0.891790796190428,
"R4","sin_2020_2021","F5_G3","G3",4,"yoy_pp","BENCH.AR1",17,1.4333459836897,1.24307128100759,0.417214003054802,TRUE,0.6912,"distorsion_tamano_documentada","n_bajo_calibracion",1,1,1.25012302249656,
"R4","sin_2020_2021","F5_G3","G3",4,"yoy_pp","BENCH.ARP_BIC",17,2.00036634370525,1.4763538407955,0.582260570253247,TRUE,0.5798,"distorsion_tamano_documentada","n_bajo_calibracion",0.941176470588235,1,1.53400846514142,
"R4","sin_2020_2021","F5_G3","G3",4,"yoy_pp","BENCH.ETS",17,1.64563235713805,1.35797072902385,0.479005676989925,TRUE,0.6912,"distorsion_tamano_documentada","n_bajo_calibracion",1,1,1.18551783568498,
"R4","sin_2020_2021","F5_G3","G3",4,"yoy_pp","BENCH.MEDIA_CRECIMIENTO",17,1.45664413966621,1.26638697973432,0.423995559656881,TRUE,0.6912,"distorsion_tamano_documentada","n_bajo_calibracion",,,,
"R4","sin_2020_2021","F5_G3","G3",4,"yoy_pp","BENCH.RW_CON_DERIVA",17,1.40605724014904,1.22596334104061,0.409270878323935,TRUE,0.6912,"distorsion_tamano_documentada","n_bajo_calibracion",1,1,1.3686069189128,
"R4","sin_2020_2021","F5_G3","G3",4,"yoy_pp","BENCH.RW_SIN_DERIVA",17,3.43551743995857,3.22583596146526,1,TRUE,0.5798,"distorsion_tamano_documentada","n_bajo_calibracion",1,1,2.09297348011603,
"R4","sin_2020_2021","F5_G3","G3",4,"yoy_pp","COMB.ECM_INV.G3",17,6.89193734163421,2.88838730534552,2.00608422518074,TRUE,0.5798,"distorsion_tamano_documentada","n_bajo_calibracion",,,,
"R4","sin_2020_2021","F5_G3","G3",4,"yoy_pp","COMB.MEDIA.G3",17,6.89739651579322,2.90921995007065,2.00767326504283,TRUE,0.5798,"distorsion_tamano_documentada","n_bajo_calibracion",,,,
"R4","sin_2020_2021","F5_G3","G3",4,"yoy_pp","COMB.MEDIANA.G3",17,1.5828358320599,1.32090654831306,0.460727054868042,TRUE,0.5798,"distorsion_tamano_documentada","n_bajo_calibracion",,,,
"R4","sin_2020_2021","F5_G3","G3",4,"yoy_pp","COMB.RECORTADA.G3",17,1.53958027203687,1.28034747047565,0.448136357606567,TRUE,0.6912,"distorsion_tamano_documentada","n_bajo_calibracion",,,,
"R4","sin_2020_2021","F5_G3","G3",4,"yoy_pp","MIX.PUENTE.G3",17,1.27858124162267,1.09382282439625,0.372165551177669,TRUE,1,"distorsion_tamano_documentada","n_bajo_calibracion",1,1,1.5238449191142,
"R4","sin_2020_2021","F5_G3","G3",4,"yoy_pp","MIX.UMIDAS.G3",17,3.52988108910069,2.96051190950199,1.02746708488351,TRUE,0.5798,"distorsion_tamano_documentada","n_bajo_calibracion",1,1,2.57557489451665,
"R4","sin_2020_2021","F5_G3","G3",4,"yoy_pp","ML.LGBM.G3",17,2.16939842147074,1.79431390722867,0.6314619149472,TRUE,0.5798,"distorsion_tamano_documentada","n_bajo_calibracion",0.882352941176471,0.941176470588235,2.40149954881842,
"R4","sin_2020_2021","F5_G3","G3",4,"yoy_pp","ML.RF.G3",17,2.48780530918308,2.08968776364606,0.724142826418918,TRUE,0.5798,"distorsion_tamano_documentada","n_bajo_calibracion",0.941176470588235,0.941176470588235,2.60745944441332,
"R4","sin_2020_2021","F5_G3","G3",4,"yoy_pp","MULT.BVAR.G3",17,2.10375091659363,1.64099605804254,0.612353438269549,TRUE,0.5798,"distorsion_tamano_documentada","n_bajo_calibracion",1,1,1.68149871066875,
"R4","sin_2020_2021","F5_G3","G3",4,"yoy_pp","MULT.VAR_DIF.G3",17,1.5783632017929,1.43462946146089,0.459425175210851,TRUE,0.6912,"distorsion_tamano_documentada","n_bajo_calibracion",1,1,1.39497783311062,
"R4","sin_2020_2021","F5_G3","G3",4,"yoy_pp","REG.ENET.G3",17,81.7298729965354,24.2956129515709,23.7896836284205,TRUE,0.1944,"distorsion_tamano_documentada","n_bajo_calibracion",0.823529411764706,0.882352941176471,23.7193235947205,
"R4","sin_2020_2021","F5_G3","G3",4,"yoy_pp","REG.PCR.G3",17,3.64430160350192,2.45904113513303,1.06077226129461,TRUE,0.5798,"distorsion_tamano_documentada","n_bajo_calibracion",0.882352941176471,1,2.62046542038398,
"R4","sin_2020_2021","F5_G3","G3",4,"yoy_pp","UNI.ARIMA",17,2.18861379372307,1.84252919555414,0.637055067241767,TRUE,0.5798,"distorsion_tamano_documentada","n_bajo_calibracion",0.941176470588235,1,1.32666946224443,
"R4","sin_2020_2021","F5_G3","G3",4,"yoy_pp","UNI.ARIMAX.G3",17,2.011980306854,1.52163582674002,0.585641127433272,TRUE,0.5798,"distorsion_tamano_documentada","n_bajo_calibracion",1,1,1.93974042685589,
"R4","sin_2020_2021","F5_G3","G3",4,"yoy_pp","UNI.UC_LLT",17,1.60607230442318,1.33293102852802,0.467490656791004,TRUE,0.6912,"distorsion_tamano_documentada","n_bajo_calibracion",1,1,1.18826648183698,
"R4","sin_2020_2021","F5_G3","G3",8,"yoy_pp","BENCH.AR1",17,1.46253278392059,1.31322322126466,0.42570960837219,TRUE,0.513,"distorsion_tamano_documentada","n_bajo_calibracion",1,1,1.25053162153913,
"R4","sin_2020_2021","F5_G3","G3",8,"yoy_pp","BENCH.ARP_BIC",17,1.39786899492231,1.23201297031001,0.406887468729941,TRUE,1,"distorsion_tamano_documentada","n_bajo_calibracion",1,1,1.28174364784884,
"R4","sin_2020_2021","F5_G3","G3",8,"yoy_pp","BENCH.ETS",17,2.20600680509373,1.69589910396751,0.642117772256262,TRUE,0.513,"distorsion_tamano_documentada","n_bajo_calibracion",1,1,1.34829367404209,
"R4","sin_2020_2021","F5_G3","G3",8,"yoy_pp","BENCH.MEDIA_CRECIMIENTO",17,1.43051941213122,1.23898396482545,0.416391253175671,TRUE,0.513,"distorsion_tamano_documentada","n_bajo_calibracion",,,,
"R4","sin_2020_2021","F5_G3","G3",8,"yoy_pp","BENCH.RW_CON_DERIVA",17,1.41575210131356,1.2679547942487,0.412092829117072,TRUE,0.513,"distorsion_tamano_documentada","n_bajo_calibracion",1,1,1.35102330516902,
"R4","sin_2020_2021","F5_G3","G3",8,"yoy_pp","BENCH.RW_SIN_DERIVA",17,3.43551743995857,3.22583596146526,1,TRUE,0.4168,"distorsion_tamano_documentada","n_bajo_calibracion",0.941176470588235,1,2.1141577585071,
"R4","sin_2020_2021","F5_G3","G3",8,"yoy_pp","COMB.ECM_INV.G3",17,8.78729527124276,4.3093045606613,2.55777926464222,TRUE,0.4168,"distorsion_tamano_documentada","n_bajo_calibracion",,,,
"R4","sin_2020_2021","F5_G3","G3",8,"yoy_pp","COMB.MEDIA.G3",17,8.77083124504106,4.21393100846392,2.55298696581404,TRUE,0.4168,"distorsion_tamano_documentada","n_bajo_calibracion",,,,
"R4","sin_2020_2021","F5_G3","G3",8,"yoy_pp","COMB.MEDIANA.G3",17,1.88446215397139,1.60574662611333,0.548523530124799,TRUE,0.513,"distorsion_tamano_documentada","n_bajo_calibracion",,,,
"R4","sin_2020_2021","F5_G3","G3",8,"yoy_pp","COMB.RECORTADA.G3",17,2.20340134442181,1.74656678923415,0.641359382663587,TRUE,0.513,"distorsion_tamano_documentada","n_bajo_calibracion",,,,
"R4","sin_2020_2021","F5_G3","G3",8,"yoy_pp","MIX.PUENTE.G3",17,1.63291551206048,1.41201660120605,0.475304096281977,TRUE,0.513,"distorsion_tamano_documentada","n_bajo_calibracion",1,1,1.6746012855839,
"R4","sin_2020_2021","F5_G3","G3",8,"yoy_pp","MIX.UMIDAS.G3",17,2.92497935193444,2.48501029848896,0.85139412127965,TRUE,0.513,"distorsion_tamano_documentada","n_bajo_calibracion",0.941176470588235,0.941176470588235,2.68124522079266,
"R4","sin_2020_2021","F5_G3","G3",8,"yoy_pp","ML.LGBM.G3",17,4.53210870082336,3.3828101892144,1.31919245936881,TRUE,0.4168,"distorsion_tamano_documentada","n_bajo_calibracion",0.941176470588235,0.941176470588235,3.04911913785772,
"R4","sin_2020_2021","F5_G3","G3",8,"yoy_pp","ML.RF.G3",17,3.76829864652493,2.73105926156,1.09686494462109,TRUE,0.513,"distorsion_tamano_documentada","n_bajo_calibracion",0.941176470588235,0.941176470588235,2.84769036971825,
"R4","sin_2020_2021","F5_G3","G3",8,"yoy_pp","MULT.BVAR.G3",17,31.2868909155609,9.15856890545722,9.10689334644688,TRUE,0.4168,"distorsion_tamano_documentada","n_bajo_calibracion",0.941176470588235,1,9.58005952549408,
"R4","sin_2020_2021","F5_G3","G3",8,"yoy_pp","MULT.VAR_DIF.G3",17,3.55408279754667,2.19356452042281,1.03451164479885,TRUE,0.513,"distorsion_tamano_documentada","n_bajo_calibracion",1,1,1.83713793312728,
"R4","sin_2020_2021","F5_G3","G3",8,"yoy_pp","REG.ENET.G3",17,85.2970337234307,26.0382513572826,24.8280019572421,TRUE,0.2138,"distorsion_tamano_documentada","n_bajo_calibracion",0.882352941176471,0.882352941176471,25.5778301887442,
"R4","sin_2020_2021","F5_G3","G3",8,"yoy_pp","REG.PCR.G3",17,5.18235730684085,3.06023241754407,1.50846485206704,TRUE,0.4168,"distorsion_tamano_documentada","n_bajo_calibracion",0.941176470588235,0.941176470588235,3.30571668676285,
"R4","sin_2020_2021","F5_G3","G3",8,"yoy_pp","UNI.ARIMA",17,1.60111387421539,1.40438040536053,0.466047371959986,TRUE,0.513,"distorsion_tamano_documentada","n_bajo_calibracion",1,1,1.15450733747763,
"R4","sin_2020_2021","F5_G3","G3",8,"yoy_pp","UNI.ARIMAX.G3",17,2.11925302460063,1.72826303634515,0.616865744866132,TRUE,0.513,"distorsion_tamano_documentada","n_bajo_calibracion",0.941176470588235,1,1.88081124975094,
"R4","sin_2020_2021","F5_G3","G3",8,"yoy_pp","UNI.UC_LLT",17,4.11662727315558,2.27429089321484,1.19825538513501,TRUE,0.513,"distorsion_tamano_documentada","n_bajo_calibracion",0.941176470588235,0.941176470588235,1.82395005433552,
"R5","completa","F5_G2_R5","G2",1,"yoy_pp","BENCH.AR1",45,5.4011316642231,1.98524800547363,1.31326981019382,TRUE,0.7392,,"",0.866666666666667,0.911111111111111,1.9275089701846,
"R5","completa","F5_G2_R5","G2",1,"yoy_pp","BENCH.ARP_BIC",45,5.89007973788273,2.44312921711038,1.43215614435653,TRUE,0.476,,"",0.822222222222222,0.866666666666667,2.31167558564243,
"R5","completa","F5_G2_R5","G2",1,"yoy_pp","BENCH.ETS",45,5.05983451219102,2.05061380661859,1.23028437789307,TRUE,0.7392,,"",0.844444444444444,0.888888888888889,1.88087724259632,
"R5","completa","F5_G2_R5","G2",1,"yoy_pp","BENCH.MEDIA_CRECIMIENTO",45,5.71661567847156,2.58476123974942,1.38997885142229,TRUE,0.7392,,"",,,,
"R5","completa","F5_G2_R5","G2",1,"yoy_pp","BENCH.RW_CON_DERIVA",45,4.09196721627346,1.60221569950463,0.994950196276649,TRUE,0.7392,,"",0.866666666666667,0.933333333333333,1.5382347305967,
"R5","completa","F5_G2_R5","G2",1,"yoy_pp","BENCH.RW_SIN_DERIVA",45,4.11273572444794,1.82648412787444,1,TRUE,0.7392,,"",0.866666666666667,0.911111111111111,1.6096741777642,
"R5","completa","F5_G2_R5","G2",1,"yoy_pp","COMB.ECM_INV.G2",45,3.0872993481977,1.23918230972382,0.750668060154075,TRUE,0.7392,,"",,,,
"R5","completa","F5_G2_R5","G2",1,"yoy_pp","COMB.MEDIA.G2",45,4.49410513818914,1.84441484671897,1.09272888882069,TRUE,0.7392,,"",,,,
"R5","completa","F5_G2_R5","G2",1,"yoy_pp","COMB.MEDIANA.G2",45,5.0196526307062,1.94653756782665,1.2205142676363,TRUE,0.7392,,"",,,,
"R5","completa","F5_G2_R5","G2",1,"yoy_pp","COMB.RECORTADA.G2",45,4.49410513818914,1.84441484671897,1.09272888882069,TRUE,0.7392,,"",,,,"COMB.MEDIA.G2"
"R5","completa","F5_G2_R5","G2",1,"yoy_pp","MIX.PUENTE.G2",45,1.03960154258584,0.769755786946998,0.252776159772676,TRUE,1,,"",0.933333333333333,0.955555555555556,0.57536244782967,
"R5","completa","F5_G2_R5","G2",1,"yoy_pp","ML.RF.G2",45,4.9420057167085,1.9249071904094,1.20163464122701,TRUE,0.7392,,"",0.822222222222222,0.866666666666667,1.92460946476836,
"R5","completa","F5_G2_R5","G2",1,"yoy_pp","MULT.VAR_DIF.G2",45,5.12882719090351,2.09109793975264,1.24705975159441,TRUE,0.7154,,"",0.844444444444444,0.911111111111111,1.87805695088661,
"R5","completa","F5_G2_R5","G2",1,"yoy_pp","REG.ENET.G2",45,4.40800152072834,1.85932301338984,1.07179303900448,TRUE,0.7392,,"",0.822222222222222,0.866666666666667,1.75369337712539,
"R5","completa","F5_G2_R5","G2",1,"yoy_pp","UNI.ARIMA",45,4.75475504319889,2.07129761973369,1.15610517226636,TRUE,0.7392,,"",0.844444444444444,0.888888888888889,1.86647588790437,
"R5","completa","F5_G2_R5","G2",1,"yoy_pp","UNI.ARIMAX.G2",45,5.53255698234121,2.29032896181601,1.34522550268747,TRUE,0.4886,,"",0.777777777777778,0.866666666666667,2.19177721619569,
"R5","completa","F5_G2_R5","G2",1,"yoy_pp","UNI.ARIMAX_IVAE.G2",45,5.76183741438956,2.39238914424282,1.40097438795754,TRUE,0.4914,,"",0.822222222222222,0.866666666666667,2.24484407161693,
"R5","completa","F5_G2_R5","G2",1,"yoy_pp","UNI.UC_LLT",45,5.53865075334304,2.12142826572267,1.34670718578362,TRUE,0.7392,,"",0.866666666666667,0.888888888888889,1.9744876321604,
"R5","completa","F5_G2_R5","G2",2,"yoy_pp","BENCH.AR1",44,7.14660175262468,2.63933294552394,1.3194700026652,TRUE,0.7026,,"",0.886363636363636,0.886363636363636,2.5245528677097,
"R5","completa","F5_G2_R5","G2",2,"yoy_pp","BENCH.ARP_BIC",44,7.59887516412247,3.07616976058256,1.40297279463975,TRUE,0.465,,"",0.840909090909091,0.863636363636364,2.96001528844212,
"R5","completa","F5_G2_R5","G2",2,"yoy_pp","BENCH.ETS",44,7.12361227351317,2.83414802182389,1.31522547790861,TRUE,0.6794,,"",0.840909090909091,0.863636363636364,2.57774182755414,
"R5","completa","F5_G2_R5","G2",2,"yoy_pp","BENCH.MEDIA_CRECIMIENTO",44,5.82843930401955,2.67424465069487,1.0760989754584,TRUE,0.7846,,"",,,,
"R5","completa","F5_G2_R5","G2",2,"yoy_pp","BENCH.RW_CON_DERIVA",44,5.34605133629659,2.15145537122142,0.987036162797364,TRUE,0.7846,,"",0.886363636363636,0.931818181818182,2.12020204704947,
"R5","completa","F5_G2_R5","G2",2,"yoy_pp","BENCH.RW_SIN_DERIVA",44,5.41626693914165,2.81093539861337,1,TRUE,0.7846,,"",0.886363636363636,0.909090909090909,2.29845431582324,
"R5","completa","F5_G2_R5","G2",2,"yoy_pp","COMB.ECM_INV.G2",44,6.22639381253883,2.54768942292825,1.14957292218053,TRUE,0.7846,,"",,,,
"R5","completa","F5_G2_R5","G2",2,"yoy_pp","COMB.MEDIA.G2",44,6.27812656046464,2.5955120968328,1.15912428818724,TRUE,0.7766,,"",,,,
"R5","completa","F5_G2_R5","G2",2,"yoy_pp","COMB.MEDIANA.G2",44,6.29707214128094,2.56475367159145,1.16262219200719,TRUE,0.7846,,"",,,,
"R5","completa","F5_G2_R5","G2",2,"yoy_pp","COMB.RECORTADA.G2",44,6.27812656046464,2.5955120968328,1.15912428818724,TRUE,0.7766,,"",,,,"COMB.MEDIA.G2"
"R5","completa","F5_G2_R5","G2",2,"yoy_pp","MIX.PUENTE.G2",44,4.27105768626363,1.71751548050192,0.788561150005006,TRUE,1,,"",0.909090909090909,0.931818181818182,1.65122817932644,
"R5","completa","F5_G2_R5","G2",2,"yoy_pp","ML.RF.G2",44,5.61353961407584,2.65129786866292,1.03642225856864,TRUE,0.7846,,"",0.772727272727273,0.909090909090909,2.46400466546373,
"R5","completa","F5_G2_R5","G2",2,"yoy_pp","MULT.VAR_DIF.G2",44,7.45070943702922,2.87788507322772,1.37561710320909,TRUE,0.6794,,"",0.840909090909091,0.863636363636364,2.67546668077491,
"R5","completa","F5_G2_R5","G2",2,"yoy_pp","REG.ENET.G2",44,5.86610456051378,2.79807799954363,1.08305307445638,TRUE,0.7846,,"",0.795454545454545,0.909090909090909,2.4834384394839,
"R5","completa","F5_G2_R5","G2",2,"yoy_pp","UNI.ARIMA",44,5.98979351270527,2.87304483489648,1.1058896431819,TRUE,0.7026,,"",0.863636363636364,0.863636363636364,2.52635614609871,
"R5","completa","F5_G2_R5","G2",2,"yoy_pp","UNI.ARIMAX.G2",44,7.32602243561045,2.91003983076156,1.35259626564334,TRUE,0.5056,,"",0.840909090909091,0.863636363636364,2.84563353523486,
"R5","completa","F5_G2_R5","G2",2,"yoy_pp","UNI.ARIMAX_IVAE.G2",44,7.60649120612568,2.99882155525803,1.40437893693089,TRUE,0.5522,,"",0.840909090909091,0.863636363636364,2.903962588719,
"R5","completa","F5_G2_R5","G2",2,"yoy_pp","UNI.UC_LLT",44,8.28924409527883,3.00904982115363,1.53043492656817,TRUE,0.6794,,"",0.863636363636364,0.863636363636364,2.78556886251478,
"R5","completa","F5_G2_R5","G2",4,"yoy_pp","BENCH.AR1",42,8.48579793077013,3.38732189555566,1.32628703992161,TRUE,0.6092,"distorsion_tamano_documentada","",0.857142857142857,0.880952380952381,3.11116995333759,
"R5","completa","F5_G2_R5","G2",4,"yoy_pp","BENCH.ARP_BIC",42,8.67895917133169,3.59880643671636,1.3564771589961,TRUE,0.5116,"distorsion_tamano_documentada","",0.833333333333333,0.857142857142857,3.39769142969462,
"R5","completa","F5_G2_R5","G2",4,"yoy_pp","BENCH.ETS",42,9.78328356978259,3.72328769665721,1.52907744355198,TRUE,0.577,"distorsion_tamano_documentada","",0.80952380952381,0.857142857142857,3.33585867427032,
"R5","completa","F5_G2_R5","G2",4,"yoy_pp","BENCH.MEDIA_CRECIMIENTO",42,5.95593139483952,2.77565360020834,0.930881772590243,TRUE,0.6092,"distorsion_tamano_documentada","",,,,
"R5","completa","F5_G2_R5","G2",4,"yoy_pp","BENCH.RW_CON_DERIVA",42,6.05300459416509,2.7494952436589,0.946053819725891,TRUE,0.6092,"distorsion_tamano_documentada","",0.880952380952381,0.904761904761905,2.642757103431,
"R5","completa","F5_G2_R5","G2",4,"yoy_pp","BENCH.RW_SIN_DERIVA",42,6.39816093752349,4.21970454699667,1,TRUE,0.6092,"distorsion_tamano_documentada","",0.880952380952381,0.928571428571429,3.10146002119649,
"R5","completa","F5_G2_R5","G2",4,"yoy_pp","COMB.ECM_INV.G2",42,7.76056112484353,3.46052471035216,1.2129362172386,TRUE,0.59,"distorsion_tamano_documentada","",,,,
"R5","completa","F5_G2_R5","G2",4,"yoy_pp","COMB.MEDIA.G2",42,7.74856826229253,3.43397743259154,1.21106179384286,TRUE,0.5922,"distorsion_tamano_documentada","",,,,
"R5","completa","F5_G2_R5","G2",4,"yoy_pp","COMB.MEDIANA.G2",42,7.45441305167215,3.28487768817285,1.16508683111643,TRUE,0.6092,"distorsion_tamano_documentada","",,,,
"R5","completa","F5_G2_R5","G2",4,"yoy_pp","COMB.RECORTADA.G2",42,7.74856826229253,3.43397743259154,1.21106179384286,TRUE,0.5922,"distorsion_tamano_documentada","",,,,"COMB.MEDIA.G2"
"R5","completa","F5_G2_R5","G2",4,"yoy_pp","MIX.PUENTE.G2",42,5.5015416729217,2.56223195104209,0.859862971038543,TRUE,1,"distorsion_tamano_documentada","",0.857142857142857,0.904761904761905,2.56480391604272,
"R5","completa","F5_G2_R5","G2",4,"yoy_pp","ML.RF.G2",42,6.56950260656803,3.47563030642847,1.02677983106671,TRUE,0.6092,"distorsion_tamano_documentada","",0.761904761904762,0.880952380952381,3.14506360691475,
"R5","completa","F5_G2_R5","G2",4,"yoy_pp","MULT.VAR_DIF.G2",42,9.34074954311034,3.62146921141906,1.45991162684411,TRUE,0.5922,"distorsion_tamano_documentada","",0.857142857142857,0.880952380952381,3.21392664264737,
"R5","completa","F5_G2_R5","G2",4,"yoy_pp","REG.ENET.G2",42,6.26977680337661,3.22426379437034,0.979934213065204,TRUE,0.6092,"distorsion_tamano_documentada","",0.761904761904762,0.857142857142857,2.85455312831034,
"R5","completa","F5_G2_R5","G2",4,"yoy_pp","UNI.ARIMA",42,6.80439836814488,3.80787420053995,1.06349284342613,TRUE,0.6092,"distorsion_tamano_documentada","",0.833333333333333,0.857142857142857,3.12722610440755,
"R5","completa","F5_G2_R5","G2",4,"yoy_pp","UNI.ARIMAX.G2",42,8.69985966468596,3.55370179637403,1.3597437997634,TRUE,0.4852,"distorsion_tamano_documentada","",0.80952380952381,0.857142857142857,3.39081455396864,
"R5","completa","F5_G2_R5","G2",4,"yoy_pp","UNI.ARIMAX_IVAE.G2",42,8.97424036255853,3.57994715772105,1.40262810676221,TRUE,0.5332,"distorsion_tamano_documentada","",0.80952380952381,0.857142857142857,3.42584342796467,
"R5","completa","F5_G2_R5","G2",4,"yoy_pp","UNI.UC_LLT",42,12.4599876172907,4.19062383446898,1.94743266681778,TRUE,0.5734,"distorsion_tamano_documentada","",0.80952380952381,0.880952380952381,3.79512136564535,
"R5","completa","F5_G2_R5","G2",8,"yoy_pp","BENCH.AR1",38,6.2110918388222,3.0324931022746,0.932833664520406,TRUE,0.791,"distorsion_tamano_documentada","",0.815789473684211,0.868421052631579,2.84882717082166,
"R5","completa","F5_G2_R5","G2",8,"yoy_pp","BENCH.ARP_BIC",38,6.21825869913745,3.03937785010596,0.93391004347993,TRUE,0.791,"distorsion_tamano_documentada","",0.842105263157895,0.894736842105263,2.87699400993753,
"R5","completa","F5_G2_R5","G2",8,"yoy_pp","BENCH.ETS",38,8.02992099463874,3.69634706080161,1.20600062301745,TRUE,0.662,"distorsion_tamano_documentada","",0.789473684210526,0.815789473684211,3.32038206949606,
"R5","completa","F5_G2_R5","G2",8,"yoy_pp","BENCH.MEDIA_CRECIMIENTO",38,6.15763026607591,2.89343941451084,0.924804358866893,TRUE,1,"distorsion_tamano_documentada","",,,,
"R5","completa","F5_G2_R5","G2",8,"yoy_pp","BENCH.RW_CON_DERIVA",38,6.15789097992848,2.87033685932684,0.924843515051473,TRUE,0.9862,"distorsion_tamano_documentada","",0.842105263157895,0.894736842105263,2.86087964131311,
"R5","completa","F5_G2_R5","G2",8,"yoy_pp","BENCH.RW_SIN_DERIVA",38,6.6583058427844,4.39149449524012,1,TRUE,0.662,"distorsion_tamano_documentada","",0.842105263157895,0.868421052631579,3.38155820778104,
"R5","completa","F5_G2_R5","G2",8,"yoy_pp","COMB.ECM_INV.G2",38,6.34890308742714,3.16549566167449,0.953531309215458,TRUE,0.662,"distorsion_tamano_documentada","",,,,
"R5","completa","F5_G2_R5","G2",8,"yoy_pp","COMB.MEDIA.G2",38,6.36104829500335,3.18807481691521,0.955355377959517,TRUE,0.662,"distorsion_tamano_documentada","",,,,
"R5","completa","F5_G2_R5","G2",8,"yoy_pp","COMB.MEDIANA.G2",38,6.15935937231936,2.92420608632873,0.925064050488797,TRUE,0.9862,"distorsion_tamano_documentada","",,,,
"R5","completa","F5_G2_R5","G2",8,"yoy_pp","COMB.RECORTADA.G2",38,6.36104829500335,3.18807481691521,0.955355377959517,TRUE,0.662,"distorsion_tamano_documentada","",,,,"COMB.MEDIA.G2"
"R5","completa","F5_G2_R5","G2",8,"yoy_pp","MIX.PUENTE.G2",38,6.1584048885325,2.83574192389659,0.924920698139206,TRUE,0.9862,"distorsion_tamano_documentada","",0.842105263157895,0.894736842105263,2.91964036780833,
"R5","completa","F5_G2_R5","G2",8,"yoy_pp","ML.RF.G2",38,6.33529880851111,3.25242026823843,0.951488104947397,TRUE,0.791,"distorsion_tamano_documentada","",0.789473684210526,0.815789473684211,3.3485991425576,
"R5","completa","F5_G2_R5","G2",8,"yoy_pp","MULT.VAR_DIF.G2",38,6.40959530628132,3.21545234683716,0.962646573711749,TRUE,0.662,"distorsion_tamano_documentada","",0.842105263157895,0.868421052631579,2.89629680579686,
"R5","completa","F5_G2_R5","G2",8,"yoy_pp","REG.ENET.G2",38,6.34985425782086,3.41657442128199,0.953674163931985,TRUE,0.662,"distorsion_tamano_documentada","",0.789473684210526,0.815789473684211,3.40635779810215,
"R5","completa","F5_G2_R5","G2",8,"yoy_pp","UNI.ARIMA",38,6.46327028644547,3.69149852674885,0.970707930674245,TRUE,0.662,"distorsion_tamano_documentada","",0.815789473684211,0.842105263157895,3.0943791265828,
"R5","completa","F5_G2_R5","G2",8,"yoy_pp","UNI.ARIMAX.G2",38,6.23097488414964,2.9945132205768,0.935819866385703,TRUE,0.791,"distorsion_tamano_documentada","",0.815789473684211,0.868421052631579,2.87302163857092,
"R5","completa","F5_G2_R5","G2",8,"yoy_pp","UNI.ARIMAX_IVAE.G2",38,6.24225501989628,3.04177302774152,0.937514011414933,TRUE,0.791,"distorsion_tamano_documentada","",0.815789473684211,0.868421052631579,2.88343402189073,
"R5","completa","F5_G2_R5","G2",8,"yoy_pp","UNI.UC_LLT",38,10.3345296646838,4.26272013201071,1.55212600753138,TRUE,0.5378,"distorsion_tamano_documentada","",0.789473684210526,0.815789473684211,3.78271982617965,
"R5","completa","F5_G3_R5","G3",1,"yoy_pp","BENCH.AR1",25,7.20946929143345,3.14560233702377,1.32789634332526,TRUE,0.7068,,"",0.84,0.84,3.09566512085168,
"R5","completa","F5_G3_R5","G3",1,"yoy_pp","BENCH.ARP_BIC",25,7.86123170513928,3.8780775640961,1.44794303343395,TRUE,0.3942,,"",0.76,0.76,3.74666393977272,
"R5","completa","F5_G3_R5","G3",1,"yoy_pp","BENCH.ETS",25,6.75704590265946,3.30062033442224,1.24456547120383,TRUE,0.6976,,"",0.76,0.8,3.02987645232206,
"R5","completa","F5_G3_R5","G3",1,"yoy_pp","BENCH.MEDIA_CRECIMIENTO",25,7.63048389388663,4.10042176786438,1.40544209995237,TRUE,0.7068,,"",,,,
"R5","completa","F5_G3_R5","G3",1,"yoy_pp","BENCH.RW_CON_DERIVA",25,5.43056584590216,2.36443323240574,1.00024401761849,TRUE,0.7068,,"",0.84,0.88,2.3544704006904,
"R5","completa","F5_G3_R5","G3",1,"yoy_pp","BENCH.RW_SIN_DERIVA",25,5.42924101543936,2.625262648047,1,TRUE,0.7068,,"",0.84,0.88,2.40205034603578,
"R5","completa","F5_G3_R5","G3",1,"yoy_pp","COMB.ECM_INV.G3",25,6.44422774771249,2.95372437905444,1.18694818104165,TRUE,0.7068,,"",,,,
"R5","completa","F5_G3_R5","G3",1,"yoy_pp","COMB.MEDIA.G3",25,6.44374445109835,2.93908702013071,1.18685916369784,TRUE,0.7068,,"",,,,
"R5","completa","F5_G3_R5","G3",1,"yoy_pp","COMB.MEDIANA.G3",25,6.79836857066494,3.094890916252,1.25217660283125,TRUE,0.7068,,"",,,,
"R5","completa","F5_G3_R5","G3",1,"yoy_pp","COMB.RECORTADA.G3",25,6.44374445109835,2.93908702013071,1.18685916369784,TRUE,0.7068,,"",,,,"COMB.MEDIA.G3"
"R5","completa","F5_G3_R5","G3",1,"yoy_pp","MIX.PUENTE.G3",25,1.40627005316174,1.0134825897922,0.259017798097869,TRUE,1,,"",0.88,0.92,0.775865422222139,
"R5","completa","F5_G3_R5","G3",1,"yoy_pp","ML.RF.G3",25,6.385845167902,2.94388523091691,1.17619482165966,TRUE,0.7068,,"",0.8,0.88,2.98301534017507,
"R5","completa","F5_G3_R5","G3",1,"yoy_pp","MULT.VAR_DIF.G3",25,6.8351673579647,3.2789528687575,1.25895449078927,TRUE,0.7068,,"",0.8,0.84,2.97712145575354,
"R5","completa","F5_G3_R5","G3",1,"yoy_pp","REG.ENET.G3",25,12.4544349009636,5.56115280286848,2.2939550603015,TRUE,0.5024,,"",0.72,0.84,4.93925295649769,
"R5","completa","F5_G3_R5","G3",1,"yoy_pp","UNI.ARIMA",25,6.33017614415513,3.24509962593438,1.16594126622004,TRUE,0.7068,,"",0.8,0.8,2.95775523682939,
"R5","completa","F5_G3_R5","G3",1,"yoy_pp","UNI.ARIMAX.G3",25,7.65552962731222,3.86412951296269,1.41005521868377,TRUE,0.3378,,"",0.76,0.76,3.66594801328674,
"R5","completa","F5_G3_R5","G3",1,"yoy_pp","UNI.UC_LLT",25,7.39963349953337,3.41285783136735,1.36292227191438,TRUE,0.6972,,"",0.8,0.8,3.19203966024001,
"R5","completa","F5_G3_R5","G3",2,"yoy_pp","BENCH.AR1",24,9.63828106409505,4.3306703790886,1.33620946767673,TRUE,0.7956,,"",0.833333333333333,0.833333333333333,4.16333120208416,
"R5","completa","F5_G3_R5","G3",2,"yoy_pp","BENCH.ARP_BIC",24,10.2483743105356,5.07682230454128,1.42079014826056,TRUE,0.4486,,"",0.75,0.75,4.90510002603959,
"R5","completa","F5_G3_R5","G3",2,"yoy_pp","BENCH.ETS",24,9.61124251766578,4.73850221158429,1.33246096091595,TRUE,0.7852,,"",0.75,0.791666666666667,4.27822962148482,
"R5","completa","F5_G3_R5","G3",2,"yoy_pp","BENCH.MEDIA_CRECIMIENTO",24,7.8330633926902,4.21569417757846,1.08594192228066,TRUE,0.7956,,"",,,,
"R5","completa","F5_G3_R5","G3",2,"yoy_pp","BENCH.RW_CON_DERIVA",24,7.18083129458199,3.38151259071253,0.995519294135742,TRUE,0.7956,,"",0.833333333333333,0.875,3.36544241681974,
"R5","completa","F5_G3_R5","G3",2,"yoy_pp","BENCH.RW_SIN_DERIVA",24,7.21315130392929,4.06957873769734,1,TRUE,0.7956,,"",0.833333333333333,0.833333333333333,3.49870047480778,
"R5","completa","F5_G3_R5","G3",2,"yoy_pp","COMB.ECM_INV.G3",24,8.04774079401418,4.2314358567347,1.11570386574731,TRUE,0.7956,,"",,,,
"R5","completa","F5_G3_R5","G3",2,"yoy_pp","COMB.MEDIA.G3",24,8.0512125908837,4.27182829822745,1.1161851806017,TRUE,0.7956,,"",,,,
"R5","completa","F5_G3_R5","G3",2,"yoy_pp","COMB.MEDIANA.G3",24,7.77560722520229,4.12523732683782,1.07797644851379,TRUE,0.7956,,"",,,,
"R5","completa","F5_G3_R5","G3",2,"yoy_pp","COMB.RECORTADA.G3",24,8.0512125908837,4.27182829822745,1.1161851806017,TRUE,0.7956,,"",,,,"COMB.MEDIA.G3"
"R5","completa","F5_G3_R5","G3",2,"yoy_pp","MIX.PUENTE.G3",24,5.61170858273643,2.49456164514326,0.777982929552511,TRUE,1,,"",0.833333333333333,0.916666666666667,2.38325292878973,
"R5","completa","F5_G3_R5","G3",2,"yoy_pp","ML.RF.G3",24,7.84688733479803,4.61020093914218,1.08785841363448,TRUE,0.7956,,"",0.75,0.875,4.22479539470866,
"R5","completa","F5_G3_R5","G3",2,"yoy_pp","MULT.VAR_DIF.G3",24,10.0444715341527,4.6724085223794,1.39252195204627,TRUE,0.7028,,"",0.791666666666667,0.791666666666667,4.40016346329217,
"R5","completa","F5_G3_R5","G3",2,"yoy_pp","REG.ENET.G3",24,9.83740996325814,5.41867767798948,1.36381583426641,TRUE,0.7956,,"",0.791666666666667,0.833333333333333,4.87539761114277,
"R5","completa","F5_G3_R5","G3",2,"yoy_pp","UNI.ARIMA",24,8.06228642059607,4.73437273255199,1.11772040830534,TRUE,0.7956,,"",0.791666666666667,0.791666666666667,4.1499492390188,
"R5","completa","F5_G3_R5","G3",2,"yoy_pp","UNI.ARIMAX.G3",24,10.1291909350713,4.98556977594434,1.40426708220491,TRUE,0.5634,,"",0.75,0.75,4.82706375237316,
"R5","completa","F5_G3_R5","G3",2,"yoy_pp","UNI.UC_LLT",24,11.1940378072526,5.05720985191941,1.55189283235398,TRUE,0.6324,,"",0.791666666666667,0.791666666666667,4.65798040116193,
"R5","completa","F5_G3_R5","G3",4,"yoy_pp","BENCH.AR1",22,10.2075818320401,4.21014390249975,1.48966284170058,TRUE,0.5848,"distorsion_tamano_documentada","",0.863636363636364,0.863636363636364,3.87190709980679,
"R5","completa","F5_G3_R5","G3",4,"yoy_pp","BENCH.ARP_BIC",22,10.4769236341114,4.59914120737076,1.52896974914097,TRUE,0.5848,"distorsion_tamano_documentada","",0.772727272727273,0.818181818181818,4.33934582719768,
"R5","completa","F5_G3_R5","G3",4,"yoy_pp","BENCH.ETS",22,12.21529295627,4.94965476346448,1.78266197781785,TRUE,0.5848,"distorsion_tamano_documentada","",0.772727272727273,0.818181818181818,4.33489281819364,
"R5","completa","F5_G3_R5","G3",4,"yoy_pp","BENCH.MEDIA_CRECIMIENTO",22,5.84050696000519,3.01908155534338,0.85234547595828,TRUE,0.5848,"distorsion_tamano_documentada","",,,,
"R5","completa","F5_G3_R5","G3",4,"yoy_pp","BENCH.RW_CON_DERIVA",22,5.99265001246742,2.97772892971565,0.8745487612814,TRUE,0.5848,"distorsion_tamano_documentada","",0.863636363636364,0.909090909090909,2.89810756796714,
"R5","completa","F5_G3_R5","G3",4,"yoy_pp","BENCH.RW_SIN_DERIVA",22,6.85227659997701,4.72617529025111,1,TRUE,0.5848,"distorsion_tamano_documentada","",0.909090909090909,0.954545454545455,3.43401438839748,
"R5","completa","F5_G3_R5","G3",4,"yoy_pp","COMB.ECM_INV.G3",22,9.34273224213434,4.63969411852934,1.36344937420735,TRUE,0.5848,"distorsion_tamano_documentada","",,,,
"R5","completa","F5_G3_R5","G3",4,"yoy_pp","COMB.MEDIA.G3",22,9.34976587284237,4.67780432100565,1.36447584046355,TRUE,0.5848,"distorsion_tamano_documentada","",,,,
"R5","completa","F5_G3_R5","G3",4,"yoy_pp","COMB.MEDIANA.G3",22,7.2494154037187,3.68745424832087,1.05795720560128,TRUE,0.5848,"distorsion_tamano_documentada","",,,,
"R5","completa","F5_G3_R5","G3",4,"yoy_pp","COMB.RECORTADA.G3",22,9.34976587284237,4.67780432100565,1.36447584046355,TRUE,0.5848,"distorsion_tamano_documentada","",,,,"COMB.MEDIA.G3"
"R5","completa","F5_G3_R5","G3",4,"yoy_pp","MIX.PUENTE.G3",22,4.67782537640064,2.63645711186774,0.682667330798691,TRUE,1,"distorsion_tamano_documentada","",0.863636363636364,0.863636363636364,2.5973630763854,
"R5","completa","F5_G3_R5","G3",4,"yoy_pp","ML.RF.G3",22,7.6295084401692,4.34767189307536,1.11342680477825,TRUE,0.5848,"distorsion_tamano_documentada","",0.681818181818182,0.818181818181818,4.15333450820407,
"R5","completa","F5_G3_R5","G3",4,"yoy_pp","MULT.VAR_DIF.G3",22,11.5390486443488,4.65316663584317,1.68397297978127,TRUE,0.5848,"distorsion_tamano_documentada","",0.818181818181818,0.863636363636364,4.05471989902959,
"R5","completa","F5_G3_R5","G3",4,"yoy_pp","REG.ENET.G3",22,25.9627083561177,9.92012168194644,3.7889171543666,TRUE,0.5848,"distorsion_tamano_documentada","",0.681818181818182,0.727272727272727,9.71812979889773,
"R5","completa","F5_G3_R5","G3",4,"yoy_pp","UNI.ARIMA",22,7.39598356128196,5.03021539855535,1.07934690804904,TRUE,0.5848,"distorsion_tamano_documentada","",0.818181818181818,0.818181818181818,3.87228245335362,
"R5","completa","F5_G3_R5","G3",4,"yoy_pp","UNI.ARIMAX.G3",22,10.8780834669542,4.63483395290641,1.58751377126118,TRUE,0.5848,"distorsion_tamano_documentada","",0.818181818181818,0.863636363636364,4.43067348263961,
"R5","completa","F5_G3_R5","G3",4,"yoy_pp","UNI.UC_LLT",22,16.2145762289735,5.8290528859915,2.36630497797299,TRUE,0.5848,"distorsion_tamano_documentada","",0.772727272727273,0.863636363636364,5.20027028233568,
"R5","completa","F5_G3_R5","G3",8,"yoy_pp","BENCH.AR1",18,2.11871863650539,1.73734686566142,0.591384311797334,TRUE,0.488,"distorsion_tamano_documentada","",0.944444444444444,1,1.70491916676804,
"R5","completa","F5_G3_R5","G3",8,"yoy_pp","BENCH.ARP_BIC",18,2.12373055296048,1.81178146030103,0.592783255815908,TRUE,0.488,"distorsion_tamano_documentada","",0.944444444444444,1,1.76480570515523,
"R5","completa","F5_G3_R5","G3",8,"yoy_pp","BENCH.ETS",18,7.68841344540229,3.16361923195555,2.14601741632013,TRUE,0.488,"distorsion_tamano_documentada","",0.888888888888889,0.888888888888889,2.7019117945593,
"R5","completa","F5_G3_R5","G3",8,"yoy_pp","BENCH.MEDIA_CRECIMIENTO",18,1.74637288062292,1.4694420718367,0.487453834763154,TRUE,0.5736,"distorsion_tamano_documentada","",,,,
"R5","completa","F5_G3_R5","G3",8,"yoy_pp","BENCH.RW_CON_DERIVA",18,1.71259402040781,1.45491714643398,0.478025358675099,TRUE,1,"distorsion_tamano_documentada","",0.944444444444444,1,1.73078648250367,
"R5","completa","F5_G3_R5","G3",8,"yoy_pp","BENCH.RW_SIN_DERIVA",18,3.58264261367736,3.38076639174846,1,TRUE,0.488,"distorsion_tamano_documentada","",0.888888888888889,0.944444444444444,2.38800130911267,
"R5","completa","F5_G3_R5","G3",8,"yoy_pp","COMB.ECM_INV.G3",18,9.40503358311266,5.3418204945392,2.62516655923404,TRUE,0.4256,"distorsion_tamano_documentada","",,,,
"R5","completa","F5_G3_R5","G3",8,"yoy_pp","COMB.MEDIA.G3",18,9.39426177239601,5.29538138469861,2.62215989296052,TRUE,0.488,"distorsion_tamano_documentada","",,,,
"R5","completa","F5_G3_R5","G3",8,"yoy_pp","COMB.MEDIANA.G3",18,1.81366904462919,1.47316617564251,0.506237780376195,TRUE,0.5454,"distorsion_tamano_documentada","",,,,
"R5","completa","F5_G3_R5","G3",8,"yoy_pp","COMB.RECORTADA.G3",18,9.39426177239601,5.29538138469861,2.62215989296052,TRUE,0.488,"distorsion_tamano_documentada","",,,,"COMB.MEDIA.G3"
"R5","completa","F5_G3_R5","G3",8,"yoy_pp","MIX.PUENTE.G3",18,1.71636709381367,1.4134454069908,0.479078512397842,TRUE,0.815,"distorsion_tamano_documentada","",0.944444444444444,0.944444444444444,1.72358319788982,
"R5","completa","F5_G3_R5","G3",8,"yoy_pp","ML.RF.G3",18,4.08577289044852,2.84846465899199,1.14043551953811,TRUE,0.488,"distorsion_tamano_documentada","",0.888888888888889,0.944444444444444,2.88089900867863,
"R5","completa","F5_G3_R5","G3",8,"yoy_pp","MULT.VAR_DIF.G3",18,3.12490855186754,2.11572095879218,0.872235634092459,TRUE,0.488,"distorsion_tamano_documentada","",0.944444444444444,1,1.80000468502121,
"R5","completa","F5_G3_R5","G3",8,"yoy_pp","REG.ENET.G3",18,56.6252880619903,26.5631010704949,15.8054526136136,TRUE,0.1352,"distorsion_tamano_documentada","",0.666666666666667,0.777777777777778,23.7903124785141,
"R5","completa","F5_G3_R5","G3",8,"yoy_pp","UNI.ARIMA",18,3.34156321808799,3.18448576979346,0.932709058204967,TRUE,0.488,"distorsion_tamano_documentada","",0.944444444444444,0.944444444444444,2.179834379709,
"R5","completa","F5_G3_R5","G3",8,"yoy_pp","UNI.ARIMAX.G3",18,2.23814627206108,1.78161506821732,0.624719379911512,TRUE,0.488,"distorsion_tamano_documentada","",0.944444444444444,0.944444444444444,1.93997023815275,
"R5","completa","F5_G3_R5","G3",8,"yoy_pp","UNI.UC_LLT",18,12.1835806586105,4.36766513276967,3.40072454118017,TRUE,0.488,"distorsion_tamano_documentada","",0.888888888888889,0.888888888888889,3.67552247303243,
"R6","completa","F5_G1_R6","G1",1,"yoy_pp","BENCH.AR1",52,4.61701806892025,1.68052301303411,1.19556057722889,TRUE,0.7712,,"",0.903846153846154,0.923076923076923,1.55446146970653,
"R6","completa","F5_G1_R6","G1",1,"yoy_pp","BENCH.ARP_BIC",52,4.43750965126151,1.82265333192711,1.14907750433858,TRUE,0.7712,,"",0.884615384615385,0.884615384615385,1.66335640051498,
"R6","completa","F5_G1_R6","G1",1,"yoy_pp","BENCH.ETS",52,4.21888652723759,1.65024041250832,1.09246581591719,TRUE,0.7712,,"",0.903846153846154,0.903846153846154,1.4780700613595,
"R6","completa","F5_G1_R6","G1",1,"yoy_pp","BENCH.MEDIA_CRECIMIENTO",52,5.30289866993551,2.29986072353316,1.37316694458965,TRUE,0.7712,,"",,,,
"R6","completa","F5_G1_R6","G1",1,"yoy_pp","BENCH.RW_CON_DERIVA",52,3.82466391857626,1.42050858449263,0.990383259052076,TRUE,0.7712,,"",0.923076923076923,0.923076923076923,1.30280359341846,
"R6","completa","F5_G1_R6","G1",1,"yoy_pp","BENCH.RW_SIN_DERIVA",52,3.86180186672073,1.64212793985159,1,TRUE,0.7712,,"",0.865384615384615,0.942307692307692,1.39890302860448,
"R6","completa","F5_G1_R6","G1",1,"yoy_pp","COMB.ECM_INV.G1",52,4.22017548126742,1.58314063515341,1.09279958602615,TRUE,0.7712,,"",,,,
"R6","completa","F5_G1_R6","G1",1,"yoy_pp","COMB.MEDIA.G1",52,4.31105220466194,1.61445131397626,1.11633179366675,TRUE,0.7712,,"",,,,
"R6","completa","F5_G1_R6","G1",1,"yoy_pp","COMB.MEDIANA.G1",52,4.50128244444788,1.65441295126815,1.16559124465652,TRUE,0.7712,,"",,,,
"R6","completa","F5_G1_R6","G1",1,"yoy_pp","COMB.RECORTADA.G1",52,4.31105220466194,1.61445131397626,1.11633179366675,TRUE,0.7712,,"",,,,"COMB.MEDIA.G1"
"R6","completa","F5_G1_R6","G1",1,"yoy_pp","MIX.PUENTE.G1",52,2.9922075522383,1.21732994508974,0.774821613201806,TRUE,1,,"",0.865384615384615,0.923076923076923,1.02564869338096,
"R6","completa","F5_G1_R6","G1",1,"yoy_pp","ML.RF.G1",52,4.33828612452483,1.55720850216279,1.12338392135294,TRUE,0.7712,,"",0.788461538461538,0.884615384615385,1.59076602946888,
"R6","completa","F5_G1_R6","G1",1,"yoy_pp","MULT.VAR_DIF.G1",52,4.94359840090637,1.7726221057707,1.28012740464706,TRUE,0.7712,,"",0.884615384615385,0.923076923076923,1.64742151218757,
"R6","completa","F5_G1_R6","G1",1,"yoy_pp","REG.ENET.G1",52,5.03006632369643,1.7120177335468,1.30251796888993,TRUE,0.7582,,"",0.788461538461538,0.884615384615385,1.70604309855152,
"R6","completa","F5_G1_R6","G1",1,"yoy_pp","UNI.ARIMA",52,4.83331549484384,1.92459930021633,1.25157003431356,TRUE,0.7132,,"",0.903846153846154,0.903846153846154,1.68698474740784,
"R6","completa","F5_G1_R6","G1",1,"yoy_pp","UNI.ARIMAX.G1",52,4.48066467598834,1.70083529617929,1.16025234608764,TRUE,0.7712,,"",0.865384615384615,0.903846153846154,1.5402030267235,
"R6","completa","F5_G1_R6","G1",1,"yoy_pp","UNI.UC_LLT",52,4.52373572508919,1.71265909455433,1.17140544264394,TRUE,0.7712,,"",0.903846153846154,0.903846153846154,1.54714732750007,
"R6","completa","F5_G1_R6","G1",2,"yoy_pp","BENCH.AR1",51,5.8449169396855,2.19364395507595,1.15669191932686,TRUE,0.7544,,"",0.901960784313726,0.901960784313726,2.03063654305566,
"R6","completa","F5_G1_R6","G1",2,"yoy_pp","BENCH.ARP_BIC",51,5.42192023316192,2.31277115809415,1.07298211174762,TRUE,0.7544,,"",0.862745098039216,0.882352941176471,2.15161294812098,
"R6","completa","F5_G1_R6","G1",2,"yoy_pp","BENCH.ETS",51,5.57741948714734,2.23991905267487,1.1037549580348,TRUE,0.7812,,"",0.882352941176471,0.882352941176471,2.01310756795114,
"R6","completa","F5_G1_R6","G1",2,"yoy_pp","BENCH.MEDIA_CRECIMIENTO",51,5.37335927117906,2.33426028346304,1.06337203979964,TRUE,0.8284,,"",,,,
"R6","completa","F5_G1_R6","G1",2,"yoy_pp","BENCH.RW_CON_DERIVA",51,4.93165408628959,1.93140344918483,0.97595987922343,TRUE,0.8284,,"",0.901960784313726,0.92156862745098,1.80931555573419,
"R6","completa","F5_G1_R6","G1",2,"yoy_pp","BENCH.RW_SIN_DERIVA",51,5.05313198962001,2.57965912399492,1,TRUE,0.8284,,"",0.901960784313726,0.92156862745098,2.04334296902093,
"R6","completa","F5_G1_R6","G1",2,"yoy_pp","COMB.ECM_INV.G1",51,5.42820129389761,2.25447811336225,1.07422511524497,TRUE,0.805,,"",,,,
"R6","completa","F5_G1_R6","G1",2,"yoy_pp","COMB.MEDIA.G1",51,5.42587891645176,2.22773740017744,1.07376552355993,TRUE,0.805,,"",,,,
"R6","completa","F5_G1_R6","G1",2,"yoy_pp","COMB.MEDIANA.G1",51,5.50842161659009,2.20182212218092,1.09010048182104,TRUE,0.805,,"",,,,
"R6","completa","F5_G1_R6","G1",2,"yoy_pp","COMB.RECORTADA.G1",51,5.42587891645176,2.22773740017744,1.07376552355993,TRUE,0.805,,"",,,,"COMB.MEDIA.G1"
"R6","completa","F5_G1_R6","G1",2,"yoy_pp","MIX.PUENTE.G1",51,4.38401830058586,1.85634677753257,0.867584363438632,TRUE,1,,"",0.901960784313726,0.901960784313726,1.64429072455497,
"R6","completa","F5_G1_R6","G1",2,"yoy_pp","ML.RF.G1",51,5.02249814713863,2.21663774614703,0.993937652421448,TRUE,0.8284,,"",0.823529411764706,0.901960784313726,2.06814639323754,
"R6","completa","F5_G1_R6","G1",2,"yoy_pp","MULT.VAR_DIF.G1",51,6.72435833670076,2.39178892362156,1.33073079241028,TRUE,0.7168,,"",0.882352941176471,0.901960784313726,2.23343945520992,
"R6","completa","F5_G1_R6","G1",2,"yoy_pp","REG.ENET.G1",51,4.76398112537648,2.31041198947251,0.942777892040522,TRUE,0.8284,,"",0.823529411764706,0.941176470588235,1.94261878294066,
"R6","completa","F5_G1_R6","G1",2,"yoy_pp","UNI.ARIMA",51,6.35010827683412,2.58441404819804,1.25666780323141,TRUE,0.6338,,"",0.862745098039216,0.901960784313726,2.27218070317405,
"R6","completa","F5_G1_R6","G1",2,"yoy_pp","UNI.ARIMAX.G1",51,5.56412978920249,2.1978594023443,1.10112496578996,TRUE,0.7614,,"",0.882352941176471,0.882352941176471,2.01985951659282,
"R6","completa","F5_G1_R6","G1",2,"yoy_pp","UNI.UC_LLT",51,6.286585242694,2.36953886001868,1.244096781087,TRUE,0.7168,,"",0.882352941176471,0.882352941176471,2.14998227090127,
"R6","completa","F5_G1_R6","G1",4,"yoy_pp","BENCH.AR1",49,6.58995276411812,2.69184210008227,1.10330748554469,TRUE,0.7134,"distorsion_tamano_documentada","",0.877551020408163,0.897959183673469,2.46420188425013,
"R6","completa","F5_G1_R6","G1",4,"yoy_pp","BENCH.ARP_BIC",49,5.90390328816724,2.70809601319853,0.988447250674413,TRUE,0.7134,"distorsion_tamano_documentada","",0.836734693877551,0.877551020408163,2.50721231905359,
"R6","completa","F5_G1_R6","G1",4,"yoy_pp","BENCH.ETS",49,6.74266219380481,2.81934844999428,1.12887450596462,TRUE,0.5894,"distorsion_tamano_documentada","",0.857142857142857,0.877551020408163,2.51758633724633,
"R6","completa","F5_G1_R6","G1",4,"yoy_pp","BENCH.MEDIA_CRECIMIENTO",49,5.47755237218125,2.41228920039433,0.91706644205353,TRUE,0.7134,"distorsion_tamano_documentada","",,,,
"R6","completa","F5_G1_R6","G1",4,"yoy_pp","BENCH.RW_CON_DERIVA",49,5.52698566116436,2.41422237691052,0.925342695271478,TRUE,0.7134,"distorsion_tamano_documentada","",0.877551020408163,0.918367346938776,2.24078012587916,
"R6","completa","F5_G1_R6","G1",4,"yoy_pp","BENCH.RW_SIN_DERIVA",49,5.97290678297606,3.86595365233953,1,TRUE,0.7134,"distorsion_tamano_documentada","",0.918367346938776,0.918367346938776,2.79770169582938,
"R6","completa","F5_G1_R6","G1",4,"yoy_pp","COMB.ECM_INV.G1",49,6.344738084636,2.83257196668562,1.06225298923461,TRUE,0.6744,"distorsion_tamano_documentada","",,,,
"R6","completa","F5_G1_R6","G1",4,"yoy_pp","COMB.MEDIA.G1",49,6.34535123873615,2.78558168744856,1.06235564513105,TRUE,0.7134,"distorsion_tamano_documentada","",,,,
"R6","completa","F5_G1_R6","G1",4,"yoy_pp","COMB.MEDIANA.G1",49,6.15967068392758,2.71130668671827,1.0312685109173,TRUE,0.7134,"distorsion_tamano_documentada","",,,,
"R6","completa","F5_G1_R6","G1",4,"yoy_pp","COMB.RECORTADA.G1",49,6.34535123873615,2.78558168744856,1.06235564513105,TRUE,0.7134,"distorsion_tamano_documentada","",,,,"COMB.MEDIA.G1"
"R6","completa","F5_G1_R6","G1",4,"yoy_pp","MIX.PUENTE.G1",49,4.94633963516625,2.45078694392568,0.828129387397151,TRUE,1,"distorsion_tamano_documentada","",0.857142857142857,0.897959183673469,2.11867772986525,
"R6","completa","F5_G1_R6","G1",4,"yoy_pp","ML.RF.G1",49,5.8263297208474,2.86671562117673,0.975459676928755,TRUE,0.7134,"distorsion_tamano_documentada","",0.775510204081633,0.877551020408163,2.6294577723463,
"R6","completa","F5_G1_R6","G1",4,"yoy_pp","MULT.VAR_DIF.G1",49,8.03054899761936,3.04269251994887,1.34449595304383,TRUE,0.5894,"distorsion_tamano_documentada","",0.857142857142857,0.897959183673469,2.72243992803244,
"R6","completa","F5_G1_R6","G1",4,"yoy_pp","REG.ENET.G1",49,5.00734925351818,2.73286226534215,0.83834378058437,TRUE,0.7134,"distorsion_tamano_documentada","",0.857142857142857,0.877551020408163,2.24450514255781,
"R6","completa","F5_G1_R6","G1",4,"yoy_pp","UNI.ARIMA",49,7.20611873814988,3.07741283477767,1.20646763794954,TRUE,0.5552,"distorsion_tamano_documentada","",0.836734693877551,0.877551020408163,2.66856865426956,
"R6","completa","F5_G1_R6","G1",4,"yoy_pp","UNI.ARIMAX.G1",49,6.18664680308775,2.71012145369003,1.03578492480761,TRUE,0.7134,"distorsion_tamano_documentada","",0.857142857142857,0.877551020408163,2.37738599470248,
"R6","completa","F5_G1_R6","G1",4,"yoy_pp","UNI.UC_LLT",49,8.3602076782772,3.09206204133051,1.39968828947832,TRUE,0.5894,"distorsion_tamano_documentada","",0.857142857142857,0.877551020408163,2.78866709487178,
"R6","completa","F5_G1_R6","G1",8,"yoy_pp","BENCH.AR1",45,5.65899035944583,2.50307702048167,0.913099936601246,TRUE,0.8848,"distorsion_tamano_documentada","",0.844444444444444,0.888888888888889,2.34355406449379,
"R6","completa","F5_G1_R6","G1",8,"yoy_pp","BENCH.ARP_BIC",45,5.65453131162201,2.4670944094326,0.912380452024208,TRUE,1,"distorsion_tamano_documentada","",0.844444444444444,0.888888888888889,2.3577257894853,
"R6","completa","F5_G1_R6","G1",8,"yoy_pp","BENCH.ETS",45,5.92931135588169,2.7636901528086,0.956717272738878,TRUE,0.4284,"distorsion_tamano_documentada","",0.822222222222222,0.866666666666667,2.47249550269175,
"R6","completa","F5_G1_R6","G1",8,"yoy_pp","BENCH.MEDIA_CRECIMIENTO",45,5.6558596502632,2.47154944996813,0.912594784590974,TRUE,0.8848,"distorsion_tamano_documentada","",,,,
"R6","completa","F5_G1_R6","G1",8,"yoy_pp","BENCH.RW_CON_DERIVA",45,5.65624661006292,2.47960306321869,0.912657222048215,TRUE,0.8848,"distorsion_tamano_documentada","",0.844444444444444,0.888888888888889,2.38356059338016,
"R6","completa","F5_G1_R6","G1",8,"yoy_pp","BENCH.RW_SIN_DERIVA",45,6.19755859419924,4.05598611863954,1,TRUE,0.3438,"distorsion_tamano_documentada","",0.866666666666667,0.888888888888889,3.01686918204885,
"R6","completa","F5_G1_R6","G1",8,"yoy_pp","COMB.ECM_INV.G1",45,5.71354528763663,2.60501943803177,0.921902584831447,TRUE,0.722,"distorsion_tamano_documentada","",,,,
"R6","completa","F5_G1_R6","G1",8,"yoy_pp","COMB.MEDIA.G1",45,5.71905793693107,2.63295029291217,0.922792072072375,TRUE,0.7128,"distorsion_tamano_documentada","",,,,
"R6","completa","F5_G1_R6","G1",8,"yoy_pp","COMB.MEDIANA.G1",45,5.66761423014739,2.56088582596145,0.914491431424649,TRUE,0.8848,"distorsion_tamano_documentada","",,,,
"R6","completa","F5_G1_R6","G1",8,"yoy_pp","COMB.RECORTADA.G1",45,5.71905793693107,2.63295029291217,0.922792072072375,TRUE,0.7128,"distorsion_tamano_documentada","",,,,"COMB.MEDIA.G1"
"R6","completa","F5_G1_R6","G1",8,"yoy_pp","MIX.PUENTE.G1",45,5.66401166715889,2.54627932401481,0.913910143981578,TRUE,0.8848,"distorsion_tamano_documentada","",0.844444444444444,0.888888888888889,2.41202038351248,
"R6","completa","F5_G1_R6","G1",8,"yoy_pp","ML.RF.G1",45,5.67758071410154,2.66164211684557,0.916099562078463,TRUE,0.8848,"distorsion_tamano_documentada","",0.8,0.844444444444444,2.86644814948299,
"R6","completa","F5_G1_R6","G1",8,"yoy_pp","MULT.VAR_DIF.G1",45,5.70172925101238,2.62654704152783,0.919996021715561,TRUE,0.722,"distorsion_tamano_documentada","",0.844444444444444,0.888888888888889,2.39301828165338,
"R6","completa","F5_G1_R6","G1",8,"yoy_pp","REG.ENET.G1",45,5.7626174075636,2.72192512196635,0.929820560786189,TRUE,0.6646,"distorsion_tamano_documentada","",0.8,0.822222222222222,2.85315306000861,
"R6","completa","F5_G1_R6","G1",8,"yoy_pp","UNI.ARIMA",45,5.67840651836743,2.53728121000394,0.916232808784136,TRUE,0.7918,"distorsion_tamano_documentada","",0.844444444444444,0.888888888888889,2.31713556877484,
"R6","completa","F5_G1_R6","G1",8,"yoy_pp","UNI.ARIMAX.G1",45,5.68263304214767,2.59694801785341,0.916914774709265,TRUE,0.7918,"distorsion_tamano_documentada","",0.822222222222222,0.866666666666667,2.36314017339363,
"R6","completa","F5_G1_R6","G1",8,"yoy_pp","UNI.UC_LLT",45,6.86788423987446,3.09372372579176,1.10815963019739,TRUE,0.4824,"distorsion_tamano_documentada","",0.822222222222222,0.866666666666667,2.76421611958437,
"R6","completa","F5_G2_R6","G2",1,"yoy_pp","BENCH.AR1",45,4.95523663827714,1.85462803166067,1.19719408996957,TRUE,0.7012,,"",0.888888888888889,0.911111111111111,1.72753269003175,
"R6","completa","F5_G2_R6","G2",1,"yoy_pp","BENCH.ARP_BIC",45,4.76223614095914,2.01824547598674,1.15056482246588,TRUE,0.7012,,"",0.866666666666667,0.866666666666667,1.85396492882932,
"R6","completa","F5_G2_R6","G2",1,"yoy_pp","BENCH.ETS",45,4.52585548968584,1.8157967590727,1.09345483169338,TRUE,0.7012,,"",0.888888888888889,0.888888888888889,1.63727182818452,
"R6","completa","F5_G2_R6","G2",1,"yoy_pp","BENCH.MEDIA_CRECIMIENTO",45,5.67599622549365,2.47991515308713,1.37133090342446,TRUE,0.7012,,"",,,,
"R6","completa","F5_G2_R6","G2",1,"yoy_pp","BENCH.RW_CON_DERIVA",45,4.10217129883033,1.55354487895134,0.991091968659235,TRUE,0.7012,,"",0.911111111111111,0.911111111111111,1.43732612951779,
"R6","completa","F5_G2_R6","G2",1,"yoy_pp","BENCH.RW_SIN_DERIVA",45,4.13904201481908,1.80218744395309,1,TRUE,0.7012,,"",0.866666666666667,0.933333333333333,1.53938302533042,
"R6","completa","F5_G2_R6","G2",1,"yoy_pp","COMB.ECM_INV.G2",45,3.77250485338087,1.48833793568502,0.911443962123147,TRUE,0.7012,,"",,,,
"R6","completa","F5_G2_R6","G2",1,"yoy_pp","COMB.MEDIA.G2",45,4.69086056460053,1.83560463458252,1.13332035475981,TRUE,0.7012,,"",,,,
"R6","completa","F5_G2_R6","G2",1,"yoy_pp","COMB.MEDIANA.G2",45,4.91757178055664,1.86769993876101,1.18809419255716,TRUE,0.7012,,"",,,,
"R6","completa","F5_G2_R6","G2",1,"yoy_pp","COMB.RECORTADA.G2",45,4.69086056460053,1.83560463458252,1.13332035475981,TRUE,0.7012,,"",,,,"COMB.MEDIA.G2"
"R6","completa","F5_G2_R6","G2",1,"yoy_pp","MIX.PUENTE.G2",45,1.62433774746853,0.978684098848031,0.392442923181955,TRUE,1,,"",0.888888888888889,0.933333333333333,0.759465639771596,
"R6","completa","F5_G2_R6","G2",1,"yoy_pp","ML.RF.G2",45,4.67529934023389,1.80791172351237,1.1295607349466,TRUE,0.7012,,"",0.844444444444444,0.888888888888889,1.81714202198089,
"R6","completa","F5_G2_R6","G2",1,"yoy_pp","MULT.VAR_DIF.G2",45,5.73323018876801,2.16159715372477,1.38515873195808,TRUE,0.7012,,"",0.844444444444444,0.911111111111111,1.94948608166101,
"R6","completa","F5_G2_R6","G2",1,"yoy_pp","REG.ENET.G2",45,4.80454300785525,1.908262483787,1.16078623764955,TRUE,0.7012,,"",0.866666666666667,0.888888888888889,1.80074716511617,
"R6","completa","F5_G2_R6","G2",1,"yoy_pp","UNI.ARIMA",45,5.18836608774289,2.13604970600975,1.25351858453403,TRUE,0.6494,,"",0.888888888888889,0.888888888888889,1.88125521190181,
"R6","completa","F5_G2_R6","G2",1,"yoy_pp","UNI.ARIMAX.G2",45,5.55479502550229,2.31346274738686,1.34204847537531,TRUE,0.5322,,"",0.8,0.866666666666667,2.14353170859117,
"R6","completa","F5_G2_R6","G2",1,"yoy_pp","UNI.ARIMAX_IVAE.G2",45,5.8935406113565,2.42102064608002,1.42389001857332,TRUE,0.5644,,"",0.844444444444444,0.866666666666667,2.24212165390299,
"R6","completa","F5_G2_R6","G2",1,"yoy_pp","UNI.UC_LLT",45,4.8546614062045,1.89574252470662,1.17289493289106,TRUE,0.7012,,"",0.888888888888889,0.888888888888889,1.71863298082987,
"R6","completa","F5_G2_R6","G2",2,"yoy_pp","BENCH.AR1",44,6.27587070801029,2.37403570363937,1.16143286329945,TRUE,0.7958,,"",0.886363636363636,0.886363636363636,2.2437652667741,
"R6","completa","F5_G2_R6","G2",2,"yoy_pp","BENCH.ARP_BIC",44,5.8186383367913,2.50796731306884,1.07681596680726,TRUE,0.7882,,"",0.840909090909091,0.863636363636364,2.38166023225673,
"R6","completa","F5_G2_R6","G2",2,"yoy_pp","BENCH.ETS",44,5.98432209744039,2.41420435526393,1.10747793762946,TRUE,0.7958,,"",0.863636363636364,0.863636363636364,2.21614374461298,
"R6","completa","F5_G2_R6","G2",2,"yoy_pp","BENCH.MEDIA_CRECIMIENTO",44,5.76255105903203,2.53803398903822,1.06643627438953,TRUE,0.7958,,"",,,,
"R6","completa","F5_G2_R6","G2",2,"yoy_pp","BENCH.RW_CON_DERIVA",44,5.28895060859509,2.06592746865122,0.978790248395268,TRUE,0.7958,,"",0.886363636363636,0.909090909090909,1.98490643653568,
"R6","completa","F5_G2_R6","G2",2,"yoy_pp","BENCH.RW_SIN_DERIVA",44,5.40355874740921,2.78257010028006,1,TRUE,0.7958,,"",0.909090909090909,0.909090909090909,2.22237614741952,
"R6","completa","F5_G2_R6","G2",2,"yoy_pp","COMB.ECM_INV.G2",44,6.37911816421845,2.51210540736059,1.18054017036032,TRUE,0.7882,,"",,,,
"R6","completa","F5_G2_R6","G2",2,"yoy_pp","COMB.MEDIA.G2",44,6.43538459167593,2.55290683922881,1.19095301679868,TRUE,0.7208,,"",,,,
"R6","completa","F5_G2_R6","G2",2,"yoy_pp","COMB.MEDIANA.G2",44,6.73252727930835,2.60083304283744,1.2459432004022,TRUE,0.6624,,"",,,,
"R6","completa","F5_G2_R6","G2",2,"yoy_pp","COMB.RECORTADA.G2",44,6.43538459167593,2.55290683922881,1.19095301679868,TRUE,0.7208,,"",,,,"COMB.MEDIA.G2"
"R6","completa","F5_G2_R6","G2",2,"yoy_pp","MIX.PUENTE.G2",44,4.2512085107481,1.73418961437619,0.786742350638157,TRUE,1,,"",0.909090909090909,0.931818181818182,1.61717295439796,
"R6","completa","F5_G2_R6","G2",2,"yoy_pp","ML.RF.G2",44,5.6107294529104,2.61038685609226,1.03833967856841,TRUE,0.7958,,"",0.818181818181818,0.909090909090909,2.4195675133483,
"R6","completa","F5_G2_R6","G2",2,"yoy_pp","MULT.VAR_DIF.G2",44,8.89279436684522,3.11281885084384,1.6457291911759,TRUE,0.6054,,"",0.863636363636364,0.863636363636364,2.90886452223386,
"R6","completa","F5_G2_R6","G2",2,"yoy_pp","REG.ENET.G2",44,5.63097854670899,2.5636045813739,1.0420870411391,TRUE,0.7958,,"",0.863636363636364,0.909090909090909,2.33418155750568,
"R6","completa","F5_G2_R6","G2",2,"yoy_pp","UNI.ARIMA",44,6.82067004490205,2.82282611750728,1.26225518472845,TRUE,0.593,,"",0.840909090909091,0.886363636363636,2.52139646214091,
"R6","completa","F5_G2_R6","G2",2,"yoy_pp","UNI.ARIMAX.G2",44,7.35967826979318,2.94461870888295,1.36200578430314,TRUE,0.593,,"",0.840909090909091,0.840909090909091,2.78850512198546,
"R6","completa","F5_G2_R6","G2",2,"yoy_pp","UNI.ARIMAX_IVAE.G2",44,7.82671634703186,3.0554912861609,1.44843735635972,TRUE,0.593,,"",0.840909090909091,0.840909090909091,2.91839660136318,
"R6","completa","F5_G2_R6","G2",2,"yoy_pp","UNI.UC_LLT",44,6.75223969517208,2.57998743708315,1.24959124362431,TRUE,0.6912,,"",0.863636363636364,0.863636363636364,2.38115879505177,
"R6","completa","F5_G2_R6","G2",4,"yoy_pp","BENCH.AR1",42,7.09707660617072,2.9514502281635,1.1109022051231,TRUE,0.6552,"distorsion_tamano_documentada","",0.857142857142857,0.880952380952381,2.73606092233409,
"R6","completa","F5_G2_R6","G2",4,"yoy_pp","BENCH.ARP_BIC",42,6.35159241018961,2.96509031769022,0.99421189964158,TRUE,0.6552,"distorsion_tamano_documentada","",0.80952380952381,0.857142857142857,2.77913772820379,
"R6","completa","F5_G2_R6","G2",4,"yoy_pp","BENCH.ETS",42,7.25932147490922,3.07083327412425,1.13629832136268,TRUE,0.6552,"distorsion_tamano_documentada","",0.833333333333333,0.857142857142857,2.78937276220153,
"R6","completa","F5_G2_R6","G2",4,"yoy_pp","BENCH.MEDIA_CRECIMIENTO",42,5.89119618678954,2.62454736814892,0.922146286123925,TRUE,0.6552,"distorsion_tamano_documentada","",,,,
"R6","completa","F5_G2_R6","G2",4,"yoy_pp","BENCH.RW_CON_DERIVA",42,5.94273831537086,2.62223774202088,0.930214152299688,TRUE,0.6552,"distorsion_tamano_documentada","",0.857142857142857,0.904761904761905,2.46830016950028,
"R6","completa","F5_G2_R6","G2",4,"yoy_pp","BENCH.RW_SIN_DERIVA",42,6.38857009504655,4.1996248685852,1,TRUE,0.6552,"distorsion_tamano_documentada","",0.904761904761905,0.904761904761905,3.04924582078273,
"R6","completa","F5_G2_R6","G2",4,"yoy_pp","COMB.ECM_INV.G2",42,8.01103119349156,3.35966412998879,1.25396310509342,TRUE,0.5776,"distorsion_tamano_documentada","",,,,
"R6","completa","F5_G2_R6","G2",4,"yoy_pp","COMB.MEDIA.G2",42,8.00168115905682,3.33243033254715,1.25249954841397,TRUE,0.5832,"distorsion_tamano_documentada","",,,,
"R6","completa","F5_G2_R6","G2",4,"yoy_pp","COMB.MEDIANA.G2",42,8.17594064135583,3.31777847905742,1.27977630670361,TRUE,0.5776,"distorsion_tamano_documentada","",,,,
"R6","completa","F5_G2_R6","G2",4,"yoy_pp","COMB.RECORTADA.G2",42,8.00168115905682,3.33243033254715,1.25249954841397,TRUE,0.5832,"distorsion_tamano_documentada","",,,,"COMB.MEDIA.G2"
"R6","completa","F5_G2_R6","G2",4,"yoy_pp","MIX.PUENTE.G2",42,5.36383532511724,2.55915162893309,0.839598727933837,TRUE,1,"distorsion_tamano_documentada","",0.857142857142857,0.880952380952381,2.49531582400868,
"R6","completa","F5_G2_R6","G2",4,"yoy_pp","ML.RF.G2",42,6.54430579719515,3.43475032743627,1.02437723932455,TRUE,0.5832,"distorsion_tamano_documentada","",0.785714285714286,0.857142857142857,3.09560613497442,
"R6","completa","F5_G2_R6","G2",4,"yoy_pp","MULT.VAR_DIF.G2",42,12.9326206615972,4.1626852591541,2.0243372881867,TRUE,0.5776,"distorsion_tamano_documentada","",0.857142857142857,0.880952380952381,3.77526291735599,
"R6","completa","F5_G2_R6","G2",4,"yoy_pp","REG.ENET.G2",42,6.39777633702489,3.30896763498472,1.001441048911,TRUE,0.6552,"distorsion_tamano_documentada","",0.80952380952381,0.857142857142857,2.86752171516987,
"R6","completa","F5_G2_R6","G2",4,"yoy_pp","UNI.ARIMA",42,7.76274081212132,3.39595994286555,1.21509832351065,TRUE,0.559,"distorsion_tamano_documentada","",0.80952380952381,0.857142857142857,2.96735796694759,
"R6","completa","F5_G2_R6","G2",4,"yoy_pp","UNI.ARIMAX.G2",42,8.80201819041077,3.54165406499278,1.37777594351442,TRUE,0.559,"distorsion_tamano_documentada","",0.80952380952381,0.857142857142857,3.32095680016876,
"R6","completa","F5_G2_R6","G2",4,"yoy_pp","UNI.ARIMAX_IVAE.G2",42,9.33215457677114,3.64663911448924,1.46075795333402,TRUE,0.535,"distorsion_tamano_documentada","",0.80952380952381,0.857142857142857,3.469839142919,
"R6","completa","F5_G2_R6","G2",4,"yoy_pp","UNI.UC_LLT",42,9.01585172340314,3.41802660918202,1.41124721013763,TRUE,0.5776,"distorsion_tamano_documentada","",0.833333333333333,0.857142857142857,3.11985701084958,
"R6","completa","F5_G2_R6","G2",8,"yoy_pp","BENCH.AR1",38,6.14719658496411,2.82663604044466,0.923286434141761,TRUE,0.7994,"distorsion_tamano_documentada","",0.815789473684211,0.868421052631579,2.65208526091518,
"R6","completa","F5_G2_R6","G2",8,"yoy_pp","BENCH.ARP_BIC",38,6.1418916372249,2.78288799044263,0.922489650402418,TRUE,1,"distorsion_tamano_documentada","",0.815789473684211,0.868421052631579,2.66271269776509,
"R6","completa","F5_G2_R6","G2",8,"yoy_pp","BENCH.ETS",38,6.44337525118398,3.14454572908218,0.967771386074466,TRUE,0.6094,"distorsion_tamano_documentada","",0.789473684210526,0.842105263157895,2.80588133663181,
"R6","completa","F5_G2_R6","G2",8,"yoy_pp","BENCH.MEDIA_CRECIMIENTO",38,6.14363313241787,2.78730607002323,0.922751216608179,TRUE,0.8786,"distorsion_tamano_documentada","",,,,
"R6","completa","F5_G2_R6","G2",8,"yoy_pp","BENCH.RW_CON_DERIVA",38,6.14376172860207,2.79770086992616,0.922770531284505,TRUE,0.8786,"distorsion_tamano_documentada","",0.815789473684211,0.868421052631579,2.69330654448268,
"R6","completa","F5_G2_R6","G2",8,"yoy_pp","BENCH.RW_SIN_DERIVA",38,6.65795180959008,4.36906983698394,1,TRUE,0.6094,"distorsion_tamano_documentada","",0.842105263157895,0.868421052631579,3.30070127860095,
"R6","completa","F5_G2_R6","G2",8,"yoy_pp","COMB.ECM_INV.G2",38,6.33595377606319,3.10006442978511,0.951637073572223,TRUE,0.6878,"distorsion_tamano_documentada","",,,,
"R6","completa","F5_G2_R6","G2",8,"yoy_pp","COMB.MEDIA.G2",38,6.34109419188744,3.11124732921486,0.95240914521997,TRUE,0.6878,"distorsion_tamano_documentada","",,,,
"R6","completa","F5_G2_R6","G2",8,"yoy_pp","COMB.MEDIANA.G2",38,6.18831995693711,2.94935046196264,0.929463014139497,TRUE,0.732,"distorsion_tamano_documentada","",,,,
"R6","completa","F5_G2_R6","G2",8,"yoy_pp","COMB.RECORTADA.G2",38,6.34109419188744,3.11124732921486,0.95240914521997,TRUE,0.6878,"distorsion_tamano_documentada","",,,,"COMB.MEDIA.G2"
"R6","completa","F5_G2_R6","G2",8,"yoy_pp","MIX.PUENTE.G2",38,6.16323185187347,2.90266074576508,0.925694872557651,TRUE,0.7994,"distorsion_tamano_documentada","",0.842105263157895,0.868421052631579,2.90578190609396,
"R6","completa","F5_G2_R6","G2",8,"yoy_pp","ML.RF.G2",38,6.28409404977008,3.16085327733819,0.943847932440501,TRUE,0.732,"distorsion_tamano_documentada","",0.789473684210526,0.815789473684211,3.34067580601074,
"R6","completa","F5_G2_R6","G2",8,"yoy_pp","MULT.VAR_DIF.G2",38,8.5773675644902,3.88163851561881,1.28828922314148,TRUE,0.6094,"distorsion_tamano_documentada","",0.789473684210526,0.815789473684211,3.43442398017047,
"R6","completa","F5_G2_R6","G2",8,"yoy_pp","REG.ENET.G2",38,6.33065574393934,3.38840003021343,0.950841328533003,TRUE,0.6986,"distorsion_tamano_documentada","",0.763157894736842,0.815789473684211,3.42454284373355,
"R6","completa","F5_G2_R6","G2",8,"yoy_pp","UNI.ARIMA",38,6.1679212144416,2.86600393848732,0.926399197656757,TRUE,0.732,"distorsion_tamano_documentada","",0.815789473684211,0.868421052631579,2.61459873921033,
"R6","completa","F5_G2_R6","G2",8,"yoy_pp","UNI.ARIMAX.G2",38,6.23559604084117,3.02121003787419,0.936563708956177,TRUE,0.6986,"distorsion_tamano_documentada","",0.815789473684211,0.868421052631579,2.83251820414363,
"R6","completa","F5_G2_R6","G2",8,"yoy_pp","UNI.ARIMAX_IVAE.G2",38,6.25619705939136,3.05353311610874,0.939657906562191,TRUE,0.6986,"distorsion_tamano_documentada","",0.815789473684211,0.868421052631579,2.88284558823584,
"R6","completa","F5_G2_R6","G2",8,"yoy_pp","UNI.UC_LLT",38,7.46462295238275,3.51874804780152,1.12115905399477,TRUE,0.6094,"distorsion_tamano_documentada","",0.789473684210526,0.842105263157895,3.14823604917697,
"R6","completa","F5_G3_R6","G3",1,"yoy_pp","BENCH.AR1",25,6.62610435767568,2.93551845294542,1.20619021206788,TRUE,0.7396,,"",0.8,0.84,2.796216615715,
"R6","completa","F5_G3_R6","G3",1,"yoy_pp","BENCH.ARP_BIC",25,6.36342077431691,3.19871058085894,1.158372316361,TRUE,0.7396,,"",0.76,0.76,3.01123071965554,
"R6","completa","F5_G3_R6","G3",1,"yoy_pp","BENCH.ETS",25,6.04724644157648,2.86480682500629,1.10081717311656,TRUE,0.7396,,"",0.8,0.8,2.62973067229271,
"R6","completa","F5_G3_R6","G3",1,"yoy_pp","BENCH.MEDIA_CRECIMIENTO",25,7.59494878275463,4.06388293217499,1.38255487514371,TRUE,0.7396,,"",,,,
"R6","completa","F5_G3_R6","G3",1,"yoy_pp","BENCH.RW_CON_DERIVA",25,5.47368005055555,2.36224950619522,0.996407382766804,TRUE,0.7396,,"",0.84,0.84,2.26128088089478,
"R6","completa","F5_G3_R6","G3",1,"yoy_pp","BENCH.RW_SIN_DERIVA",25,5.49341579079467,2.67371931855006,1,TRUE,0.7396,,"",0.84,0.88,2.3423183160158,
"R6","completa","F5_G3_R6","G3",1,"yoy_pp","COMB.ECM_INV.G3",25,7.00469441479653,3.11237954964493,1.27510727051361,TRUE,0.7396,,"",,,,
"R6","completa","F5_G3_R6","G3",1,"yoy_pp","COMB.MEDIA.G3",25,7.0075131783281,3.09815480645859,1.27562038724078,TRUE,0.7396,,"",,,,
"R6","completa","F5_G3_R6","G3",1,"yoy_pp","COMB.MEDIANA.G3",25,6.77438408700377,3.05032088311625,1.23318247607538,TRUE,0.7396,,"",,,,
"R6","completa","F5_G3_R6","G3",1,"yoy_pp","COMB.RECORTADA.G3",25,7.0075131783281,3.09815480645859,1.27562038724078,TRUE,0.7396,,"",,,,"COMB.MEDIA.G3"
"R6","completa","F5_G3_R6","G3",1,"yoy_pp","MIX.PUENTE.G3",25,2.27079744621339,1.37787375459499,0.413367116688776,TRUE,1,,"",0.8,0.88,1.11220680745891,
"R6","completa","F5_G3_R6","G3",1,"yoy_pp","ML.RF.G3",25,6.83619170800213,3.08172804428081,1.24443369450708,TRUE,0.7396,,"",0.84,0.88,3.14986849903419,
"R6","completa","F5_G3_R6","G3",1,"yoy_pp","MULT.VAR_DIF.G3",25,7.66860856520238,3.51241132610707,1.39596361485193,TRUE,0.698,,"",0.8,0.84,3.1870004044067,
"R6","completa","F5_G3_R6","G3",1,"yoy_pp","REG.ENET.G3",25,14.4988436489752,6.20739434511887,2.63931298870021,TRUE,0.436,,"",0.8,0.8,5.60559835765067,
"R6","completa","F5_G3_R6","G3",1,"yoy_pp","UNI.ARIMA",25,6.93725977802025,3.41075819490054,1.26283173206096,TRUE,0.6386,,"",0.8,0.8,3.06028573724197,
"R6","completa","F5_G3_R6","G3",1,"yoy_pp","UNI.ARIMAX.G3",25,7.6292176164551,3.89602305245103,1.38879304006797,TRUE,0.436,,"",0.76,0.76,3.65526800129332,
"R6","completa","F5_G3_R6","G3",1,"yoy_pp","UNI.UC_LLT",25,6.49031855445491,3.01002971888177,1.18147229367396,TRUE,0.7396,,"",0.8,0.8,2.77794894782871,
"R6","completa","F5_G3_R6","G3",2,"yoy_pp","BENCH.AR1",24,8.46499942067387,3.94354289923456,1.17373706646293,TRUE,0.7988,,"",0.833333333333333,0.833333333333333,3.68516317203938,
"R6","completa","F5_G3_R6","G3",2,"yoy_pp","BENCH.ARP_BIC",24,7.84068005329849,4.16469648541445,1.08717039984161,TRUE,0.7988,,"",0.75,0.75,3.91657840213607,
"R6","completa","F5_G3_R6","G3",2,"yoy_pp","BENCH.ETS",24,8.06829041533285,4.0111869917707,1.11873032150898,TRUE,0.7988,,"",0.791666666666667,0.791666666666667,3.63123458655756,
"R6","completa","F5_G3_R6","G3",2,"yoy_pp","BENCH.MEDIA_CRECIMIENTO",24,7.75829702729886,4.13446562429436,1.07574736169857,TRUE,0.7988,,"",,,,
"R6","completa","F5_G3_R6","G3",2,"yoy_pp","BENCH.RW_CON_DERIVA",24,7.11967336672064,3.35429010398218,0.987197295161035,TRUE,0.7988,,"",0.833333333333333,0.833333333333333,3.18919644331415,
"R6","completa","F5_G3_R6","G3",2,"yoy_pp","BENCH.RW_SIN_DERIVA",24,7.21200655797913,4.05310092296141,1,TRUE,0.7988,,"",0.833333333333333,0.833333333333333,3.40288094213868,
"R6","completa","F5_G3_R6","G3",2,"yoy_pp","COMB.ECM_INV.G3",24,8.26070160705445,4.24765096705029,1.14540960835859,TRUE,0.7988,,"",,,,
"R6","completa","F5_G3_R6","G3",2,"yoy_pp","COMB.MEDIA.G3",24,8.26096381323291,4.23169748514497,1.14544596525543,TRUE,0.7988,,"",,,,
"R6","completa","F5_G3_R6","G3",2,"yoy_pp","COMB.MEDIANA.G3",24,9.14041296481362,4.45186034021044,1.26738833240535,TRUE,0.7988,,"",,,,
"R6","completa","F5_G3_R6","G3",2,"yoy_pp","COMB.RECORTADA.G3",24,8.26096381323291,4.23169748514497,1.14544596525543,TRUE,0.7988,,"",,,,"COMB.MEDIA.G3"
"R6","completa","F5_G3_R6","G3",2,"yoy_pp","MIX.PUENTE.G3",24,5.7215430481465,2.57340345384969,0.793335807746371,TRUE,1,,"",0.916666666666667,0.916666666666667,2.41159844848219,
"R6","completa","F5_G3_R6","G3",2,"yoy_pp","ML.RF.G3",24,7.72896625253545,4.47815280981034,1.0716804249137,TRUE,0.7988,,"",0.75,0.875,4.127963336815,
"R6","completa","F5_G3_R6","G3",2,"yoy_pp","MULT.VAR_DIF.G3",24,12.0095887206763,5.16095561137957,1.66522154744705,TRUE,0.7284,,"",0.791666666666667,0.791666666666667,4.87074786579108,
"R6","completa","F5_G3_R6","G3",2,"yoy_pp","REG.ENET.G3",24,10.431479564818,5.45635457416307,1.44640461443798,TRUE,0.7988,,"",0.75,0.875,5.01058268141384,
"R6","completa","F5_G3_R6","G3",2,"yoy_pp","UNI.ARIMA",24,9.203010808305,4.74193762688467,1.27606800331082,TRUE,0.7622,,"",0.75,0.791666666666667,4.17263657360259,
"R6","completa","F5_G3_R6","G3",2,"yoy_pp","UNI.ARIMAX.G3",24,10.0053347897225,4.9675815446788,1.3873163743387,TRUE,0.6004,,"",0.75,0.75,4.7810268435553,
"R6","completa","F5_G3_R6","G3",2,"yoy_pp","UNI.UC_LLT",24,9.1114892957536,4.31397902283632,1.26337784394732,TRUE,0.7988,,"",0.791666666666667,0.791666666666667,3.93272062223075,
"R6","completa","F5_G3_R6","G3",4,"yoy_pp","BENCH.AR1",22,7.86609670803548,3.53590341565575,1.14786556922469,TRUE,0.5106,"distorsion_tamano_documentada","",0.863636363636364,0.863636363636364,3.16515223043311,
"R6","completa","F5_G3_R6","G3",4,"yoy_pp","BENCH.ARP_BIC",22,6.51871359950468,3.52810400441077,0.951247762929798,TRUE,0.5106,"distorsion_tamano_documentada","",0.772727272727273,0.818181818181818,3.21339538897462,
"R6","completa","F5_G3_R6","G3",4,"yoy_pp","BENCH.ETS",22,8.15561046250889,3.75397633038454,1.19011306285613,TRUE,0.5106,"distorsion_tamano_documentada","",0.818181818181818,0.818181818181818,3.26676179369983,
"R6","completa","F5_G3_R6","G3",4,"yoy_pp","BENCH.MEDIA_CRECIMIENTO",22,5.65514571117642,2.8914187783452,0.825231025214448,TRUE,0.5106,"distorsion_tamano_documentada","",,,,
"R6","completa","F5_G3_R6","G3",4,"yoy_pp","BENCH.RW_CON_DERIVA",22,5.73562678077531,2.87356726904206,0.836975280617839,TRUE,0.5106,"distorsion_tamano_documentada","",0.863636363636364,0.909090909090909,2.61997823144976,
"R6","completa","F5_G3_R6","G3",4,"yoy_pp","BENCH.RW_SIN_DERIVA",22,6.85280307984888,4.69689099790979,1,TRUE,0.5106,"distorsion_tamano_documentada","",0.909090909090909,0.909090909090909,3.3661290675682,
"R6","completa","F5_G3_R6","G3",4,"yoy_pp","COMB.ECM_INV.G3",22,13.4696008399032,6.15286558142429,1.96556076148043,TRUE,0.3902,"distorsion_tamano_documentada","",,,,
"R6","completa","F5_G3_R6","G3",4,"yoy_pp","COMB.MEDIA.G3",22,13.474946811447,6.18169785275624,1.96634087605274,TRUE,0.3902,"distorsion_tamano_documentada","",,,,
"R6","completa","F5_G3_R6","G3",4,"yoy_pp","COMB.MEDIANA.G3",22,8.89316108382994,3.94385913545243,1.29774064425999,TRUE,0.5106,"distorsion_tamano_documentada","",,,,
"R6","completa","F5_G3_R6","G3",4,"yoy_pp","COMB.RECORTADA.G3",22,13.474946811447,6.18169785275624,1.96634087605274,TRUE,0.3902,"distorsion_tamano_documentada","",,,,"COMB.MEDIA.G3"
"R6","completa","F5_G3_R6","G3",4,"yoy_pp","MIX.PUENTE.G3",22,4.55041925278303,2.66049166274668,0.664023057391483,TRUE,1,"distorsion_tamano_documentada","",0.863636363636364,0.863636363636364,2.56574939775229,
"R6","completa","F5_G3_R6","G3",4,"yoy_pp","ML.RF.G3",22,7.21481941532623,4.12471737306346,1.05282748260225,TRUE,0.5106,"distorsion_tamano_documentada","",0.727272727272727,0.909090909090909,3.98749089086476,
"R6","completa","F5_G3_R6","G3",4,"yoy_pp","MULT.VAR_DIF.G3",22,16.9082531417126,5.84889428290195,2.46734846232959,TRUE,0.5106,"distorsion_tamano_documentada","",0.818181818181818,0.863636363636364,5.17430871579519,
"R6","completa","F5_G3_R6","G3",4,"yoy_pp","REG.ENET.G3",22,74.5953574078672,21.0171282536803,10.8853788061151,TRUE,0.3902,"distorsion_tamano_documentada","",0.727272727272727,0.772727272727273,20.6293837132009,
"R6","completa","F5_G3_R6","G3",4,"yoy_pp","UNI.ARIMA",22,8.97317057124327,4.35067328883701,1.30941608370879,TRUE,0.4,"distorsion_tamano_documentada","",0.772727272727273,0.818181818181818,3.57259496773193,
"R6","completa","F5_G3_R6","G3",4,"yoy_pp","UNI.ARIMAX.G3",22,10.7027689095783,4.61026700724574,1.56180891014518,TRUE,0.4,"distorsion_tamano_documentada","",0.818181818181818,0.863636363636364,4.37851334055048,
"R6","completa","F5_G3_R6","G3",4,"yoy_pp","UNI.UC_LLT",22,10.9945746719067,4.3996298138119,1.60439086659837,TRUE,0.5106,"distorsion_tamano_documentada","",0.818181818181818,0.818181818181818,3.89003714257045,
"R6","completa","F5_G3_R6","G3",8,"yoy_pp","BENCH.AR1",18,1.65003902231601,1.44552671762718,0.455970882175651,TRUE,0.4982,"distorsion_tamano_documentada","",0.944444444444444,1,1.32187578487847,
"R6","completa","F5_G3_R6","G3",8,"yoy_pp","BENCH.ARP_BIC",18,1.57695056579792,1.35580055588152,0.435773658022352,TRUE,1,"distorsion_tamano_documentada","",0.944444444444444,1,1.3374551901613,
"R6","completa","F5_G3_R6","G3",8,"yoy_pp","BENCH.ETS",18,3.21066846874204,2.09753539758349,0.887234370985369,TRUE,0.4982,"distorsion_tamano_documentada","",0.888888888888889,0.944444444444444,1.64261004996545,
"R6","completa","F5_G3_R6","G3",8,"yoy_pp","BENCH.MEDIA_CRECIMIENTO",18,1.61258443147276,1.36296286899318,0.445620700999722,TRUE,0.4982,"distorsion_tamano_documentada","",,,,
"R6","completa","F5_G3_R6","G3",8,"yoy_pp","BENCH.RW_CON_DERIVA",18,1.59225515741238,1.38707219034673,0.440002920509723,TRUE,0.4982,"distorsion_tamano_documentada","",0.944444444444444,1,1.40204219989843,
"R6","completa","F5_G3_R6","G3",8,"yoy_pp","BENCH.RW_SIN_DERIVA",18,3.6187377019403,3.37561056584571,1,TRUE,0.4982,"distorsion_tamano_documentada","",0.888888888888889,0.944444444444444,2.24480083010458,
"R6","completa","F5_G3_R6","G3",8,"yoy_pp","COMB.ECM_INV.G3",18,12.4887122753478,5.1389212250576,3.45112392883617,TRUE,0.4972,"distorsion_tamano_documentada","",,,,
"R6","completa","F5_G3_R6","G3",8,"yoy_pp","COMB.MEDIA.G3",18,12.4773740923988,5.07010284629312,3.44799074155297,TRUE,0.4982,"distorsion_tamano_documentada","",,,,
"R6","completa","F5_G3_R6","G3",8,"yoy_pp","COMB.MEDIANA.G3",18,1.93119662736372,1.66524061780416,0.533665821186281,TRUE,0.4982,"distorsion_tamano_documentada","",,,,
"R6","completa","F5_G3_R6","G3",8,"yoy_pp","COMB.RECORTADA.G3",18,12.4773740923988,5.07010284629312,3.44799074155297,TRUE,0.4982,"distorsion_tamano_documentada","",,,,"COMB.MEDIA.G3"
"R6","completa","F5_G3_R6","G3",8,"yoy_pp","MIX.PUENTE.G3",18,1.82035212739637,1.53990970407407,0.503035112608558,TRUE,0.4982,"distorsion_tamano_documentada","",0.944444444444444,0.944444444444444,1.7461655041418,
"R6","completa","F5_G3_R6","G3",8,"yoy_pp","ML.RF.G3",18,4.17750514981329,2.98493950351234,1.1544094913465,TRUE,0.4982,"distorsion_tamano_documentada","",0.888888888888889,0.888888888888889,2.96202796130797,
"R6","completa","F5_G3_R6","G3",8,"yoy_pp","MULT.VAR_DIF.G3",18,8.86682383732632,3.61252021366501,2.45025325614844,TRUE,0.4982,"distorsion_tamano_documentada","",0.888888888888889,0.888888888888889,2.96828539546903,
"R6","completa","F5_G3_R6","G3",8,"yoy_pp","REG.ENET.G3",18,85.8877713519216,26.4343390383111,23.7341798234976,TRUE,0.2178,"distorsion_tamano_documentada","",0.833333333333333,0.833333333333333,25.3924642313405,
"R6","completa","F5_G3_R6","G3",8,"yoy_pp","UNI.ARIMA",18,1.77854256943289,1.53126755730937,0.491481482197307,TRUE,0.4982,"distorsion_tamano_documentada","",0.944444444444444,1,1.2358623237379,
"R6","completa","F5_G3_R6","G3",8,"yoy_pp","UNI.ARIMAX.G3",18,2.24062582531493,1.83653301182129,0.61917331673792,TRUE,0.4982,"distorsion_tamano_documentada","",0.888888888888889,0.944444444444444,1.94161132450752,
"R6","completa","F5_G3_R6","G3",8,"yoy_pp","UNI.UC_LLT",18,6.36597511831061,2.85970323680425,1.75917008709896,TRUE,0.4982,"distorsion_tamano_documentada","",0.888888888888889,0.944444444444444,2.35739124440327,
"R7","completa","F5_G2_R7","G2",1,"yoy_pp","BENCH.AR1",45,4.77355880766317,1.94584232308108,1.12666708729142,TRUE,0.6658,,"",0.866666666666667,0.911111111111111,1.74056478248394,
"R7","completa","F5_G2_R7","G2",1,"yoy_pp","BENCH.ARP_BIC",45,4.85806731527566,2.1678008596532,1.14661299305261,TRUE,0.6658,,"",0.822222222222222,0.866666666666667,1.92762018735065,
"R7","completa","F5_G2_R7","G2",1,"yoy_pp","BENCH.ETS",45,4.49492387210962,1.93865707139554,1.06090298467813,TRUE,0.6658,,"",0.844444444444444,0.888888888888889,1.6809619498459,
"R7","completa","F5_G2_R7","G2",1,"yoy_pp","BENCH.MEDIA_CRECIMIENTO",45,5.6762050388607,2.48031150363356,1.33971187025823,TRUE,0.6658,,"",,,,
"R7","completa","F5_G2_R7","G2",1,"yoy_pp","BENCH.RW_CON_DERIVA",45,4.19323741428912,1.70651780679228,0.989698205098954,TRUE,0.6658,,"",0.866666666666667,0.911111111111111,1.50989293807311,
"R7","completa","F5_G2_R7","G2",1,"yoy_pp","BENCH.RW_SIN_DERIVA",45,4.23688493389747,1.9392924809181,1,TRUE,0.6658,,"",0.844444444444444,0.933333333333333,1.61978220016912,
"R7","completa","F5_G2_R7","G2",1,"yoy_pp","MIX.PUENTE.G2",45,1.85758068645168,1.09047973503302,0.438430761144817,TRUE,1,,"",0.822222222222222,0.933333333333333,0.843911360228651,
"R7","completa","F5_G2_R7","G2",1,"yoy_pp","MIX.UMIDAS.G2",45,3.80421686084432,1.85114540722118,0.897880617528326,TRUE,0.6658,,"",0.822222222222222,0.866666666666667,1.63329524494627,
"R7","completa","F5_G2_R7","G2",1,"yoy_pp","ML.LGBM.G2",45,4.32891357874493,1.91721131854553,1.02172082704234,TRUE,0.6658,,"",0.755555555555556,0.866666666666667,1.75731376175878,
"R7","completa","F5_G2_R7","G2",1,"yoy_pp","ML.RF.G2",45,4.66943501498305,1.90251498452188,1.10209153371737,TRUE,0.6658,,"",0.822222222222222,0.866666666666667,1.86826280815675,
"R7","completa","F5_G2_R7","G2",1,"yoy_pp","MULT.BVAR.G2",45,5.12761335990471,2.20558537572182,1.2102319132816,TRUE,0.6658,,"",0.844444444444444,0.933333333333333,1.84949700649266,
"R7","completa","F5_G2_R7","G2",1,"yoy_pp","REG.ENET.G2",45,4.69203313694443,1.96630115732469,1.10742519802828,TRUE,0.6658,,"",0.755555555555556,0.844444444444444,1.82988991646518,
"R7","completa","F5_G2_R7","G2",1,"yoy_pp","REG.PCR.G2",45,5.36313670065839,2.2008442316359,1.26582071128491,TRUE,0.6658,,"",0.755555555555556,0.844444444444444,2.01625077014121,
"R7","completa","F5_G2_R7","G2",1,"yoy_pp","UNI.ARIMAX.G2",45,5.40439110549543,2.31884453069457,1.2755576773533,TRUE,0.5636,,"",0.8,0.866666666666667,2.10321253142547,
"R7","completa","F5_G2_R7","G2",2,"yoy_pp","BENCH.AR1",44,5.89971722487995,2.45536106616635,1.07869106949645,TRUE,0.8186,,"",0.886363636363636,0.886363636363636,2.2235178277145,
"R7","completa","F5_G2_R7","G2",2,"yoy_pp","BENCH.ARP_BIC",44,5.87235436298483,2.67848299958837,1.07368810517849,TRUE,0.679,,"",0.840909090909091,0.840909090909091,2.44454959986011,
"R7","completa","F5_G2_R7","G2",2,"yoy_pp","BENCH.ETS",44,5.80142152133585,2.55117359992576,1.06071890345166,TRUE,0.8186,,"",0.863636363636364,0.863636363636364,2.24158178412736,
"R7","completa","F5_G2_R7","G2",2,"yoy_pp","BENCH.MEDIA_CRECIMIENTO",44,5.76275411691418,2.53829739940332,1.05364904192433,TRUE,0.8186,,"",,,,
"R7","completa","F5_G2_R7","G2",2,"yoy_pp","BENCH.RW_CON_DERIVA",44,5.34112318375398,2.24612246164164,0.976558987454371,TRUE,0.8186,,"",0.886363636363636,0.886363636363636,2.05312955699077,
"R7","completa","F5_G2_R7","G2",2,"yoy_pp","BENCH.RW_SIN_DERIVA",44,5.46932981250509,2.91112988598903,1,TRUE,0.8186,,"",0.909090909090909,0.909090909090909,2.31070011371545,
"R7","completa","F5_G2_R7","G2",2,"yoy_pp","MIX.PUENTE.G2",44,4.25591585289281,1.79470393152121,0.778142112249671,TRUE,1,,"",0.909090909090909,0.931818181818182,1.61895967117125,
"R7","completa","F5_G2_R7","G2",2,"yoy_pp","MIX.UMIDAS.G2",44,5.35723086498728,2.81578586246438,0.979504079775642,TRUE,0.8186,,"",0.818181818181818,0.909090909090909,2.41983681383147,
"R7","completa","F5_G2_R7","G2",2,"yoy_pp","ML.LGBM.G2",44,5.44556466614214,2.45477202316095,0.995654833923415,TRUE,0.8186,,"",0.795454545454545,0.909090909090909,2.33522355305848,
"R7","completa","F5_G2_R7","G2",2,"yoy_pp","ML.RF.G2",44,5.66168691750518,2.6976703027967,1.03517014178964,TRUE,0.728,,"",0.795454545454545,0.909090909090909,2.46939045341916,
"R7","completa","F5_G2_R7","G2",2,"yoy_pp","MULT.BVAR.G2",44,7.29921976057437,3.12787224088874,1.33457297526388,TRUE,0.6586,,"",0.840909090909091,0.863636363636364,2.64887724059486,
"R7","completa","F5_G2_R7","G2",2,"yoy_pp","REG.ENET.G2",44,5.64516367485619,2.59774071600496,1.03214906915086,TRUE,0.8186,,"",0.840909090909091,0.909090909090909,2.38031214629803,
"R7","completa","F5_G2_R7","G2",2,"yoy_pp","REG.PCR.G2",44,5.95509341056794,2.80622783626171,1.08881592712734,TRUE,0.724,,"",0.818181818181818,0.886363636363636,2.5592564686466,
"R7","completa","F5_G2_R7","G2",2,"yoy_pp","UNI.ARIMAX.G2",44,7.22746602517617,2.92667366276455,1.32145368316449,TRUE,0.679,,"",0.840909090909091,0.840909090909091,2.76436653995196,
"R7","completa","F5_G2_R7","G2",4,"yoy_pp","BENCH.AR1",42,6.57689655749428,2.84382321525305,1.02947865635751,TRUE,0.6754,"distorsion_tamano_documentada","",0.857142857142857,0.880952380952381,2.62782723047336,
"R7","completa","F5_G2_R7","G2",4,"yoy_pp","BENCH.ARP_BIC",42,6.34366886400133,2.9596270768078,0.992971630524954,TRUE,0.6754,"distorsion_tamano_documentada","",0.80952380952381,0.857142857142857,2.7687432329304,
"R7","completa","F5_G2_R7","G2",4,"yoy_pp","BENCH.ETS",42,6.72527316834382,2.99267389307058,1.05270398043505,TRUE,0.6754,"distorsion_tamano_documentada","",0.833333333333333,0.857142857142857,2.68394381568961,
"R7","completa","F5_G2_R7","G2",4,"yoy_pp","BENCH.MEDIA_CRECIMIENTO",42,5.89098748900122,2.62453145389185,0.922113618753101,TRUE,0.6754,"distorsion_tamano_documentada","",,,,
"R7","completa","F5_G2_R7","G2",4,"yoy_pp","BENCH.RW_CON_DERIVA",42,5.9425512024113,2.62235691940596,0.930184863592391,TRUE,0.6754,"distorsion_tamano_documentada","",0.857142857142857,0.904761904761905,2.46219732122833,
"R7","completa","F5_G2_R7","G2",4,"yoy_pp","BENCH.RW_SIN_DERIVA",42,6.38857009504655,4.1996248685852,1,TRUE,0.6754,"distorsion_tamano_documentada","",0.880952380952381,0.904761904761905,3.05099743051026,
"R7","completa","F5_G2_R7","G2",4,"yoy_pp","MIX.PUENTE.G2",42,5.33604451375161,2.56393359870878,0.835248644745868,TRUE,1,"distorsion_tamano_documentada","",0.857142857142857,0.880952380952381,2.48612162576866,
"R7","completa","F5_G2_R7","G2",4,"yoy_pp","MIX.UMIDAS.G2",42,6.01506409007929,3.06536000717633,0.941535273244187,TRUE,0.6754,"distorsion_tamano_documentada","",0.761904761904762,0.857142857142857,2.80726399974329,
"R7","completa","F5_G2_R7","G2",4,"yoy_pp","ML.LGBM.G2",42,6.33508539516004,2.96967334310119,0.991628064012637,TRUE,0.6754,"distorsion_tamano_documentada","",0.738095238095238,0.833333333333333,2.94134950020808,
"R7","completa","F5_G2_R7","G2",4,"yoy_pp","ML.RF.G2",42,6.53871555936532,3.42428832175958,1.02350220191451,TRUE,0.5918,"distorsion_tamano_documentada","",0.761904761904762,0.880952380952381,3.09261859320792,
"R7","completa","F5_G2_R7","G2",4,"yoy_pp","MULT.BVAR.G2",42,9.5305209544061,3.92756103346609,1.49180815309449,TRUE,0.5256,"distorsion_tamano_documentada","",0.833333333333333,0.880952380952381,3.16725128777528,
"R7","completa","F5_G2_R7","G2",4,"yoy_pp","REG.ENET.G2",42,6.39933913241597,3.29249501832624,1.00168567256979,TRUE,0.5918,"distorsion_tamano_documentada","",0.761904761904762,0.857142857142857,2.87028265676673,
"R7","completa","F5_G2_R7","G2",4,"yoy_pp","REG.PCR.G2",42,6.16703164366374,2.83028021075009,0.965322685970905,TRUE,0.6754,"distorsion_tamano_documentada","",0.785714285714286,0.857142857142857,2.84584198034674,
"R7","completa","F5_G2_R7","G2",4,"yoy_pp","UNI.ARIMAX.G2",42,8.64525345491884,3.48439544664805,1.35323763006405,TRUE,0.5918,"distorsion_tamano_documentada","",0.80952380952381,0.857142857142857,3.25878979914771,
"R7","completa","F5_G2_R7","G2",8,"yoy_pp","BENCH.AR1",38,6.14544431403453,2.82140344827252,0.923023249459791,TRUE,0.8492,"distorsion_tamano_documentada","",0.815789473684211,0.868421052631579,2.64592873588578,
"R7","completa","F5_G2_R7","G2",8,"yoy_pp","BENCH.ARP_BIC",38,6.14151985438514,2.78300940597674,0.92243380998026,TRUE,1,"distorsion_tamano_documentada","",0.815789473684211,0.868421052631579,2.65907713240566,
"R7","completa","F5_G2_R7","G2",8,"yoy_pp","BENCH.ETS",38,6.24165014925004,3.02097505797569,0.937473013886884,TRUE,0.702,"distorsion_tamano_documentada","",0.815789473684211,0.868421052631579,2.6960080594115,
"R7","completa","F5_G2_R7","G2",8,"yoy_pp","BENCH.MEDIA_CRECIMIENTO",38,6.14362472206633,2.78729512528778,0.922749953404152,TRUE,0.9092,"distorsion_tamano_documentada","",,,,
"R7","completa","F5_G2_R7","G2",8,"yoy_pp","BENCH.RW_CON_DERIVA",38,6.14335218255993,2.79908864300195,0.922709018967527,TRUE,0.9092,"distorsion_tamano_documentada","",0.815789473684211,0.868421052631579,2.69007066331207,
"R7","completa","F5_G2_R7","G2",8,"yoy_pp","BENCH.RW_SIN_DERIVA",38,6.65795180959008,4.36906983698394,1,TRUE,0.7,"distorsion_tamano_documentada","",0.842105263157895,0.868421052631579,3.30460087481131,
"R7","completa","F5_G2_R7","G2",8,"yoy_pp","MIX.PUENTE.G2",38,6.16117352733831,2.90793594540727,0.925385719743989,TRUE,0.7774,"distorsion_tamano_documentada","",0.842105263157895,0.868421052631579,2.90093323723678,
"R7","completa","F5_G2_R7","G2",8,"yoy_pp","MIX.UMIDAS.G2",38,6.31317067921598,3.38605648753482,0.948215135790338,TRUE,0.702,"distorsion_tamano_documentada","",0.763157894736842,0.815789473684211,3.49517411964693,
"R7","completa","F5_G2_R7","G2",8,"yoy_pp","ML.LGBM.G2",38,6.28150828724749,3.09881435512959,0.94345956037105,TRUE,0.7,"distorsion_tamano_documentada","",0.763157894736842,0.815789473684211,3.29814824327719,
"R7","completa","F5_G2_R7","G2",8,"yoy_pp","ML.RF.G2",38,6.33725365040147,3.22875278345272,0.951832309941524,TRUE,0.702,"distorsion_tamano_documentada","",0.789473684210526,0.815789473684211,3.34862852945604,
"R7","completa","F5_G2_R7","G2",8,"yoy_pp","MULT.BVAR.G2",38,7.6118423173414,3.73557839204313,1.14327086392806,TRUE,0.7,"distorsion_tamano_documentada","",0.842105263157895,0.868421052631579,3.35982208438148,
"R7","completa","F5_G2_R7","G2",8,"yoy_pp","REG.ENET.G2",38,6.34866378388841,3.43710330636584,0.953546070240976,TRUE,0.702,"distorsion_tamano_documentada","",0.763157894736842,0.815789473684211,3.43627493541455,
"R7","completa","F5_G2_R7","G2",8,"yoy_pp","REG.PCR.G2",38,6.8132485052085,3.72552557242835,1.023324995443,TRUE,0.7,"distorsion_tamano_documentada","",0.789473684210526,0.789473684210526,3.56123937667678,
"R7","completa","F5_G2_R7","G2",8,"yoy_pp","UNI.ARIMAX.G2",38,6.23210821446755,3.013776747713,0.936039850197002,TRUE,0.702,"distorsion_tamano_documentada","",0.815789473684211,0.868421052631579,2.82362369109917,
"R7","completa","F5_G3_R7","G3",1,"yoy_pp","BENCH.AR1",25,6.36764557377701,3.00867205660116,1.13549679188066,TRUE,0.6846,,"",0.8,0.84,2.76822535211782,
"R7","completa","F5_G3_R7","G3",1,"yoy_pp","BENCH.ARP_BIC",25,6.47911917179959,3.38894560376771,1.15537508307439,TRUE,0.6846,,"",0.76,0.76,3.09397039984404,
"R7","completa","F5_G3_R7","G3",1,"yoy_pp","BENCH.ETS",25,5.98894953541537,2.98240090273861,1.0679666299589,TRUE,0.6846,,"",0.8,0.8,2.65081687107081,
"R7","completa","F5_G3_R7","G3",1,"yoy_pp","BENCH.MEDIA_CRECIMIENTO",25,7.59521567299907,4.06433451931012,1.35440060700749,TRUE,0.6846,,"",,,,
"R7","completa","F5_G3_R7","G3",1,"yoy_pp","BENCH.RW_CON_DERIVA",25,5.58098063009549,2.55863610861805,0.99521644658099,TRUE,0.6846,,"",0.84,0.84,2.34206135114448,
"R7","completa","F5_G3_R7","G3",1,"yoy_pp","BENCH.RW_SIN_DERIVA",25,5.60780586903345,2.83142860368453,1,TRUE,0.6846,,"",0.8,0.88,2.43663549962329,
"R7","completa","F5_G3_R7","G3",1,"yoy_pp","MIX.PUENTE.G3",25,2.83659925835005,1.6271847516629,0.50583050208886,TRUE,1,,"",0.76,0.88,1.33488136754262,
"R7","completa","F5_G3_R7","G3",1,"yoy_pp","MIX.UMIDAS.G3",25,4.77190573178458,2.92988147025311,0.850939894002974,TRUE,0.6846,,"",0.8,0.84,2.50177961773239,
"R7","completa","F5_G3_R7","G3",1,"yoy_pp","ML.LGBM.G3",25,5.93283706367163,3.07213733034968,1.05796049332467,TRUE,0.6846,,"",0.76,0.84,2.8761412159805,
"R7","completa","F5_G3_R7","G3",1,"yoy_pp","ML.RF.G3",25,6.94840813526586,3.26632013356627,1.23906003480528,TRUE,0.6846,,"",0.8,0.84,3.23119859376169,
"R7","completa","F5_G3_R7","G3",1,"yoy_pp","MULT.BVAR.G3",25,7.49815597089102,3.57559806197328,1.33709264300609,TRUE,0.6846,,"",0.84,0.88,3.11849203995062,
"R7","completa","F5_G3_R7","G3",1,"yoy_pp","REG.ENET.G3",25,11.4353243265535,4.88720568320165,2.03917977790563,TRUE,0.4752,,"",0.8,0.8,4.61201302290916,
"R7","completa","F5_G3_R7","G3",1,"yoy_pp","REG.PCR.G3",25,6.14790947891849,2.90313274990481,1.09631282225148,TRUE,0.6846,,"",0.84,0.84,2.86334715637972,
"R7","completa","F5_G3_R7","G3",1,"yoy_pp","UNI.ARIMAX.G3",25,7.52250447769161,3.8845446148273,1.34143453845847,TRUE,0.4542,,"",0.76,0.76,3.6339111095729,
"R7","completa","F5_G3_R7","G3",2,"yoy_pp","BENCH.AR1",24,7.94421731563612,3.99147903975861,1.08990747165452,TRUE,0.7246,,"",0.833333333333333,0.833333333333333,3.62128814201364,
"R7","completa","F5_G3_R7","G3",2,"yoy_pp","BENCH.ARP_BIC",24,7.90465425189127,4.38671104639324,1.08447961425035,TRUE,0.6792,,"",0.75,0.75,4.0095199280018,
"R7","completa","F5_G3_R7","G3",2,"yoy_pp","BENCH.ETS",24,7.80582525658932,4.10447564704686,1.07092076306136,TRUE,0.7246,,"",0.791666666666667,0.791666666666667,3.6340350236304,
"R7","completa","F5_G3_R7","G3",2,"yoy_pp","BENCH.MEDIA_CRECIMIENTO",24,7.7585685632199,4.13479137457732,1.064437377582,TRUE,0.799,,"",,,,
"R7","completa","F5_G3_R7","G3",2,"yoy_pp","BENCH.RW_CON_DERIVA",24,7.18070232343718,3.59405006015757,0.985156976841146,TRUE,0.799,,"",0.833333333333333,0.833333333333333,3.29191651607467,
"R7","completa","F5_G3_R7","G3",2,"yoy_pp","BENCH.RW_SIN_DERIVA",24,7.28889150890624,4.24401998730935,1,TRUE,0.799,,"",0.833333333333333,0.833333333333333,3.52977928170265,
"R7","completa","F5_G3_R7","G3",2,"yoy_pp","MIX.PUENTE.G3",24,5.74640891903547,2.65598040980694,0.788378989042981,TRUE,1,,"",0.875,0.916666666666667,2.44714606569633,
"R7","completa","F5_G3_R7","G3",2,"yoy_pp","MIX.UMIDAS.G3",24,7.19370180724275,4.87708916549585,0.986940441966082,TRUE,0.799,,"",0.791666666666667,0.875,3.94372431594058,
"R7","completa","F5_G3_R7","G3",2,"yoy_pp","ML.LGBM.G3",24,7.67604124555203,4.09933923169019,1.05311503624011,TRUE,0.6874,,"",0.75,0.875,4.02406366119206,
"R7","completa","F5_G3_R7","G3",2,"yoy_pp","ML.RF.G3",24,7.79557516973673,4.60422677762849,1.06951450165109,TRUE,0.6792,,"",0.75,0.875,4.21892909547226,
"R7","completa","F5_G3_R7","G3",2,"yoy_pp","MULT.BVAR.G3",24,11.4266238090678,5.49936120730916,1.56767648346881,TRUE,0.6592,,"",0.75,0.833333333333333,4.72934173909359,
"R7","completa","F5_G3_R7","G3",2,"yoy_pp","REG.ENET.G3",24,10.7051493030387,6.10048270399015,1.46869373620916,TRUE,0.6792,,"",0.666666666666667,0.833333333333333,5.39117424534731,
"R7","completa","F5_G3_R7","G3",2,"yoy_pp","REG.PCR.G3",24,9.98417299026412,5.36338818740331,1.36977933860924,TRUE,0.6592,,"",0.708333333333333,0.75,5.4443038564498,
"R7","completa","F5_G3_R7","G3",2,"yoy_pp","UNI.ARIMAX.G3",24,9.91939492880594,5.03083083530303,1.36089210776227,TRUE,0.6792,,"",0.75,0.75,4.80307862061752,
"R7","completa","F5_G3_R7","G3",4,"yoy_pp","BENCH.AR1",22,6.95032286855067,3.32293526942007,1.01423064220079,TRUE,0.62,"distorsion_tamano_documentada","",0.863636363636364,0.863636363636364,2.96284794568942,
"R7","completa","F5_G3_R7","G3",4,"yoy_pp","BENCH.ARP_BIC",22,6.50497910354686,3.51775435111445,0.949243547166148,TRUE,0.62,"distorsion_tamano_documentada","",0.772727272727273,0.818181818181818,3.20345978922021,
"R7","completa","F5_G3_R7","G3",4,"yoy_pp","BENCH.ETS",22,7.23886117980757,3.56368898161433,1.05633579361034,TRUE,0.5606,"distorsion_tamano_documentada","",0.818181818181818,0.818181818181818,3.05650865138388,
"R7","completa","F5_G3_R7","G3",4,"yoy_pp","BENCH.MEDIA_CRECIMIENTO",22,5.65485284572481,2.89136400061198,0.825188288622108,TRUE,0.62,"distorsion_tamano_documentada","",,,,
"R7","completa","F5_G3_R7","G3",4,"yoy_pp","BENCH.RW_CON_DERIVA",22,5.73640422211253,2.87387495971095,0.837088729279381,TRUE,0.62,"distorsion_tamano_documentada","",0.863636363636364,0.909090909090909,2.61823577597081,
"R7","completa","F5_G3_R7","G3",4,"yoy_pp","BENCH.RW_SIN_DERIVA",22,6.85280307984888,4.69689099790979,1,TRUE,0.4482,"distorsion_tamano_documentada","",0.909090909090909,0.909090909090909,3.36530744904014,
"R7","completa","F5_G3_R7","G3",4,"yoy_pp","MIX.PUENTE.G3",22,4.42645786088189,2.60116825374992,0.645933906068041,TRUE,1,"distorsion_tamano_documentada","",0.863636363636364,0.863636363636364,2.53610976157292,
"R7","completa","F5_G3_R7","G3",4,"yoy_pp","MIX.UMIDAS.G3",22,6.29673510179757,4.36002044221133,0.918855398065286,TRUE,0.62,"distorsion_tamano_documentada","",0.818181818181818,0.863636363636364,3.58974014175793,
"R7","completa","F5_G3_R7","G3",4,"yoy_pp","ML.LGBM.G3",22,6.3570970969119,3.45152695401769,0.927663763694795,TRUE,0.62,"distorsion_tamano_documentada","",0.772727272727273,0.863636363636364,3.47831258495069,
"R7","completa","F5_G3_R7","G3",4,"yoy_pp","ML.RF.G3",22,6.9855341889527,3.98214698364328,1.01936887833449,TRUE,0.4482,"distorsion_tamano_documentada","",0.772727272727273,0.909090909090909,3.87264711842712,
"R7","completa","F5_G3_R7","G3",4,"yoy_pp","MULT.BVAR.G3",22,16.6730173025289,5.98476513429204,2.4330215107971,TRUE,0.4482,"distorsion_tamano_documentada","",0.863636363636364,0.954545454545455,4.35295220829716,
"R7","completa","F5_G3_R7","G3",4,"yoy_pp","REG.ENET.G3",22,72.1804359106763,21.1829838627515,10.5329797266359,TRUE,0.3856,"distorsion_tamano_documentada","",0.727272727272727,0.818181818181818,20.2339955461987,
"R7","completa","F5_G3_R7","G3",4,"yoy_pp","REG.PCR.G3",22,6.9202381733691,3.975110811611,1.00984051237639,TRUE,0.4482,"distorsion_tamano_documentada","",0.772727272727273,0.909090909090909,3.68808255877177,
"R7","completa","F5_G3_R7","G3",4,"yoy_pp","UNI.ARIMAX.G3",22,10.5830013802331,4.59349716253532,1.54433175109804,TRUE,0.4412,"distorsion_tamano_documentada","",0.818181818181818,0.863636363636364,4.34865940050956,
"R7","completa","F5_G3_R7","G3",8,"yoy_pp","BENCH.AR1",18,1.63908871570815,1.43268419740037,0.452944880428694,TRUE,0.4098,"distorsion_tamano_documentada","",0.944444444444444,1,1.3129626619663,
"R7","completa","F5_G3_R7","G3",8,"yoy_pp","BENCH.ARP_BIC",18,1.57766693716032,1.35265227923407,0.435971619693354,TRUE,1,"distorsion_tamano_documentada","",0.944444444444444,1,1.33618575687469,
"R7","completa","F5_G3_R7","G3",8,"yoy_pp","BENCH.ETS",18,2.28941270621979,1.79102399788431,0.632655056759778,TRUE,0.4098,"distorsion_tamano_documentada","",0.944444444444444,1,1.40156969078946,
"R7","completa","F5_G3_R7","G3",8,"yoy_pp","BENCH.MEDIA_CRECIMIENTO",18,1.61262507261848,1.36277405703186,0.445631931751732,TRUE,0.4098,"distorsion_tamano_documentada","",,,,
"R7","completa","F5_G3_R7","G3",8,"yoy_pp","BENCH.RW_CON_DERIVA",18,1.59265624063329,1.38659733517618,0.44011375562792,TRUE,0.4098,"distorsion_tamano_documentada","",0.944444444444444,1,1.40161654434376,
"R7","completa","F5_G3_R7","G3",8,"yoy_pp","BENCH.RW_SIN_DERIVA",18,3.6187377019403,3.37561056584571,1,TRUE,0.4098,"distorsion_tamano_documentada","",0.888888888888889,0.944444444444444,2.24612856545253,
"R7","completa","F5_G3_R7","G3",8,"yoy_pp","MIX.PUENTE.G3",18,1.82455492581976,1.5454736398335,0.504196511629308,TRUE,0.4098,"distorsion_tamano_documentada","",0.944444444444444,0.944444444444444,1.75335790462917,
"R7","completa","F5_G3_R7","G3",8,"yoy_pp","MIX.UMIDAS.G3",18,3.18095286435074,2.82415940057791,0.879022777098539,TRUE,0.4098,"distorsion_tamano_documentada","",0.944444444444444,0.944444444444444,2.71632287971553,
"R7","completa","F5_G3_R7","G3",8,"yoy_pp","ML.LGBM.G3",18,4.49207544322462,3.40302209047475,1.24133767440952,TRUE,0.4098,"distorsion_tamano_documentada","",0.888888888888889,0.888888888888889,3.07062251566887,
"R7","completa","F5_G3_R7","G3",8,"yoy_pp","ML.RF.G3",18,3.98095785187595,3.06905524090069,1.10009571838861,TRUE,0.4098,"distorsion_tamano_documentada","",0.888888888888889,0.888888888888889,2.92376558262109,
"R7","completa","F5_G3_R7","G3",8,"yoy_pp","MULT.BVAR.G3",18,33.0188776540836,9.47974899964837,9.12441861602169,TRUE,0.4098,"distorsion_tamano_documentada","",0.888888888888889,0.944444444444444,12.8188647547688,
"R7","completa","F5_G3_R7","G3",8,"yoy_pp","REG.ENET.G3",18,82.8983286988139,24.7955401816906,22.9080788735711,TRUE,0.2558,"distorsion_tamano_documentada","",0.833333333333333,0.833333333333333,24.3438845266789,
"R7","completa","F5_G3_R7","G3",8,"yoy_pp","REG.PCR.G3",18,5.0989419113975,3.07795858543261,1.40903882275401,TRUE,0.4098,"distorsion_tamano_documentada","",0.888888888888889,0.888888888888889,3.28973161070338,
"R7","completa","F5_G3_R7","G3",8,"yoy_pp","UNI.ARIMAX.G3",18,2.22896464635391,1.83315788017093,0.615950872913164,TRUE,0.4098,"distorsion_tamano_documentada","",0.888888888888889,0.944444444444444,1.93893357835659,
